"STATION","DATE","LATITUDE","LONGITUDE","ELEVATION","NAME","DP01","DP01_ATTRIBUTES","DP10","DP10_ATTRIBUTES","DP1X","DP1X_ATTRIBUTES","EMXP","EMXP_ATTRIBUTES","PRCP","PRCP_ATTRIBUTES"
"ASN00085035","1905-10","-37.8833","146.75","100.0","GLENMAGGIE THE LAURELS, AS","18",",a","12",",a","1",",a","76.2",",,a,18,","149.5",",,,a"
"ASN00085035","1905-11","-37.8833","146.75","100.0","GLENMAGGIE THE LAURELS, AS","8",",a","3",",a","0",",a","23.9",",,a,12,","34.8",",,,a"
"ASN00085035","1905-12","-37.8833","146.75","100.0","GLENMAGGIE THE LAURELS, AS","10",",a","8",",a","0",",a","23.9",",,a,03,","80.6",",,,a"
"ASN00085035","1906-01","-37.8833","146.75","100.0","GLENMAGGIE THE LAURELS, AS","2",",a","1",",a","0",",a","3.3",",,a,07,","5.3",",,,a"
"ASN00085035","1906-02","-37.8833","146.75","100.0","GLENMAGGIE THE LAURELS, AS","1",",a","1",",a","0",",a","6.1",",,a,19,","6.1",",,,a"
"ASN00085035","1906-03","-37.8833","146.75","100.0","GLENMAGGIE THE LAURELS, AS","11",",a","8",",a","2",",a","83.8",",,a,12,","187.8",",,,a"
"ASN00085035","1906-04","-37.8833","146.75","100.0","GLENMAGGIE THE LAURELS, AS","2",",a","0",",a","0",",a","2.3",",,a,19,","4.3",",,,a"
"ASN00085035","1906-05","-37.8833","146.75","100.0","GLENMAGGIE THE LAURELS, AS","6",",a","3",",a","0",",a","15.7",",,a,25,","30.2",",,,a"
"ASN00085035","1906-06","-37.8833","146.75","100.0","GLENMAGGIE THE LAURELS, AS","8",",a","5",",a","0",",a","10.4",",,a,30,","30.7",",,,a"
"ASN00085035","1906-07","-37.8833","146.75","100.0","GLENMAGGIE THE LAURELS, AS","8",",a","5",",a","0",",a","8.9",",,a,02,","28.7",",,,a"
"ASN00085035","1906-08","-37.8833","146.75","100.0","GLENMAGGIE THE LAURELS, AS","10",",a","5",",a","1",",a","58.7",",,a,31,","102.4",",,,a"
"ASN00085035","1906-09","-37.8833","146.75","100.0","GLENMAGGIE THE LAURELS, AS","11",",a","3",",a","0",",a","5.8",",,a,16,","23.4",",,,a"
"ASN00085035","1906-10","-37.8833","146.75","100.0","GLENMAGGIE THE LAURELS, AS","11",",a","8",",a","0",",a","20.3",",,a,02,","87.8",",,,a"
"ASN00085035","1906-11","-37.8833","146.75","100.0","GLENMAGGIE THE LAURELS, AS","11",",a","8",",a","0",",a","17.0",",,a,29,","65.8",",,,a"
"ASN00085035","1906-12","-37.8833","146.75","100.0","GLENMAGGIE THE LAURELS, AS","7",",a","6",",a","2",",a","38.6",",,a,23,","83.8",",,,a"
"ASN00085035","1907-01","-37.8833","146.75","100.0","GLENMAGGIE THE LAURELS, AS","4",",a","4",",a","0",",a","7.1",",,a,26,","20.6",",,,a"
"ASN00085035","1907-02","-37.8833","146.75","100.0","GLENMAGGIE THE LAURELS, AS","1",",a","1",",a","0",",a","9.4",",,a,07,","9.4",",,,a"
"ASN00085035","1907-03","-37.8833","146.75","100.0","GLENMAGGIE THE LAURELS, AS","3",",a","3",",a","0",",a","16.8",",,a,07,","26.7",",,,a"
"ASN00085035","1907-04","-37.8833","146.75","100.0","GLENMAGGIE THE LAURELS, AS","8",",a","6",",a","0",",a","11.7",",,a,30,","49.1",",,,a"
"ASN00085035","1907-05","-37.8833","146.75","100.0","GLENMAGGIE THE LAURELS, AS","4",",a","1",",a","0",",a","2.8",",,a,23,","8.7",",,,a"
"ASN00085035","1907-06","-37.8833","146.75","100.0","GLENMAGGIE THE LAURELS, AS","13",",a","9",",a","0",",a","24.6",",,a,11,","87.0",",,,a"
"ASN00085035","1907-07","-37.8833","146.75","100.0","GLENMAGGIE THE LAURELS, AS","6",",a","4",",a","0",",a","5.6",",,a,23,","20.9",",,,a"
"ASN00085035","1907-08","-37.8833","146.75","100.0","GLENMAGGIE THE LAURELS, AS","10",",a","6",",a","0",",a","14.5",",,a,04,","57.0",",,,a"
"ASN00085035","1907-09","-37.8833","146.75","100.0","GLENMAGGIE THE LAURELS, AS","9",",a","8",",a","0",",a","6.6",",,a,30,","37.0",",,,a"
"ASN00085035","1907-10","-37.8833","146.75","100.0","GLENMAGGIE THE LAURELS, AS","5",",a","5",",a","0",",a","8.4",",,a,31,","26.2",",,,a"
"ASN00085035","1907-11","-37.8833","146.75","100.0","GLENMAGGIE THE LAURELS, AS","5",",a","3",",a","0",",a","9.1",",,a,04,","23.8",",,,a"
"ASN00085035","1907-12","-37.8833","146.75","100.0","GLENMAGGIE THE LAURELS, AS","5",",a","5",",a","1",",a","66.3",",,a,27,","89.6",",,,a"
"ASN00085035","1908-01","-37.8833","146.75","100.0","GLENMAGGIE THE LAURELS, AS","4",",a","2",",a","0",",a","13.5",",,a,10,","24.4",",,,a"
"ASN00085035","1908-02","-37.8833","146.75","100.0","GLENMAGGIE THE LAURELS, AS","4",",a","3",",a","0",",a","11.2",",,a,09,","21.3",",,,a"
"ASN00085035","1908-03","-37.8833","146.75","100.0","GLENMAGGIE THE LAURELS, AS","3",",a","3",",a","0",",a","13.7",",,a,09,","28.4",",,,a"
"ASN00085035","1908-04","-37.8833","146.75","100.0","GLENMAGGIE THE LAURELS, AS","3",",a","2",",a","0",",a","4.1",",,a,16,","7.9",",,,a"
"ASN00085035","1908-05","-37.8833","146.75","100.0","GLENMAGGIE THE LAURELS, AS","5",",a","1",",a","0",",a","5.8",",,a,07,","10.2",",,,a"
"ASN00085035","1908-06","-37.8833","146.75","100.0","GLENMAGGIE THE LAURELS, AS","6",",a","5",",a","0",",a","6.6",",,a,19,","26.2",",,,a"
"ASN00085035","1908-07","-37.8833","146.75","100.0","GLENMAGGIE THE LAURELS, AS","10",",a","4",",a","0",",a","16.5",",,a,22,","36.9",",,,a"
"ASN00085035","1908-08","-37.8833","146.75","100.0","GLENMAGGIE THE LAURELS, AS","10",",a","7",",a","0",",a","7.6",",,a,03,","32.0",",,,a"
"ASN00085035","1908-09","-37.8833","146.75","100.0","GLENMAGGIE THE LAURELS, AS","18",",a","8",",a","0",",a","12.7",",,a,06,","55.8",",,,a"
"ASN00085035","1908-10","-37.8833","146.75","100.0","GLENMAGGIE THE LAURELS, AS","11",",a","4",",a","0",",a","15.2",",,a,07,","45.4",",,,a"
"ASN00085035","1908-11","-37.8833","146.75","100.0","GLENMAGGIE THE LAURELS, AS","5",",a","4",",a","0",",a","13.2",",,a,25,","30.4",",,,a"
"ASN00085035","1908-12","-37.8833","146.75","100.0","GLENMAGGIE THE LAURELS, AS","2",",a","1",",a","0",",a","9.7",",,a,22,","10.5",",,,a"
"ASN00085035","1909-01","-37.8833","146.75","100.0","GLENMAGGIE THE LAURELS, AS","10",",a","7",",a","0",",a","14.2",",,a,05,","40.8",",,,a"
"ASN00085035","1909-02","-37.8833","146.75","100.0","GLENMAGGIE THE LAURELS, AS","6",",a","5",",a","2",",a","50.8",",,a,27,","106.4",",,,a"
"ASN00085035","1909-03","-37.8833","146.75","100.0","GLENMAGGIE THE LAURELS, AS","7",",a","5",",a","0",",a","8.6",",,a,19,","28.6",",,,a"
"ASN00085035","1909-04","-37.8833","146.75","100.0","GLENMAGGIE THE LAURELS, AS","10",",a","5",",a","0",",a","10.9",",,a,30,","31.9",",,,a"
"ASN00085035","1909-05","-37.8833","146.75","100.0","GLENMAGGIE THE LAURELS, AS","5",",a","2",",a","0",",a","10.4",",,a,14,","19.8",",,,a"
"ASN00085035","1909-06","-37.8833","146.75","100.0","GLENMAGGIE THE LAURELS, AS","19",",a","9",",a","2",",a","39.6",",,a,12,","134.8",",,,a"
"ASN00085035","1909-07","-37.8833","146.75","100.0","GLENMAGGIE THE LAURELS, AS","10",",a","7",",a","3",",a","36.6",",,a,03,","116.0",",,,a"
"ASN00085035","1909-08","-37.8833","146.75","100.0","GLENMAGGIE THE LAURELS, AS","8",",a","6",",a","0",",a","10.2",",,a,12,","32.4",",,,a"
"ASN00085035","1909-09","-37.8833","146.75","100.0","GLENMAGGIE THE LAURELS, AS","12",",a","7",",a","1",",a","31.2",",,a,22,","85.3",",,,a"
"ASN00085035","1909-10","-37.8833","146.75","100.0","GLENMAGGIE THE LAURELS, AS","8",",a","5",",a","0",",a","11.4",",,a,17,","29.2",",,,a"
"ASN00085035","1909-11","-37.8833","146.75","100.0","GLENMAGGIE THE LAURELS, AS","4",",a","1",",a","0",",a","10.9",",,a,20,","15.0",",,,a"
"ASN00085035","1909-12","-37.8833","146.75","100.0","GLENMAGGIE THE LAURELS, AS","7",",a","6",",a","1",",a","26.7",",,a,01,","61.2",",,,a"
"ASN00085035","1910-01","-37.8833","146.75","100.0","GLENMAGGIE THE LAURELS, AS","8",",a","7",",a","1",",a","54.6",",,a,15,","128.8",",,,a"
"ASN00085035","1910-02","-37.8833","146.75","100.0","GLENMAGGIE THE LAURELS, AS","1",",a","1",",a","0",",a","4.8",",,a,05,","4.8",",,,a"
"ASN00085035","1910-03","-37.8833","146.75","100.0","GLENMAGGIE THE LAURELS, AS","2",",a","2",",a","0",",a","19.6",",,a,07,","24.9",",,,a"
"ASN00085035","1910-04","-37.8833","146.75","100.0","GLENMAGGIE THE LAURELS, AS","4",",a","3",",a","0",",a","5.6",",,a,27,+","16.8",",,,a"
"ASN00085035","1910-05","-37.8833","146.75","100.0","GLENMAGGIE THE LAURELS, AS","6",",a","4",",a","0",",a","10.2",",,a,27,","28.4",",,,a"
"ASN00085035","1910-06","-37.8833","146.75","100.0","GLENMAGGIE THE LAURELS, AS","6",",a","5",",a","0",",a","4.8",",,a,14,","21.4",",,,a"
"ASN00085035","1910-07","-37.8833","146.75","100.0","GLENMAGGIE THE LAURELS, AS","9",",a","6",",a","0",",a","13.2",",,a,23,","41.1",",,,a"
"ASN00085035","1910-08","-37.8833","146.75","100.0","GLENMAGGIE THE LAURELS, AS","5",",a","2",",a","0",",a","15.5",",,a,31,","27.6",",,,a"
"ASN00085035","1910-09","-37.8833","146.75","100.0","GLENMAGGIE THE LAURELS, AS","11",",a","8",",a","1",",a","49.5",",,a,28,","116.6",",,,a"
"ASN00085035","1910-10","-37.8833","146.75","100.0","GLENMAGGIE THE LAURELS, AS","11",",a","6",",a","0",",a","10.7",",,a,29,","45.5",",,,a"
"ASN00085035","1910-11","-37.8833","146.75","100.0","GLENMAGGIE THE LAURELS, AS","8",",a","7",",a","0",",a","22.4",",,a,04,","76.7",",,,a"
"ASN00085035","1910-12","-37.8833","146.75","100.0","GLENMAGGIE THE LAURELS, AS","10",",a","7",",a","0",",a","18.8",",,a,10,","62.4",",,,a"
"ASN00085035","1911-01","-37.8833","146.75","100.0","GLENMAGGIE THE LAURELS, AS","9",",a","8",",a","2",",a","79.2",",,a,14,","206.8",",,,a"
"ASN00085035","1911-02","-37.8833","146.75","100.0","GLENMAGGIE THE LAURELS, AS","8",",a","6",",a","0",",a","23.4",",,a,14,","63.7",",,,a"
"ASN00085035","1911-03","-37.8833","146.75","100.0","GLENMAGGIE THE LAURELS, AS","9",",a","8",",a","2",",a","26.9",",,a,08,","104.6",",,,a"
"ASN00085035","1911-04","-37.8833","146.75","100.0","GLENMAGGIE THE LAURELS, AS","4",",a","3",",a","0",",a","3.8",",,a,13,","10.6",",,,a"
"ASN00085035","1911-05","-37.8833","146.75","100.0","GLENMAGGIE THE LAURELS, AS","10",",a","8",",a","0",",a","19.3",",,a,10,","85.1",",,,a"
"ASN00085035","1911-06","-37.8833","146.75","100.0","GLENMAGGIE THE LAURELS, AS","11",",a","7",",a","2",",a","29.7",",,a,20,","115.2",",,,a"
"ASN00085035","1911-07","-37.8833","146.75","100.0","GLENMAGGIE THE LAURELS, AS","9",",a","5",",a","0",",a","8.4",",,a,30,","31.2",",,,a"
"ASN00085035","1911-08","-37.8833","146.75","100.0","GLENMAGGIE THE LAURELS, AS","8",",a","6",",a","0",",a","16.3",",,a,23,","39.3",",,,a"
"ASN00085035","1911-09","-37.8833","146.75","100.0","GLENMAGGIE THE LAURELS, AS","8",",a","7",",a","0",",a","12.2",",,a,04,","60.3",",,,a"
"ASN00085035","1911-10","-37.8833","146.75","100.0","GLENMAGGIE THE LAURELS, AS","5",",a","5",",a","0",",a","10.9",",,a,03,","30.7",",,,a"
"ASN00085035","1911-11","-37.8833","146.75","100.0","GLENMAGGIE THE LAURELS, AS","4",",a","2",",a","1",",a","26.9",",,a,01,","34.5",",,,a"
"ASN00085035","1911-12","-37.8833","146.75","100.0","GLENMAGGIE THE LAURELS, AS","9",",a","7",",a","1",",a","32.5",",,a,13,","70.9",",,,a"
"ASN00085035","1912-01","-37.8833","146.75","100.0","GLENMAGGIE THE LAURELS, AS","3",",a","3",",a","0",",a","12.2",",,a,06,","18.6",",,,a"
"ASN00085035","1912-02","-37.8833","146.75","100.0","GLENMAGGIE THE LAURELS, AS","3",",a","2",",a","1",",a","29.7",",,a,09,","50.5",",,,a"
"ASN00085035","1912-03","-37.8833","146.75","100.0","GLENMAGGIE THE LAURELS, AS","3",",a","3",",a","0",",a","3.3",",,a,30,+","9.1",",,,a"
"ASN00085035","1912-04","-37.8833","146.75","100.0","GLENMAGGIE THE LAURELS, AS","7",",a","3",",a","0",",a","5.3",",,a,02,","17.6",",,,a"
"ASN00085035","1912-05","-37.8833","146.75","100.0","GLENMAGGIE THE LAURELS, AS","5",",a","1",",a","0",",a","16.3",",,a,23,","21.2",",,,a"
"ASN00085035","1912-06","-37.8833","146.75","100.0","GLENMAGGIE THE LAURELS, AS","7",",a","4",",a","0",",a","9.7",",,a,10,","34.5",",,,a"
"ASN00085035","1912-07","-37.8833","146.75","100.0","GLENMAGGIE THE LAURELS, AS","10",",a","8",",a","1",",a","38.1",",,a,25,","99.4",",,,a"
"ASN00085035","1912-08","-37.8833","146.75","100.0","GLENMAGGIE THE LAURELS, AS","8",",a","3",",a","0",",a","11.7",",,a,04,","25.7",",,,a"
"ASN00085035","1912-09","-37.8833","146.75","100.0","GLENMAGGIE THE LAURELS, AS","15",",a","9",",a","0",",a","22.6",",,a,15,","85.7",",,,a"
"ASN00085035","1912-10","-37.8833","146.75","100.0","GLENMAGGIE THE LAURELS, AS","5",",a","4",",a","0",",a","10.9",",,a,11,","28.2",",,,a"
"ASN00085035","1912-11","-37.8833","146.75","100.0","GLENMAGGIE THE LAURELS, AS","8",",a","7",",a","0",",a","22.1",",,a,16,","80.3",",,,a"
"ASN00085035","1912-12","-37.8833","146.75","100.0","GLENMAGGIE THE LAURELS, AS","8",",a","6",",a","0",",a","12.2",",,a,06,","40.4",",,,a"
"ASN00085035","1913-01","-37.8833","146.75","100.0","GLENMAGGIE THE LAURELS, AS","1",",a","1",",a","0",",a","16.0",",,a,03,","16.0",",,,a"
"ASN00085035","1913-02","-37.8833","146.75","100.0","GLENMAGGIE THE LAURELS, AS","4",",a","2",",a","0",",a","18.5",",,a,16,","24.2",",,,a"
"ASN00085035","1913-03","-37.8833","146.75","100.0","GLENMAGGIE THE LAURELS, AS","16",",a","11",",a","1",",a","46.0",",,a,10,","152.1",",,,a"
"ASN00085035","1913-04","-37.8833","146.75","100.0","GLENMAGGIE THE LAURELS, AS","6",",a","3",",a","1",",a","29.7",",,a,24,","45.3",",,,a"
"ASN00085035","1913-05","-37.8833","146.75","100.0","GLENMAGGIE THE LAURELS, AS","10",",a","6",",a","1",",a","49.3",",,a,31,","79.8",",,,a"
"ASN00085035","1913-06","-37.8833","146.75","100.0","GLENMAGGIE THE LAURELS, AS","16",",a","8",",a","0",",a","16.8",",,a,29,","72.3",",,,a"
"ASN00085035","1913-07","-37.8833","146.75","100.0","GLENMAGGIE THE LAURELS, AS","7",",a","1",",a","0",",a","8.9",",,a,01,","13.6",",,,a"
"ASN00085035","1913-08","-37.8833","146.75","100.0","GLENMAGGIE THE LAURELS, AS","10",",a","7",",a","0",",a","7.6",",,a,22,","36.3",",,,a"
"ASN00085035","1913-09","-37.8833","146.75","100.0","GLENMAGGIE THE LAURELS, AS","9",",a","2",",a","0",",a","5.1",",,a,19,","13.9",",,,a"
"ASN00085035","1913-10","-37.8833","146.75","100.0","GLENMAGGIE THE LAURELS, AS","10",",a","8",",a","0",",a","16.3",",,a,16,","74.2",",,,a"
"ASN00085035","1913-11","-37.8833","146.75","100.0","GLENMAGGIE THE LAURELS, AS","13",",a","11",",a","0",",a","11.4",",,a,24,","78.9",",,,a"
"ASN00085035","1913-12","-37.8833","146.75","100.0","GLENMAGGIE THE LAURELS, AS","1",",a","1",",a","0",",a","6.6",",,a,24,","6.6",",,,a"
"ASN00085035","1914-01","-37.8833","146.75","100.0","GLENMAGGIE THE LAURELS, AS","5",",a","4",",a","0",",a","8.6",",,a,28,","26.6",",,,a"
"ASN00085035","1914-02","-37.8833","146.75","100.0","GLENMAGGIE THE LAURELS, AS","0",",a","0",",a","0",",a","0.0",",,a,28,+","0.0",",,,a"
"ASN00085035","1914-03","-37.8833","146.75","100.0","GLENMAGGIE THE LAURELS, AS","7",",a","4",",a","0",",a","16.5",",,a,28,","41.2",",,,a"
"ASN00085035","1914-04","-37.8833","146.75","100.0","GLENMAGGIE THE LAURELS, AS","5",",a","2",",a","0",",a","8.4",",,a,21,","15.5",",,,a"
"ASN00085035","1914-05","-37.8833","146.75","100.0","GLENMAGGIE THE LAURELS, AS","7",",a","4",",a","0",",a","11.2",",,a,13,","28.2",",,,a"
"ASN00085035","1914-06","-37.8833","146.75","100.0","GLENMAGGIE THE LAURELS, AS","2",",a","2",",a","0",",a","12.4",",,a,16,","18.5",",,,a"
"ASN00085035","1914-07","-37.8833","146.75","100.0","GLENMAGGIE THE LAURELS, AS","14",",a","10",",a","0",",a","15.0",",,a,19,","78.7",",,,a"
"ASN00085035","1914-08","-37.8833","146.75","100.0","GLENMAGGIE THE LAURELS, AS","3",",a","1",",a","0",",a","3.3",",,a,30,","4.1",",,,a"
"ASN00085035","1914-09","-37.8833","146.75","100.0","GLENMAGGIE THE LAURELS, AS","7",",a","4",",a","0",",a","16.3",",,a,20,","46.8",",,,a"
"ASN00085035","1914-10","-37.8833","146.75","100.0","GLENMAGGIE THE LAURELS, AS","5",",a","1",",a","0",",a","3.0",",,a,17,","5.3",",,,a"
"ASN00085035","1914-11","-37.8833","146.75","100.0","GLENMAGGIE THE LAURELS, AS","9",",a","5",",a","0",",a","11.9",",,a,26,","31.5",",,,a"
"ASN00085035","1914-12","-37.8833","146.75","100.0","GLENMAGGIE THE LAURELS, AS","11",",a","8",",a","1",",a","27.2",",,a,15,","83.9",",,,a"
"ASN00085035","1915-01","-37.8833","146.75","100.0","GLENMAGGIE THE LAURELS, AS","8",",a","5",",a","2",",a","36.1",",,a,08,","91.6",",,,a"
"ASN00085035","1915-02","-37.8833","146.75","100.0","GLENMAGGIE THE LAURELS, AS","5",",a","2",",a","0",",a","6.6",",,a,21,","13.2",",,,a"
"ASN00085035","1915-03","-37.8833","146.75","100.0","GLENMAGGIE THE LAURELS, AS","1",",a","0",",a","0",",a","1.8",",,a,15,","1.8",",,,a"
"ASN00085035","1915-04","-37.8833","146.75","100.0","GLENMAGGIE THE LAURELS, AS","4",",a","3",",a","0",",a","4.6",",,a,11,","11.4",",,,a"
"ASN00085035","1915-05","-37.8833","146.75","100.0","GLENMAGGIE THE LAURELS, AS","8",",a","5",",a","0",",a","12.4",",,a,18,","34.9",",,,a"
"ASN00085035","1915-06","-37.8833","146.75","100.0","GLENMAGGIE THE LAURELS, AS","8",",a","5",",a","0",",a","17.5",",,a,09,","45.7",",,,a"
"ASN00085035","1915-07","-37.8833","146.75","100.0","GLENMAGGIE THE LAURELS, AS","9",",a","2",",a","0",",a","7.4",",,a,19,","18.3",",,,a"
"ASN00085035","1915-08","-37.8833","146.75","100.0","GLENMAGGIE THE LAURELS, AS","13",",a","7",",a","0",",a","6.9",",,a,12,","38.5",",,,a"
"ASN00085035","1915-09","-37.8833","146.75","100.0","GLENMAGGIE THE LAURELS, AS","12",",a","7",",a","0",",a","18.0",",,a,27,","59.7",",,,a"
"ASN00085035","1915-10","-37.8833","146.75","100.0","GLENMAGGIE THE LAURELS, AS","12",",a","8",",a","0",",a","17.8",",,a,13,","75.5",",,,a"
"ASN00085035","1915-11","-37.8833","146.75","100.0","GLENMAGGIE THE LAURELS, AS","11",",a","5",",a","0",",a","7.1",",,a,29,","28.9",",,,a"
"ASN00085035","1915-12","-37.8833","146.75","100.0","GLENMAGGIE THE LAURELS, AS","5",",a","2",",a","0",",a","5.6",",,a,15,","13.2",",,,a"
"ASN00085035","1916-01","-37.8833","146.75","100.0","GLENMAGGIE THE LAURELS, AS","6",",a","3",",a","1",",a","34.3",",,a,29,","52.9",",,,a"
"ASN00085035","1916-02","-37.8833","146.75","100.0","GLENMAGGIE THE LAURELS, AS","9",",a","8",",a","3",",a","153.7",",,a,28,","248.9",",,,a"
"ASN00085035","1916-03","-37.8833","146.75","100.0","GLENMAGGIE THE LAURELS, AS","4",",a","3",",a","0",",a","21.6",",,a,07,","42.4",",,,a"
"ASN00085035","1916-04","-37.8833","146.75","100.0","GLENMAGGIE THE LAURELS, AS","5",",a","4",",a","0",",a","7.9",",,a,25,","21.9",",,,a"
"ASN00085035","1916-05","-37.8833","146.75","100.0","GLENMAGGIE THE LAURELS, AS","5",",a","3",",a","0",",a","6.6",",,a,14,","17.1",",,,a"
"ASN00085035","1916-06","-37.8833","146.75","100.0","GLENMAGGIE THE LAURELS, AS","7",",a","4",",a","0",",a","18.0",",,a,30,","38.3",",,,a"
"ASN00085035","1916-07","-37.8833","146.75","100.0","GLENMAGGIE THE LAURELS, AS","9",",a","3",",a","0",",a","24.4",",,a,02,","43.8",",,,a"
"ASN00085035","1916-08","-37.8833","146.75","100.0","GLENMAGGIE THE LAURELS, AS","7",",a","4",",a","0",",a","7.9",",,a,28,","22.6",",,,a"
"ASN00085035","1916-09","-37.8833","146.75","100.0","GLENMAGGIE THE LAURELS, AS","12",",a","11",",a","3",",a","146.8",",,a,27,","345.7",",,,a"
"ASN00085035","1916-10","-37.8833","146.75","100.0","GLENMAGGIE THE LAURELS, AS","13",",a","10",",a","0",",a","19.8",",,a,05,","78.6",",,,a"
"ASN00085035","1916-11","-37.8833","146.75","100.0","GLENMAGGIE THE LAURELS, AS","10",",a","7",",a","0",",a","15.2",",,a,13,","55.6",",,,a"
"ASN00085035","1916-12","-37.8833","146.75","100.0","GLENMAGGIE THE LAURELS, AS","6",",a","6",",a","0",",a","9.9",",,a,14,","37.3",",,,a"
"ASN00085035","1917-01","-37.8833","146.75","100.0","GLENMAGGIE THE LAURELS, AS","7",",a","5",",a","1",",a","26.4",",,a,13,","56.5",",,,a"
"ASN00085035","1917-02","-37.8833","146.75","100.0","GLENMAGGIE THE LAURELS, AS","10",",a","7",",a","0",",a","20.3",",,a,03,","59.7",",,,a"
"ASN00085035","1917-03","-37.8833","146.75","100.0","GLENMAGGIE THE LAURELS, AS","7",",a","6",",a","0",",a","15.7",",,a,31,","37.3",",,,a"
"ASN00085035","1917-04","-37.8833","146.75","100.0","GLENMAGGIE THE LAURELS, AS","6",",a","5",",a","0",",a","15.7",",,a,07,","35.3",",,,a"
"ASN00085035","1917-05","-37.8833","146.75","100.0","GLENMAGGIE THE LAURELS, AS","4",",a","3",",a","0",",a","7.1",",,a,24,","20.0",",,,a"
"ASN00085035","1917-06","-37.8833","146.75","100.0","GLENMAGGIE THE LAURELS, AS","8",",a","5",",a","0",",a","14.7",",,a,12,","51.2",",,,a"
"ASN00085035","1917-07","-37.8833","146.75","100.0","GLENMAGGIE THE LAURELS, AS","10",",a","6",",a","0",",a","12.2",",,a,28,","39.4",",,,a"
"ASN00085035","1917-08","-37.8833","146.75","100.0","GLENMAGGIE THE LAURELS, AS","8",",a","5",",a","0",",a","8.9",",,a,02,","35.3",",,,a"
"ASN00085035","1917-09","-37.8833","146.75","100.0","GLENMAGGIE THE LAURELS, AS","8",",a","5",",a","0",",a","25.1",",,a,17,","58.3",",,,a"
"ASN00085035","1917-10","-37.8833","146.75","100.0","GLENMAGGIE THE LAURELS, AS","14",",a","11",",a","0",",a","14.0",",,a,18,+","91.4",",,,a"
"ASN00085035","1917-11","-37.8833","146.75","100.0","GLENMAGGIE THE LAURELS, AS","5",",a","5",",a","0",",a","15.5",",,a,15,","50.5",",,,a"
"ASN00085035","1917-12","-37.8833","146.75","100.0","GLENMAGGIE THE LAURELS, AS","4",",a","4",",a","2",",a","50.0",",,a,31,","108.9",",,,a"
"ASN00085035","1918-01","-37.8833","146.75","100.0","GLENMAGGIE THE LAURELS, AS","8",",a","8",",a","2",",a","37.1",",,a,30,","145.3",",,,a"
"ASN00085035","1918-02","-37.8833","146.75","100.0","GLENMAGGIE THE LAURELS, AS","5",",a","5",",a","0",",a","7.6",",,a,03,","25.5",",,,a"
"ASN00085035","1918-03","-37.8833","146.75","100.0","GLENMAGGIE THE LAURELS, AS","6",",a","6",",a","0",",a","15.2",",,a,28,","53.3",",,,a"
"ASN00085035","1918-04","-37.8833","146.75","100.0","GLENMAGGIE THE LAURELS, AS","7",",a","4",",a","0",",a","7.6",",,a,27,","23.9",",,,a"
"ASN00085035","1918-05","-37.8833","146.75","100.0","GLENMAGGIE THE LAURELS, AS","6",",a","4",",a","1",",a","38.1",",,a,16,","72.5",",,,a"
"ASN00085035","1918-06","-37.8833","146.75","100.0","GLENMAGGIE THE LAURELS, AS","6",",a","5",",a","1",",a","86.4",",,a,06,","136.7",",,,a"
"ASN00085035","1918-07","-37.8833","146.75","100.0","GLENMAGGIE THE LAURELS, AS","10",",a","8",",a","1",",a","35.6",",,a,24,","99.4",",,,a"
"ASN00085035","1918-08","-37.8833","146.75","100.0","GLENMAGGIE THE LAURELS, AS","4",",a","4",",a","0",",a","6.1",",,a,22,","16.9",",,,a"
"ASN00085035","1918-09","-37.8833","146.75","100.0","GLENMAGGIE THE LAURELS, AS","5",",a","4",",a","0",",a","13.7",",,a,04,","40.9",",,,a"
"ASN00085035","1918-10","-37.8833","146.75","100.0","GLENMAGGIE THE LAURELS, AS","7",",a","5",",a","0",",a","14.5",",,a,14,","34.1",",,,a"
"ASN00085035","1918-11","-37.8833","146.75","100.0","GLENMAGGIE THE LAURELS, AS","4",",a","2",",a","0",",a","3.8",",,a,14,","10.1",",,,a"
"ASN00085035","1918-12","-37.8833","146.75","100.0","GLENMAGGIE THE LAURELS, AS","6",",a","4",",a","0",",a","9.1",",,a,24,","26.4",",,,a"
"ASN00085035","1919-01","-37.8833","146.75","100.0","GLENMAGGIE THE LAURELS, AS","1",",a","0",",a","0",",a","2.3",",,a,07,","2.3",",,,a"
"ASN00085035","1919-02","-37.8833","146.75","100.0","GLENMAGGIE THE LAURELS, AS","6",",a","4",",a","2",",a","96.8",",,a,27,","163.6",",,,a"
"ASN00085035","1919-03","-37.8833","146.75","100.0","GLENMAGGIE THE LAURELS, AS","6",",a","3",",a","2",",a","33.0",",,a,05,","90.5",",,,a"
"ASN00085035","1919-04","-37.8833","146.75","100.0","GLENMAGGIE THE LAURELS, AS","3",",a","3",",a","0",",a","18.8",",,a,01,","25.4",",,,a"
"ASN00085035","1919-05","-37.8833","146.75","100.0","GLENMAGGIE THE LAURELS, AS","5",",a","4",",a","1",",a","71.1",",,a,23,","94.3",",,,a"
"ASN00085035","1919-06","-37.8833","146.75","100.0","GLENMAGGIE THE LAURELS, AS","9",",a","6",",a","0",",a","14.5",",,a,19,","41.0",",,,a"
"ASN00085035","1919-07","-37.8833","146.75","100.0","GLENMAGGIE THE LAURELS, AS","4",",a","4",",a","0",",a","8.1",",,a,28,","22.4",",,,a"
"ASN00085035","1919-08","-37.8833","146.75","100.0","GLENMAGGIE THE LAURELS, AS","5",",a","4",",a","2",",a","95.3",",,a,28,","157.3",",,,a"
"ASN00085035","1919-09","-37.8833","146.75","100.0","GLENMAGGIE THE LAURELS, AS","9",",a","7",",a","0",",a","9.7",",,a,14,","49.8",",,,a"
"ASN00085035","1919-10","-37.8833","146.75","100.0","GLENMAGGIE THE LAURELS, AS","3",",a","2",",a","1",",a","30.2",",,a,21,","35.3",",,,a"
"ASN00085035","1919-11","-37.8833","146.75","100.0","GLENMAGGIE THE LAURELS, AS","6",",a","5",",a","2",",a","29.7",",,a,14,","71.4",",,,a"
"ASN00085035","1919-12","-37.8833","146.75","100.0","GLENMAGGIE THE LAURELS, AS","10",",a","8",",a","1",",a","52.1",",,a,05,","124.1",",,,a"
"ASN00085035","1920-01","-37.8833","146.75","100.0","GLENMAGGIE THE LAURELS, AS","8",",a","6",",a","0",",a","23.6",",,a,05,","61.9",",,,a"
"ASN00085035","1920-02","-37.8833","146.75","100.0","GLENMAGGIE THE LAURELS, AS","0",",a","0",",a","0",",a","0.0",",,a,29,+","0.0",",,,a"
"ASN00085035","1920-03","-37.8833","146.75","100.0","GLENMAGGIE THE LAURELS, AS","4",",a","4",",a","1",",a","26.7",",,a,06,","59.0",",,,a"
"ASN00085035","1920-04","-37.8833","146.75","100.0","GLENMAGGIE THE LAURELS, AS","9",",a","6",",a","1",",a","26.7",",,a,13,","73.9",",,,a"
"ASN00085035","1920-05","-37.8833","146.75","100.0","GLENMAGGIE THE LAURELS, AS","4",",a","4",",a","0",",a","6.9",",,a,16,","17.2",",,,a"
"ASN00085035","1920-06","-37.8833","146.75","100.0","GLENMAGGIE THE LAURELS, AS","4",",a","3",",a","0",",a","7.6",",,a,13,","17.8",",,,a"
"ASN00085035","1920-07","-37.8833","146.75","100.0","GLENMAGGIE THE LAURELS, AS","5",",a","4",",a","0",",a","8.9",",,a,10,","23.4",",,,a"
"ASN00085035","1920-08","-37.8833","146.75","100.0","GLENMAGGIE THE LAURELS, AS","8",",a","6",",a","0",",a","13.0",",,a,25,","36.5",",,,a"
"ASN00085035","1920-09","-37.8833","146.75","100.0","GLENMAGGIE THE LAURELS, AS","7",",a","6",",a","0",",a","16.8",",,a,07,","47.1",",,,a"
"ASN00085035","1920-10","-37.8833","146.75","100.0","GLENMAGGIE THE LAURELS, AS","11",",a","9",",a","1",",a","53.1",",,a,24,","101.6",",,,a"
"ASN00085035","1920-11","-37.8833","146.75","100.0","GLENMAGGIE THE LAURELS, AS","6",",a","5",",a","0",",a","16.0",",,a,15,","45.4",",,,a"
"ASN00085035","1920-12","-37.8833","146.75","100.0","GLENMAGGIE THE LAURELS, AS","6",",a","6",",a","2",",a","27.7",",,a,13,","87.7",",,,a"
"ASN00085035","1921-01","-37.8833","146.75","100.0","GLENMAGGIE THE LAURELS, AS","2",",a","2",",a","0",",a","18.8",",,a,03,","32.8",",,,a"
"ASN00085035","1921-02","-37.8833","146.75","100.0","GLENMAGGIE THE LAURELS, AS","8",",a","8",",a","1",",a","40.6",",,a,17,","91.2",",,,a"
"ASN00085035","1921-03","-37.8833","146.75","100.0","GLENMAGGIE THE LAURELS, AS","4",",a","3",",a","0",",a","11.2",",,a,16,","21.1",",,,a"
"ASN00085035","1921-04","-37.8833","146.75","100.0","GLENMAGGIE THE LAURELS, AS","6",",a","2",",a","0",",a","8.4",",,a,08,","22.2",",,,a"
"ASN00085035","1921-05","-37.8833","146.75","100.0","GLENMAGGIE THE LAURELS, AS","6",",a","5",",a","0",",a","15.2",",,a,21,","36.0",",,,a"
"ASN00085035","1921-06","-37.8833","146.75","100.0","GLENMAGGIE THE LAURELS, AS","4",",a","2",",a","0",",a","7.1",",,a,09,","16.6",",,,a"
"ASN00085035","1921-07","-37.8833","146.75","100.0","GLENMAGGIE THE LAURELS, AS","6",",a","6",",a","1",",a","27.7",",,a,17,","52.6",",,,a"
"ASN00085035","1921-08","-37.8833","146.75","100.0","GLENMAGGIE THE LAURELS, AS","6",",a","5",",a","0",",a","15.7",",,a,05,+","45.3",",,,a"
"ASN00085035","1921-09","-37.8833","146.75","100.0","GLENMAGGIE THE LAURELS, AS","9",",a","8",",a","0",",a","12.7",",,a,09,","62.8",",,,a"
"ASN00085035","1921-10","-37.8833","146.75","100.0","GLENMAGGIE THE LAURELS, AS","6",",a","5",",a","0",",a","16.3",",,a,18,","49.8",",,,a"
"ASN00085035","1921-11","-37.8833","146.75","100.0","GLENMAGGIE THE LAURELS, AS","5",",a","4",",a","0",",a","12.7",",,a,15,","27.4",",,,a"
"ASN00085035","1921-12","-37.8833","146.75","100.0","GLENMAGGIE THE LAURELS, AS","7",",a","6",",a","0",",a","16.8",",,a,02,","56.5",",,,a"
"ASN00085035","1922-01","-37.8833","146.75","100.0","GLENMAGGIE THE LAURELS, AS","4",",a","4",",a","1",",a","26.9",",,a,09,","65.3",",,,a"
"ASN00085035","1922-02","-37.8833","146.75","100.0","GLENMAGGIE THE LAURELS, AS","5",",a","5",",a","0",",a","16.5",",,a,22,","44.5",",,,a"
"ASN00085035","1922-03","-37.8833","146.75","100.0","GLENMAGGIE THE LAURELS, AS","2",",a","2",",a","0",",a","8.9",",,a,20,","16.5",",,,a"
"ASN00085035","1922-04","-37.8833","146.75","100.0","GLENMAGGIE THE LAURELS, AS","4",",a","3",",a","0",",a","11.4",",,a,18,","22.1",",,,a"
"ASN00085035","1922-05","-37.8833","146.75","100.0","GLENMAGGIE THE LAURELS, AS","6",",a","4",",a","0",",a","10.2",",,a,04,","28.2",",,,a"
"ASN00085035","1922-06","-37.8833","146.75","100.0","GLENMAGGIE THE LAURELS, AS","7",",a","5",",a","2",",a","74.9",",,a,06,","119.4",",,,a"
"ASN00085035","1922-07","-37.8833","146.75","100.0","GLENMAGGIE THE LAURELS, AS","8",",a","5",",a","1",",a","36.8",",,a,29,","57.4",",,,a"
"ASN00085035","1922-08","-37.8833","146.75","100.0","GLENMAGGIE THE LAURELS, AS","5",",a","3",",a","0",",a","9.7",",,a,29,","23.7",",,,a"
"ASN00085035","1922-09","-37.8833","146.75","100.0","GLENMAGGIE THE LAURELS, AS","7",",a","7",",a","2",",a","52.1",",,a,08,","144.8",",,,a"
"ASN00085035","1922-10","-37.8833","146.75","100.0","GLENMAGGIE THE LAURELS, AS","12",",a","9",",a","0",",a","20.6",",,a,30,","68.7",",,,a"
"ASN00085035","1922-11","-37.8833","146.75","100.0","GLENMAGGIE THE LAURELS, AS","3",",a","3",",a","0",",a","9.1",",,a,24,","21.6",",,,a"
"ASN00085035","1922-12","-37.8833","146.75","100.0","GLENMAGGIE THE LAURELS, AS","4",",a","3",",a","0",",a","16.0",",,a,30,","33.8",",,,a"
"ASN00085035","1923-01","-37.8833","146.75","100.0","GLENMAGGIE THE LAURELS, AS","3",",a","3",",a","0",",a","17.0",",,a,19,","32.8",",,,a"
"ASN00085035","1923-02","-37.8833","146.75","100.0","GLENMAGGIE THE LAURELS, AS","2",",a","1",",a","0",",a","4.8",",,a,01,","7.1",",,,a"
"ASN00085035","1923-03","-37.8833","146.75","100.0","GLENMAGGIE THE LAURELS, AS","1",",a","1",",a","0",",a","10.2",",,a,19,","10.2",",,,a"
"ASN00085035","1923-04","-37.8833","146.75","100.0","GLENMAGGIE THE LAURELS, AS","1",",a","0",",a","0",",a","1.0",",,a,25,","1.0",",,,a"
"ASN00085035","1923-05","-37.8833","146.75","100.0","GLENMAGGIE THE LAURELS, AS","11",",a","9",",a","0",",a","17.8",",,a,20,","65.7",",,,a"
"ASN00085035","1923-06","-37.8833","146.75","100.0","GLENMAGGIE THE LAURELS, AS","6",",a","4",",a","1",",a","53.3",",,a,04,","83.2",",,,a"
"ASN00085035","1923-07","-37.8833","146.75","100.0","GLENMAGGIE THE LAURELS, AS","7",",a","6",",a","0",",a","17.0",",,a,31,","57.8",",,,a"
"ASN00085035","1923-08","-37.8833","146.75","100.0","GLENMAGGIE THE LAURELS, AS","4",",a","4",",a","0",",a","6.9",",,a,14,","20.7",",,,a"
"ASN00085035","1923-09","-37.8833","146.75","100.0","GLENMAGGIE THE LAURELS, AS","12",",a","10",",a","2",",a","34.8",",,a,06,","113.6",",,,a"
"ASN00085035","1923-10","-37.8833","146.75","100.0","GLENMAGGIE THE LAURELS, AS","9",",a","7",",a","0",",a","22.1",",,a,12,","76.4",",,,a"
"ASN00085035","1923-11","-37.8833","146.75","100.0","GLENMAGGIE THE LAURELS, AS","7",",a","6",",a","1",",a","26.4",",,a,04,","53.9",",,,a"
"ASN00085035","1923-12","-37.8833","146.75","100.0","GLENMAGGIE THE LAURELS, AS","9",",a","9",",a","1",",a","29.2",",,a,26,","84.1",",,,a"
"ASN00085035","1924-01","-37.8833","146.75","100.0","GLENMAGGIE THE LAURELS, AS","6",",a","6",",a","1",",a","32.0",",,a,03,","97.0",",,,a"
"ASN00085035","1924-02","-37.8833","146.75","100.0","GLENMAGGIE THE LAURELS, AS","9",",a","9",",a","1",",a","26.7",",,a,20,","97.7",",,,a"
"ASN00085035","1924-03","-37.8833","146.75","100.0","GLENMAGGIE THE LAURELS, AS","5",",a","3",",a","0",",a","12.2",",,a,27,","27.6",",,,a"
"ASN00085035","1924-04","-37.8833","146.75","100.0","GLENMAGGIE THE LAURELS, AS","5",",a","4",",a","0",",a","14.5",",,a,02,","32.8",",,,a"
"ASN00085035","1924-05","-37.8833","146.75","100.0","GLENMAGGIE THE LAURELS, AS","5",",a","4",",a","0",",a","23.1",",,a,21,","37.4",",,,a"
"ASN00085035","1924-06","-37.8833","146.75","100.0","GLENMAGGIE THE LAURELS, AS","2",",a","1",",a","0",",a","5.8",",,a,26,","6.6",",,,a"
"ASN00085035","1924-07","-37.8833","146.75","100.0","GLENMAGGIE THE LAURELS, AS","6",",a","4",",a","0",",a","16.0",",,a,31,","31.8",",,,a"
"ASN00085035","1924-08","-37.8833","146.75","100.0","GLENMAGGIE THE LAURELS, AS","7",",a","6",",a","0",",a","22.1",",,a,03,","74.2",",,,a"
"ASN00085035","1924-09","-37.8833","146.75","100.0","GLENMAGGIE THE LAURELS, AS","12",",a","8",",a","0",",a","12.4",",,a,29,","63.4",",,,a"
"ASN00085035","1924-10","-37.8833","146.75","100.0","GLENMAGGIE THE LAURELS, AS","8",",a","7",",a","0",",a","17.5",",,a,15,","79.5",",,,a"
"ASN00085035","1924-11","-37.8833","146.75","100.0","GLENMAGGIE THE LAURELS, AS","8",",a","7",",a","0",",a","14.5",",,a,06,","69.7",",,,a"
"ASN00085035","1924-12","-37.8833","146.75","100.0","GLENMAGGIE THE LAURELS, AS","6",",a","6",",a","0",",a","18.0",",,a,26,","76.4",",,,a"
"ASN00085035","1925-01","-37.8833","146.75","100.0","GLENMAGGIE THE LAURELS, AS","5",",a","5",",a","1",",a","46.5",",,a,13,","94.3",",,,a"
"ASN00085035","1925-02","-37.8833","146.75","100.0","GLENMAGGIE THE LAURELS, AS","9",",a","9",",a","0",",a","22.1",",,a,10,","90.3",",,,a"
"ASN00085035","1925-03","-37.8833","146.75","100.0","GLENMAGGIE THE LAURELS, AS","3",",a","3",",a","0",",a","18.5",",,a,04,","39.6",",,,a"
"ASN00085035","1925-04","-37.8833","146.75","100.0","GLENMAGGIE THE LAURELS, AS","5",",a","3",",a","0",",a","13.5",",,a,02,","27.7",",,,a"
"ASN00085035","1925-05","-37.8833","146.75","100.0","GLENMAGGIE THE LAURELS, AS","8",",a","8",",a","1",",a","45.0",",,a,12,","112.8",",,,a"
"ASN00085035","1925-06","-37.8833","146.75","100.0","GLENMAGGIE THE LAURELS, AS","2",",a","2",",a","0",",a","8.1",",,a,23,","15.7",",,,a"
"ASN00085035","1925-07","-37.8833","146.75","100.0","GLENMAGGIE THE LAURELS, AS","7",",a","5",",a","2",",a","49.5",",,a,11,","107.2",",,,a"
"ASN00085035","1925-08","-37.8833","146.75","100.0","GLENMAGGIE THE LAURELS, AS","6",",a","4",",a","0",",a","11.7",",,a,22,","30.0",",,,a"
"ASN00085035","1925-09","-37.8833","146.75","100.0","GLENMAGGIE THE LAURELS, AS","7",",a","5",",a","0",",a","10.2",",,a,22,","35.9",",,,a"
"ASN00085035","1925-10","-37.8833","146.75","100.0","GLENMAGGIE THE LAURELS, AS","7",",a","6",",a","0",",a","12.7",",,a,31,","38.8",",,,a"
"ASN00085035","1925-11","-37.8833","146.75","100.0","GLENMAGGIE THE LAURELS, AS","7",",a","7",",a","0",",a","23.4",",,a,19,","76.6",",,,a"
"ASN00085035","1925-12","-37.8833","146.75","100.0","GLENMAGGIE THE LAURELS, AS","1",",a","0",",a","0",",a","1.0",",,a,22,","1.0",",,,a"
"ASN00085035","1926-01","-37.8833","146.75","100.0","GLENMAGGIE THE LAURELS, AS","6",",a","5",",a","2",",a","37.6",",,a,08,","87.9",",,,a"
"ASN00085035","1926-02","-37.8833","146.75","100.0","GLENMAGGIE THE LAURELS, AS","2",",a","0",",a","0",",a","2.0",",,a,22,","3.8",",,,a"
"ASN00085035","1926-03","-37.8833","146.75","100.0","GLENMAGGIE THE LAURELS, AS","6",",a","5",",a","3",",a","57.2",",,a,22,","147.6",",,,a"
"ASN00085035","1926-04","-37.8833","146.75","100.0","GLENMAGGIE THE LAURELS, AS","10",",a","7",",a","0",",a","24.9",",,a,11,","56.8",",,,a"
"ASN00085035","1926-05","-37.8833","146.75","100.0","GLENMAGGIE THE LAURELS, AS","8",",a","7",",a","0",",a","14.7",",,a,12,","48.8",",,,a"
"ASN00085035","1926-06","-37.8833","146.75","100.0","GLENMAGGIE THE LAURELS, AS","7",",a","6",",a","0",",a","9.4",",,a,28,","32.8",",,,a"
"ASN00085035","1926-07","-37.8833","146.75","100.0","GLENMAGGIE THE LAURELS, AS","7",",a","4",",a","0",",a","19.1",",,a,15,","36.6",",,,a"
"ASN00085035","1926-08","-37.8833","146.75","100.0","GLENMAGGIE THE LAURELS, AS","7",",a","5",",a","0",",a","17.8",",,a,26,","38.3",",,,a"
"ASN00085035","1926-09","-37.8833","146.75","100.0","GLENMAGGIE THE LAURELS, AS","5",",a","4",",a","0",",a","23.4",",,a,28,","55.5",",,,a"
"ASN00085035","1926-10","-37.8833","146.75","100.0","GLENMAGGIE THE LAURELS, AS","10",",a","10",",a","0",",a","11.2",",,a,08,","62.5",",,,a"
"ASN00085035","1926-11","-37.8833","146.75","100.0","GLENMAGGIE THE LAURELS, AS","3",",a","3",",a","1",",a","26.2",",,a,05,","43.8",",,,a"
"ASN00085035","1926-12","-37.8833","146.75","100.0","GLENMAGGIE THE LAURELS, AS","4",",a","4",",a","0",",a","16.3",",,a,22,","38.5",",,,a"
"ASN00085035","1927-01","-37.8833","146.75","100.0","GLENMAGGIE THE LAURELS, AS","3",",a","2",",a","0",",a","16.0",",,a,28,","21.9",",,,a"
"ASN00085035","1927-02","-37.8833","146.75","100.0","GLENMAGGIE THE LAURELS, AS","4",",a","4",",a","0",",a","10.9",",,a,05,","24.7",",,,a"
"ASN00085035","1927-03","-37.8833","146.75","100.0","GLENMAGGIE THE LAURELS, AS","2",",a","2",",a","0",",a","20.6",",,a,19,","33.6",",,,a"
"ASN00085035","1927-04","-37.8833","146.75","100.0","GLENMAGGIE THE LAURELS, AS","6",",a","4",",a","0",",a","8.9",",,a,18,","26.5",",,,a"
"ASN00085035","1927-05","-37.8833","146.75","100.0","GLENMAGGIE THE LAURELS, AS","12",",a","10",",a","0",",a","8.4",",,a,05,","48.9",",,,a"
"ASN00085035","1927-06","-37.8833","146.75","100.0","GLENMAGGIE THE LAURELS, AS","4",",a","2",",a","0",",a","6.9",",,a,20,","16.1",",,,a"
"ASN00085035","1927-07","-37.8833","146.75","100.0","GLENMAGGIE THE LAURELS, AS","12",",a","9",",a","1",",a","39.6",",,a,24,","106.0",",,,a"
"ASN00085035","1927-08","-37.8833","146.75","100.0","GLENMAGGIE THE LAURELS, AS","8",",a","7",",a","0",",a","9.9",",,a,29,","37.2",",,,a"
"ASN00085035","1927-09","-37.8833","146.75","100.0","GLENMAGGIE THE LAURELS, AS","7",",a","6",",a","0",",a","6.1",",,a,25,","28.9",",,,a"
"ASN00085035","1927-10","-37.8833","146.75","100.0","GLENMAGGIE THE LAURELS, AS","8",",a","7",",a","2",",a","64.3",",,a,01,","138.2",",,,a"
"ASN00085035","1927-11","-37.8833","146.75","100.0","GLENMAGGIE THE LAURELS, AS","6",",a","6",",a","0",",a","12.7",",,a,05,","52.0",",,,a"
"ASN00085035","1927-12","-37.8833","146.75","100.0","GLENMAGGIE THE LAURELS, AS","5",",a","5",",a","0",",a","19.1",",,a,16,","53.7",",,,a"
"ASN00085035","1928-01","-37.8833","146.75","100.0","GLENMAGGIE THE LAURELS, AS","10",",a","8",",a","0",",a","15.2",",,a,12,","63.3",",,,a"
"ASN00085035","1928-02","-37.8833","146.75","100.0","GLENMAGGIE THE LAURELS, AS","8",",a","8",",a","3",",a","50.0",",,a,18,","171.5",",,,a"
"ASN00085035","1928-03","-37.8833","146.75","100.0","GLENMAGGIE THE LAURELS, AS","10",",a","9",",a","3",",a","33.8",",,a,10,","164.9",",,,a"
"ASN00085035","1928-04","-37.8833","146.75","100.0","GLENMAGGIE THE LAURELS, AS","4",",a","4",",a","0",",a","14.5",",,a,28,","24.1",",,,a"
"ASN00085035","1928-05","-37.8833","146.75","100.0","GLENMAGGIE THE LAURELS, AS","4",",a","4",",a","0",",a","21.6",",,a,11,","38.4",",,,a"
"ASN00085035","1928-06","-37.8833","146.75","100.0","GLENMAGGIE THE LAURELS, AS","5",",a","4",",a","0",",a","17.8",",,a,23,","34.3",",,,a"
"ASN00085035","1928-07","-37.8833","146.75","100.0","GLENMAGGIE THE LAURELS, AS","3",",a","2",",a","0",",a","11.4",",,a,27,","16.3",",,,a"
"ASN00085035","1928-08","-37.8833","146.75","100.0","GLENMAGGIE THE LAURELS, AS","3",",a","2",",a","0",",a","2.5",",,a,30,+","6.3",",,,a"
"ASN00085035","1928-09","-37.8833","146.75","100.0","GLENMAGGIE THE LAURELS, AS","8",",a","6",",a","0",",a","17.3",",,a,30,","47.5",",,,a"
"ASN00085035","1928-10","-37.8833","146.75","100.0","GLENMAGGIE THE LAURELS, AS","13",",a","11",",a","0",",a","8.9",",,a,23,+","67.9",",,,a"
"ASN00085035","1928-11","-37.8833","146.75","100.0","GLENMAGGIE THE LAURELS, AS","5",",a","3",",a","0",",a","5.8",",,a,23,","17.1",",,,a"
"ASN00085035","1928-12","-37.8833","146.75","100.0","GLENMAGGIE THE LAURELS, AS","2",",a","2",",a","0",",a","11.4",",,a,23,","19.0",",,,a"
"ASN00085035","1929-01","-37.8833","146.75","100.0","GLENMAGGIE THE LAURELS, AS","5",",a","4",",a","0",",a","11.2",",,a,31,","33.8",",,,a"
"ASN00085035","1929-02","-37.8833","146.75","100.0","GLENMAGGIE THE LAURELS, AS","8",",a","5",",a","1",",a","29.5",",,a,15,","60.3",",,,a"
"ASN00085035","1929-03","-37.8833","146.75","100.0","GLENMAGGIE THE LAURELS, AS","5",",a","3",",a","0",",a","9.4",",,a,25,+","24.1",",,,a"
"ASN00085035","1929-04","-37.8833","146.75","100.0","GLENMAGGIE THE LAURELS, AS","11",",a","10",",a","0",",a","8.1",",,a,03,","52.5",",,,a"
"ASN00085035","1929-05","-37.8833","146.75","100.0","GLENMAGGIE THE LAURELS, AS","8",",a","7",",a","0",",a","19.6",",,a,25,","69.7",",,,a"
"ASN00085035","1929-06","-37.8833","146.75","100.0","GLENMAGGIE THE LAURELS, AS","9",",a","7",",a","0",",a","21.1",",,a,25,","53.7",",,,a"
"ASN00085035","1929-07","-37.8833","146.75","100.0","GLENMAGGIE THE LAURELS, AS","7",",a","5",",a","0",",a","7.6",",,a,23,","29.8",",,,a"
"ASN00085035","1929-08","-37.8833","146.75","100.0","GLENMAGGIE THE LAURELS, AS","6",",a","6",",a","1",",a","38.9",",,a,12,","70.1",",,,a"
"ASN00085035","1929-09","-37.8833","146.75","100.0","GLENMAGGIE THE LAURELS, AS","5",",a","4",",a","0",",a","10.2",",,a,30,","29.7",",,,a"
"ASN00085035","1929-10","-37.8833","146.75","100.0","GLENMAGGIE THE LAURELS, AS","8",",a","5",",a","0",",a","11.2",",,a,29,","37.0",",,,a"
"ASN00085035","1929-11","-37.8833","146.75","100.0","GLENMAGGIE THE LAURELS, AS","8",",a","8",",a","0",",a","19.3",",,a,15,","88.6",",,,a"
"ASN00085035","1929-12","-37.8833","146.75","100.0","GLENMAGGIE THE LAURELS, AS","4",",a","4",",a","0",",a","19.6",",,a,18,","29.5",",,,a"
"ASN00085035","1930-01","-37.8833","146.75","100.0","GLENMAGGIE THE LAURELS, AS","0",",a","0",",a","0",",a","0.0",",,a,31,+","0.0",",,,a"
"ASN00085035","1930-02","-37.8833","146.75","100.0","GLENMAGGIE THE LAURELS, AS","3",",a","3",",a","2",",a","48.3",",,a,21,","89.2",",,,a"
"ASN00085035","1930-03","-37.8833","146.75","100.0","GLENMAGGIE THE LAURELS, AS","1",",a","0",",a","0",",a","2.0",",,a,13,","2.0",",,,a"
"ASN00085035","1930-04","-37.8833","146.75","100.0","GLENMAGGIE THE LAURELS, AS","4",",a","4",",a","0",",a","10.2",",,a,25,","26.4",",,,a"
"ASN00085035","1930-05","-37.8833","146.75","100.0","GLENMAGGIE THE LAURELS, AS","6",",a","6",",a","0",",a","24.6",",,a,12,","79.5",",,,a"
"ASN00085035","1930-06","-37.8833","146.75","100.0","GLENMAGGIE THE LAURELS, AS","5",",a","4",",a","1",",a","92.7",",,a,03,","111.0",",,,a"
"ASN00085035","1930-07","-37.8833","146.75","100.0","GLENMAGGIE THE LAURELS, AS","4",",a","3",",a","0",",a","9.7",",,a,05,","25.4",",,,a"
"ASN00085035","1930-08","-37.8833","146.75","100.0","GLENMAGGIE THE LAURELS, AS","9",",a","8",",a","0",",a","10.4",",,a,21,","47.1",",,,a"
"ASN00085035","1930-09","-37.8833","146.75","100.0","GLENMAGGIE THE LAURELS, AS","7",",a","6",",a","0",",a","13.5",",,a,23,","59.5",",,,a"
"ASN00085035","1930-10","-37.8833","146.75","100.0","GLENMAGGIE THE LAURELS, AS","9",",a","8",",a","1",",a","32.3",",,a,05,","100.7",",,,a"
"ASN00085035","1930-11","-37.8833","146.75","100.0","GLENMAGGIE THE LAURELS, AS","7",",a","7",",a","0",",a","24.1",",,a,14,","83.1",",,,a"
"ASN00085035","1930-12","-37.8833","146.75","100.0","GLENMAGGIE THE LAURELS, AS","10",",a","7",",a","1",",a","31.2",",,a,07,","100.2",",,,a"
"ASN00085035","1931-01","-37.8833","146.75","100.0","GLENMAGGIE THE LAURELS, AS","6",",a","3",",a","1",",a","26.7",",,a,26,","39.2",",,,a"
"ASN00085035","1931-02","-37.8833","146.75","100.0","GLENMAGGIE THE LAURELS, AS","8",",a","6",",a","0",",a","19.6",",,a,25,","66.1",",,,a"
"ASN00085035","1931-03","-37.8833","146.75","100.0","GLENMAGGIE THE LAURELS, AS","12",",a","12",",a","0",",a","20.3",",,a,21,","82.5",",,,a"
"ASN00085035","1931-04","-37.8833","146.75","100.0","GLENMAGGIE THE LAURELS, AS","7",",a","7",",a","0",",a","9.1",",,a,30,","40.3",",,,a"
"ASN00085035","1931-05","-37.8833","146.75","100.0","GLENMAGGIE THE LAURELS, AS","6",",a","6",",a","0",",a","10.2",",,a,14,","38.9",",,,a"
"ASN00085035","1931-06","-37.8833","146.75","100.0","GLENMAGGIE THE LAURELS, AS","7",",a","6",",a","0",",a","14.5",",,a,20,","45.6",",,,a"
"ASN00085035","1931-07","-37.8833","146.75","100.0","GLENMAGGIE THE LAURELS, AS","9",",a","8",",a","0",",a","10.2",",,a,26,+","50.3",",,,a"
"ASN00085035","1931-08","-37.8833","146.75","100.0","GLENMAGGIE THE LAURELS, AS","6",",a","3",",a","0",",a","8.4",",,a,28,","24.4",",,,a"
"ASN00085035","1931-09","-37.8833","146.75","100.0","GLENMAGGIE THE LAURELS, AS","8",",a","6",",a","0",",a","19.3",",,a,14,","53.7",",,,a"
"ASN00085035","1931-10","-37.8833","146.75","100.0","GLENMAGGIE THE LAURELS, AS","6",",a","6",",a","2",",a","36.8",",,a,18,","84.1",",,,a"
"ASN00085035","1931-11","-37.8833","146.75","100.0","GLENMAGGIE THE LAURELS, AS","5",",a","4",",a","1",",a","36.1",",,a,16,","56.9",",,,a"
"ASN00085035","1931-12","-37.8833","146.75","100.0","GLENMAGGIE THE LAURELS, AS","3",",a","2",",a","0",",a","4.8",",,a,17,","10.4",",,,a"
"ASN00085035","1932-01","-37.8833","146.75","100.0","GLENMAGGIE THE LAURELS, AS","1",",a","1",",a","0",",a","5.6",",,a,10,","5.6",",,,a"
"ASN00085035","1932-02","-37.8833","146.75","100.0","GLENMAGGIE THE LAURELS, AS","10",",a","7",",a","0",",a","14.2",",,a,23,","56.0",",,,a"
"ASN00085035","1932-03","-37.8833","146.75","100.0","GLENMAGGIE THE LAURELS, AS","8",",a","7",",a","3",",a","50.3",",,a,09,","155.2",",,,a"
"ASN00085035","1932-04","-37.8833","146.75","100.0","GLENMAGGIE THE LAURELS, AS","11",",a","10",",a","2",",a","59.9",",,a,04,","155.1",",,,a"
"ASN00085035","1932-05","-37.8833","146.75","100.0","GLENMAGGIE THE LAURELS, AS","2",",a","0",",a","0",",a","1.3",",,a,19,","2.3",",,,a"
"ASN00085035","1932-06","-37.8833","146.75","100.0","GLENMAGGIE THE LAURELS, AS","5",",a","4",",a","0",",a","11.7",",,a,17,","32.6",",,,a"
"ASN00085035","1932-07","-37.8833","146.75","100.0","GLENMAGGIE THE LAURELS, AS","11",",a","10",",a","1",",a","36.8",",,a,10,","89.0",",,,a"
"ASN00085035","1932-08","-37.8833","146.75","100.0","GLENMAGGIE THE LAURELS, AS","9",",a","9",",a","1",",a","32.0",",,a,30,","90.5",",,,a"
"ASN00085035","1932-09","-37.8833","146.75","100.0","GLENMAGGIE THE LAURELS, AS","4",",a","3",",a","0",",a","16.5",",,a,22,","25.4",",,,a"
"ASN00085035","1932-10","-37.8833","146.75","100.0","GLENMAGGIE THE LAURELS, AS","14",",a","7",",a","0",",a","22.4",",,a,14,","78.3",",,,a"
"ASN00085035","1932-11","-37.8833","146.75","100.0","GLENMAGGIE THE LAURELS, AS","4",",a","3",",a","0",",a","13.5",",,a,14,","28.2",",,,a"
"ASN00085035","1932-12","-37.8833","146.75","100.0","GLENMAGGIE THE LAURELS, AS","4",",a","4",",a","0",",a","17.8",",,a,16,","38.2",",,,a"
"ASN00085035","1933-01","-37.8833","146.75","100.0","GLENMAGGIE THE LAURELS, AS","5",",a","4",",a","0",",a","19.3",",,a,27,","42.0",",,,a"
"ASN00085035","1933-02","-37.8833","146.75","100.0","GLENMAGGIE THE LAURELS, AS","1",",a","0",",a","0",",a","2.3",",,a,19,","2.3",",,,a"
"ASN00085035","1933-03","-37.8833","146.75","100.0","GLENMAGGIE THE LAURELS, AS","5",",a","5",",a","0",",a","10.7",",,a,05,","27.4",",,,a"
"ASN00085035","1933-04","-37.8833","146.75","100.0","GLENMAGGIE THE LAURELS, AS","5",",a","3",",a","0",",a","6.1",",,a,06,","16.2",",,,a"
"ASN00085035","1933-05","-37.8833","146.75","100.0","GLENMAGGIE THE LAURELS, AS","6",",a","2",",a","0",",a","3.0",",,a,14,","11.2",",,,a"
"ASN00085035","1933-06","-37.8833","146.75","100.0","GLENMAGGIE THE LAURELS, AS","6",",a","6",",a","1",",a","109.2",",,a,24,","151.5",",,,a"
"ASN00085035","1933-07","-37.8833","146.75","100.0","GLENMAGGIE THE LAURELS, AS","8",",a","6",",a","1",",a","50.3",",,a,12,","93.0",",,,a"
"ASN00085035","1933-08","-37.8833","146.75","100.0","GLENMAGGIE THE LAURELS, AS","6",",a","6",",a","0",",a","13.2",",,a,17,","38.4",",,,a"
"ASN00085035","1933-09","-37.8833","146.75","100.0","GLENMAGGIE THE LAURELS, AS","8",",a","6",",a","0",",a","10.9",",,a,01,","34.8",",,,a"
"ASN00085035","1933-10","-37.8833","146.75","100.0","GLENMAGGIE THE LAURELS, AS","6",",a","5",",a","0",",a","21.3",",,a,02,","54.9",",,,a"
"ASN00085035","1933-11","-37.8833","146.75","100.0","GLENMAGGIE THE LAURELS, AS","7",",a","6",",a","0",",a","21.3",",,a,08,","70.5",",,,a"
"ASN00085035","1933-12","-37.8833","146.75","100.0","GLENMAGGIE THE LAURELS, AS","11",",a","10",",a","1",",a","35.3",",,a,01,","128.3",",,,a"
"ASN00085035","1934-01","-37.8833","146.75","100.0","GLENMAGGIE THE LAURELS, AS","8",",a","7",",a","2",",a","40.1",",,a,05,","130.8",",,,a"
"ASN00085035","1934-02","-37.8833","146.75","100.0","GLENMAGGIE THE LAURELS, AS","4",",a","4",",a","1",",a","25.9",",,a,23,","53.0",",,,a"
"ASN00085035","1934-03","-37.8833","146.75","100.0","GLENMAGGIE THE LAURELS, AS","7",",a","7",",a","1",",a","44.5",",,a,16,","82.2",",,,a"
"ASN00085035","1934-04","-37.8833","146.75","100.0","GLENMAGGIE THE LAURELS, AS","10",",a","9",",a","1",",a","25.4",",,a,16,","135.0",",,,a"
"ASN00085035","1934-05","-37.8833","146.75","100.0","GLENMAGGIE THE LAURELS, AS","2",",a","1",",a","0",",a","4.3",",,a,01,","6.3",",,,a"
"ASN00085035","1934-06","-37.8833","146.75","100.0","GLENMAGGIE THE LAURELS, AS","9",",a","8",",a","1",",a","27.7",",,a,26,","60.5",",,,a"
"ASN00085035","1934-07","-37.8833","146.75","100.0","GLENMAGGIE THE LAURELS, AS","5",",a","5",",a","0",",a","11.2",",,a,08,","35.9",",,,a"
"ASN00085035","1934-08","-37.8833","146.75","100.0","GLENMAGGIE THE LAURELS, AS","4",",a","3",",a","0",",a","19.8",",,a,28,","35.5",",,,a"
"ASN00085035","1934-09","-37.8833","146.75","100.0","GLENMAGGIE THE LAURELS, AS","2",",a","2",",a","0",",a","7.6",",,a,30,","11.4",",,,a"
"ASN00085035","1934-10","-37.8833","146.75","100.0","GLENMAGGIE THE LAURELS, AS","11",",a","10",",a","0",",a","23.1",",,a,25,","86.4",",,,a"
"ASN00085035","1934-11","-37.8833","146.75","100.0","GLENMAGGIE THE LAURELS, AS","13",",a","10",",a","3",",a","41.4",",,a,30,","160.0",",,,a"
"ASN00085035","1934-12","-37.8833","146.75","100.0","GLENMAGGIE THE LAURELS, AS","5",",a","5",",a","0",",a","7.4",",,a,28,","27.2",",,,a"
"ASN00085035","1935-01","-37.8833","146.75","100.0","GLENMAGGIE THE LAURELS, AS","6",",a","4",",a","0",",a","15.2",",,a,13,","31.6",",,,a"
"ASN00085035","1935-02","-37.8833","146.75","100.0","GLENMAGGIE THE LAURELS, AS","7",",a","7",",a","2",",a","60.5",",,a,08,","144.1",",,,a"
"ASN00085035","1935-03","-37.8833","146.75","100.0","GLENMAGGIE THE LAURELS, AS","2",",a","2",",a","0",",a","11.4",",,a,17,","20.5",",,,a"
"ASN00085035","1935-04","-37.8833","146.75","100.0","GLENMAGGIE THE LAURELS, AS","13",",a","12",",a","6",",a","45.7",",,a,21,","282.1",",,,a"
"ASN00085035","1935-05","-37.8833","146.75","100.0","GLENMAGGIE THE LAURELS, AS","2",",a","2",",a","0",",a","5.1",",,a,30,","7.6",",,,a"
"ASN00085035","1935-06","-37.8833","146.75","100.0","GLENMAGGIE THE LAURELS, AS","4",",a","4",",a","0",",a","16.5",",,a,23,","25.6",",,,a"
"ASN00085035","1935-07","-37.8833","146.75","100.0","GLENMAGGIE THE LAURELS, AS","2",",a","2",",a","0",",a","7.6",",,a,04,","12.7",",,,a"
"ASN00085035","1935-08","-37.8833","146.75","100.0","GLENMAGGIE THE LAURELS, AS","8",",a","6",",a","0",",a","12.7",",,a,16,","41.1",",,,a"
"ASN00085035","1935-09","-37.8833","146.75","100.0","GLENMAGGIE THE LAURELS, AS","6",",a","4",",a","0",",a","6.6",",,a,03,","22.5",",,,a"
"ASN00085035","1935-10","-37.8833","146.75","100.0","GLENMAGGIE THE LAURELS, AS","9",",a","7",",a","2",",a","26.2",",,a,10,","96.9",",,,a"
"ASN00085035","1935-11","-37.8833","146.75","100.0","GLENMAGGIE THE LAURELS, AS","6",",a","6",",a","1",",a","27.4",",,a,15,","74.2",",,,a"
"ASN00085035","1935-12","-37.8833","146.75","100.0","GLENMAGGIE THE LAURELS, AS","8",",a","8",",a","1",",a","81.3",",,a,26,","156.6",",,,a"
"ASN00085035","1936-01","-37.8833","146.75","100.0","GLENMAGGIE THE LAURELS, AS","5",",a","5",",a","1",",a","30.5",",,a,10,","98.0",",,,a"
"ASN00085035","1936-02","-37.8833","146.75","100.0","GLENMAGGIE THE LAURELS, AS","7",",a","5",",a","0",",a","7.6",",,a,08,","31.1",",,,a"
"ASN00085035","1936-03","-37.8833","146.75","100.0","GLENMAGGIE THE LAURELS, AS","3",",a","3",",a","0",",a","20.8",",,a,15,","33.0",",,,a"
"ASN00085035","1936-04","-37.8833","146.75","100.0","GLENMAGGIE THE LAURELS, AS","6",",a","5",",a","1",",a","54.9",",,a,07,","108.5",",,,a"
"ASN00085035","1936-05","-37.8833","146.75","100.0","GLENMAGGIE THE LAURELS, AS","3",",a","3",",a","0",",a","5.6",",,a,11,","14.3",",,,a"
"ASN00085035","1936-06","-37.8833","146.75","100.0","GLENMAGGIE THE LAURELS, AS","9",",a","7",",a","2",",a","92.7",",,a,24,","166.7",",,,a"
"ASN00085035","1936-07","-37.8833","146.75","100.0","GLENMAGGIE THE LAURELS, AS","3",",a","2",",a","0",",a","11.7",",,a,04,","23.6",",,,a"
"ASN00085035","1936-08","-37.8833","146.75","100.0","GLENMAGGIE THE LAURELS, AS","8",",a","8",",a","0",",a","17.5",",,a,24,","97.6",",,,a"
"ASN00085035","1936-09","-37.8833","146.75","100.0","GLENMAGGIE THE LAURELS, AS","3",",a","3",",a","0",",a","9.7",",,a,08,","22.1",",,,a"
"ASN00085035","1936-10","-37.8833","146.75","100.0","GLENMAGGIE THE LAURELS, AS","9",",a","9",",a","0",",a","9.7",",,a,26,","51.4",",,,a"
"ASN00085035","1936-11","-37.8833","146.75","100.0","GLENMAGGIE THE LAURELS, AS","8",",a","5",",a","0",",a","10.2",",,a,11,","38.6",",,,a"
"ASN00085035","1936-12","-37.8833","146.75","100.0","GLENMAGGIE THE LAURELS, AS","11",",a","10",",a","0",",a","24.9",",,a,15,","113.2",",,,a"
"ASN00085035","1937-01","-37.8833","146.75","100.0","GLENMAGGIE THE LAURELS, AS","5",",a","5",",a","0",",a","17.8",",,a,01,","47.0",",,,a"
"ASN00085035","1937-02","-37.8833","146.75","100.0","GLENMAGGIE THE LAURELS, AS","3",",a","3",",a","0",",a","14.7",",,a,21,","24.1",",,,a"
"ASN00085035","1937-03","-37.8833","146.75","100.0","GLENMAGGIE THE LAURELS, AS","6",",a","5",",a","0",",a","16.3",",,a,02,","35.6",",,,a"
"ASN00085035","1937-04","-37.8833","146.75","100.0","GLENMAGGIE THE LAURELS, AS","2",",a","2",",a","0",",a","10.2",",,a,29,","12.7",",,,a"
"ASN00085035","1937-05","-37.8833","146.75","100.0","GLENMAGGIE THE LAURELS, AS","7",",a","1",",a","0",",a","3.0",",,a,01,","13.4",",,,a"
"ASN00085035","1937-06","-37.8833","146.75","100.0","GLENMAGGIE THE LAURELS, AS","11",",a","6",",a","0",",a","12.4",",,a,26,","47.8",",,,a"
"ASN00085035","1937-07","-37.8833","146.75","100.0","GLENMAGGIE THE LAURELS, AS","5",",a","3",",a","0",",a","5.6",",,a,18,","17.0",",,,a"
"ASN00085035","1937-08","-37.8833","146.75","100.0","GLENMAGGIE THE LAURELS, AS","6",",a","3",",a","0",",a","10.4",",,a,30,","27.3",",,,a"
"ASN00085035","1937-09","-37.8833","146.75","100.0","GLENMAGGIE THE LAURELS, AS","12",",a","7",",a","0",",a","7.4",",,a,12,","39.2",",,,a"
"ASN00085035","1937-10","-37.8833","146.75","100.0","GLENMAGGIE THE LAURELS, AS","10",",a","9",",a","0",",a","19.3",",,a,11,","100.3",",,,a"
"ASN00085035","1937-11","-37.8833","146.75","100.0","GLENMAGGIE THE LAURELS, AS","8",",a","6",",a","0",",a","9.9",",,a,15,","35.7",",,,a"
"ASN00085035","1937-12","-37.8833","146.75","100.0","GLENMAGGIE THE LAURELS, AS","8",",a","7",",a","0",",a","17.0",",,a,27,","49.9",",,,a"
"ASN00085035","1938-01","-37.8833","146.75","100.0","GLENMAGGIE THE LAURELS, AS","9",",a","8",",a","0",",a","13.7",",,a,15,","58.6",",,,a"
"ASN00085035","1938-02","-37.8833","146.75","100.0","GLENMAGGIE THE LAURELS, AS","6",",a","2",",a","1",",a","33.0",",,a,04,","53.7",",,,a"
"ASN00085035","1938-03","-37.8833","146.75","100.0","GLENMAGGIE THE LAURELS, AS","8",",a","5",",a","2",",a","26.2",",,a,16,+","89.5",",,,a"
"ASN00085035","1938-04","-37.8833","146.75","100.0","GLENMAGGIE THE LAURELS, AS","8",",a","2",",a","0",",a","4.8",",,a,17,","16.0",",,,a"
"ASN00085035","1938-05","-37.8833","146.75","100.0","GLENMAGGIE THE LAURELS, AS","4",",a","2",",a","0",",a","5.1",",,a,27,","13.2",",,,a"
"ASN00085035","1938-06","-37.8833","146.75","100.0","GLENMAGGIE THE LAURELS, AS","11",",a","6",",a","0",",a","13.2",",,a,19,","48.2",",,,a"
"ASN00085035","1938-07","-37.8833","146.75","100.0","GLENMAGGIE THE LAURELS, AS","9",",a","3",",a","0",",a","16.0",",,a,02,","34.5",",,,a"
"ASN00085035","1938-08","-37.8833","146.75","100.0","GLENMAGGIE THE LAURELS, AS","10",",a","4",",a","0",",a","13.2",",,a,01,","31.4",",,,a"
"ASN00085035","1938-09","-37.8833","146.75","100.0","GLENMAGGIE THE LAURELS, AS","9",",a","3",",a","0",",a","4.6",",,a,16,","18.4",",,,a"
"ASN00085035","1938-10","-37.8833","146.75","100.0","GLENMAGGIE THE LAURELS, AS","8",",a","4",",a","0",",a","11.9",",,a,31,","26.7",",,,a"
"ASN00085035","1938-11","-37.8833","146.75","100.0","GLENMAGGIE THE LAURELS, AS","7",",a","6",",a","0",",a","19.1",",,a,01,","52.1",",,,a"
"ASN00085035","1938-12","-37.8833","146.75","100.0","GLENMAGGIE THE LAURELS, AS","5",",a","3",",a","0",",a","3.6",",,a,03,+","12.3",",,,a"
"ASN00085035","1939-01","-37.8833","146.75","100.0","GLENMAGGIE THE LAURELS, AS","7",",a","5",",a","0",",a","8.6",",,a,27,","27.1",",,,a"
"ASN00085035","1939-02","-37.8833","146.75","100.0","GLENMAGGIE THE LAURELS, AS","7",",a","7",",a","3",",a","115.6",",,a,27,","262.9",",,,a"
"ASN00085035","1939-03","-37.8833","146.75","100.0","GLENMAGGIE THE LAURELS, AS","9",",a","6",",a","1",",a","29.5",",,a,22,","69.1",",,,a"
"ASN00085035","1939-04","-37.8833","146.75","100.0","GLENMAGGIE THE LAURELS, AS","9",",a","5",",a","0",",a","14.0",",,a,08,","31.2",",,,a"
"ASN00085035","1939-05","-37.8833","146.75","100.0","GLENMAGGIE THE LAURELS, AS","3",",a","2",",a","0",",a","3.8",",,a,17,","9.2",",,,a"
"ASN00085035","1939-06","-37.8833","146.75","100.0","GLENMAGGIE THE LAURELS, AS","10",",a","6",",a","0",",a","8.6",",,a,01,","47.7",",,,a"
"ASN00085035","1939-07","-37.8833","146.75","100.0","GLENMAGGIE THE LAURELS, AS","4",",a","1",",a","0",",a","7.4",",,a,02,","11.5",",,,a"
"ASN00085035","1939-08","-37.8833","146.75","100.0","GLENMAGGIE THE LAURELS, AS","19",",a","13",",a","0",",a","22.9",",,a,02,","104.1",",,,a"
"ASN00085035","1939-09","-37.8833","146.75","100.0","GLENMAGGIE THE LAURELS, AS","10",",a","7",",a","0",",a","19.3",",,a,12,","52.0",",,,a"
"ASN00085035","1939-10","-37.8833","146.75","100.0","GLENMAGGIE THE LAURELS, AS","8",",a","6",",a","0",",a","13.2",",,a,06,","46.2",",,,a"
"ASN00085035","1939-11","-37.8833","146.75","100.0","GLENMAGGIE THE LAURELS, AS","9",",a","7",",a","0",",a","16.0",",,a,01,","72.1",",,,a"
"ASN00085035","1939-12","-37.8833","146.75","100.0","GLENMAGGIE THE LAURELS, AS","5",",a","3",",a","0",",a","11.2",",,a,05,","26.6",",,,a"
"ASN00085035","1940-01","-37.8833","146.75","100.0","GLENMAGGIE THE LAURELS, AS","7",",a","7",",a","0",",a","10.9",",,a,25,","44.6",",,,a"
"ASN00085035","1940-02","-37.8833","146.75","100.0","GLENMAGGIE THE LAURELS, AS","2",",a","0",",a","0",",a","2.0",",,a,06,","3.0",",,,a"
"ASN00085035","1940-03","-37.8833","146.75","100.0","GLENMAGGIE THE LAURELS, AS","2",",a","2",",a","0",",a","10.9",",,a,31,","17.0",",,,a"
"ASN00085035","1940-04","-37.8833","146.75","100.0","GLENMAGGIE THE LAURELS, AS","7",",a","6",",a","0",",a","14.0",",,a,14,","42.8",",,,a"
"ASN00085035","1940-05","-37.8833","146.75","100.0","GLENMAGGIE THE LAURELS, AS","5",",a","3",",a","0",",a","9.1",",,a,01,","22.3",",,,a"
"ASN00085035","1940-06","-37.8833","146.75","100.0","GLENMAGGIE THE LAURELS, AS","4",",a","3",",a","0",",a","11.2",",,a,07,","22.3",",,,a"
"ASN00085035","1940-07","-37.8833","146.75","100.0","GLENMAGGIE THE LAURELS, AS","8",",a","3",",a","0",",a","5.1",",,a,11,","18.0",",,,a"
"ASN00085035","1940-08","-37.8833","146.75","100.0","GLENMAGGIE THE LAURELS, AS","6",",a","2",",a","0",",a","3.8",",,a,13,","12.7",",,,a"
"ASN00085035","1940-09","-37.8833","146.75","100.0","GLENMAGGIE THE LAURELS, AS","8",",a","6",",a","0",",a","24.9",",,a,13,","77.8",",,,a"
"ASN00085035","1940-10","-37.8833","146.75","100.0","GLENMAGGIE THE LAURELS, AS","4",",a","3",",a","0",",a","11.7",",,a,23,","23.4",",,,a"
"ASN00085035","1940-11","-37.8833","146.75","100.0","GLENMAGGIE THE LAURELS, AS","13",",a","5",",a","1",",a","30.2",",,a,23,","94.3",",,,a"
"ASN00085035","1940-12","-37.8833","146.75","100.0","GLENMAGGIE THE LAURELS, AS","10",",a","4",",a","0",",a","10.2",",,a,30,","32.6",",,,a"
"ASN00085035","1941-01","-37.8833","146.75","100.0","GLENMAGGIE THE LAURELS, AS","10",",a","8",",a","4",",a","70.4",",,a,16,","272.8",",,,a"
"ASN00085035","1941-02","-37.8833","146.75","100.0","GLENMAGGIE THE LAURELS, AS","1",",a","1",",a","0",",a","8.4",",,a,24,","8.4",",,,a"
"ASN00085035","1941-03","-37.8833","146.75","100.0","GLENMAGGIE THE LAURELS, AS","8",",a","6",",a","0",",a","16.8",",,a,21,","71.7",",,,a"
"ASN00085035","1941-04","-37.8833","146.75","100.0","GLENMAGGIE THE LAURELS, AS","5",",a","4",",a","0",",a","21.6",",,a,04,","44.6",",,,a"
"ASN00085035","1941-05","-37.8833","146.75","100.0","GLENMAGGIE THE LAURELS, AS","2",",a","1",",a","0",",a","3.6",",,a,09,","4.1",",,,a"
"ASN00085035","1941-06","-37.8833","146.75","100.0","GLENMAGGIE THE LAURELS, AS","5",",a","4",",a","0",",a","11.7",",,a,02,","27.6",",,,a"
"ASN00085035","1941-07","-37.8833","146.75","100.0","GLENMAGGIE THE LAURELS, AS","5",",a","2",",a","0",",a","9.7",",,a,15,","16.9",",,,a"
"ASN00085035","1941-08","-37.8833","146.75","100.0","GLENMAGGIE THE LAURELS, AS","13",",a","8",",a","0",",a","19.1",",,a,25,","74.1",",,,a"
"ASN00085035","1941-09","-37.8833","146.75","100.0","GLENMAGGIE THE LAURELS, AS","10",",a","7",",a","0",",a","15.2",",,a,23,","52.7",",,,a"
"ASN00085035","1941-10","-37.8833","146.75","100.0","GLENMAGGIE THE LAURELS, AS","8",",a","7",",a","0",",a","15.2",",,a,06,","47.7",",,,a"
"ASN00085035","1941-11","-37.8833","146.75","100.0","GLENMAGGIE THE LAURELS, AS","4",",a","3",",a","0",",a","14.5",",,a,21,","24.3",",,,a"
"ASN00085035","1941-12","-37.8833","146.75","100.0","GLENMAGGIE THE LAURELS, AS","6",",a","5",",a","0",",a","15.7",",,a,05,","42.2",",,,a"
"ASN00085035","1942-01","-37.8833","146.75","100.0","GLENMAGGIE THE LAURELS, AS","3",",a","2",",a","0",",a","22.4",",,a,20,","28.8",",,,a"
"ASN00085035","1942-02","-37.8833","146.75","100.0","GLENMAGGIE THE LAURELS, AS","5",",a","4",",a","1",",a","33.5",",,a,20,","47.5",",,,a"
"ASN00085035","1942-03","-37.8833","146.75","100.0","GLENMAGGIE THE LAURELS, AS","9",",a","7",",a","0",",a","21.6",",,a,27,","90.3",",,,a"
"ASN00085035","1942-04","-37.8833","146.75","100.0","GLENMAGGIE THE LAURELS, AS","6",",a","4",",a","0",",a","12.2",",,a,30,","38.1",",,,a"
"ASN00085035","1942-05","-37.8833","146.75","100.0","GLENMAGGIE THE LAURELS, AS","10",",a","9",",a","1",",a","25.4",",,a,21,","77.9",",,,a"
"ASN00085035","1942-06","-37.8833","146.75","100.0","GLENMAGGIE THE LAURELS, AS","4",",a","2",",a","0",",a","20.3",",,a,10,","30.2",",,,a"
"ASN00085035","1942-07","-37.8833","146.75","100.0","GLENMAGGIE THE LAURELS, AS","4",",a","4",",a","0",",a","5.6",",,a,24,","18.3",",,,a"
"ASN00085035","1942-08","-37.8833","146.75","100.0","GLENMAGGIE THE LAURELS, AS","7",",a","2",",a","0",",a","6.4",",,a,21,","16.6",",,,a"
"ASN00085035","1942-09","-37.8833","146.75","100.0","GLENMAGGIE THE LAURELS, AS","9",",a","7",",a","0",",a","9.1",",,a,23,","45.4",",,,a"
"ASN00085035","1942-10","-37.8833","146.75","100.0","GLENMAGGIE THE LAURELS, AS","12",",a","9",",a","0",",a","10.7",",,a,31,","60.8",",,,a"
"ASN00085035","1942-11","-37.8833","146.75","100.0","GLENMAGGIE THE LAURELS, AS","12",",a","10",",a","2",",a","93.2",",,a,23,","215.3",",,,a"
"ASN00085035","1942-12","-37.8833","146.75","100.0","GLENMAGGIE THE LAURELS, AS","5",",a","3",",a","0",",a","11.4",",,a,21,","24.3",",,,a"
"ASN00085035","1943-01","-37.8833","146.75","100.0","GLENMAGGIE THE LAURELS, AS","9",",a","7",",a","0",",a","20.8",",,a,23,","57.4",",,,a"
"ASN00085035","1943-02","-37.8833","146.75","100.0","GLENMAGGIE THE LAURELS, AS","2",",a","1",",a","0",",a","9.7",",,a,18,","11.7",",,,a"
"ASN00085035","1943-03","-37.8833","146.75","100.0","GLENMAGGIE THE LAURELS, AS","2",",a","2",",a","0",",a","5.1",",,a,03,","8.1",",,,a"
"ASN00085035","1943-04","-37.8833","146.75","100.0","GLENMAGGIE THE LAURELS, AS","9",",a","8",",a","2",",a","29.2",",,a,15,","92.4",",,,a"
"ASN00085035","1943-05","-37.8833","146.75","100.0","GLENMAGGIE THE LAURELS, AS","7",",a","7",",a","1",",a","31.0",",,a,16,","63.7",",,,a"
"ASN00085035","1943-06","-37.8833","146.75","100.0","GLENMAGGIE THE LAURELS, AS","7",",a","6",",a","0",",a","21.3",",,a,15,","55.4",",,,a"
"ASN00085035","1943-07","-37.8833","146.75","100.0","GLENMAGGIE THE LAURELS, AS","3",",a","1",",a","0",",a","5.8",",,a,25,","7.9",",,,a"
"ASN00085035","1943-08","-37.8833","146.75","100.0","GLENMAGGIE THE LAURELS, AS","16",",a","13",",a","0",",a","9.1",",,a,05,","66.9",",,,a"
"ASN00085035","1943-09","-37.8833","146.75","100.0","GLENMAGGIE THE LAURELS, AS","9",",a","6",",a","0",",a","19.3",",,a,29,","61.7",",,,a"
"ASN00085035","1943-10","-37.8833","146.75","100.0","GLENMAGGIE THE LAURELS, AS","8",",a","6",",a","0",",a","21.8",",,a,25,","52.4",",,,a"
"ASN00085035","1943-11","-37.8833","146.75","100.0","GLENMAGGIE THE LAURELS, AS","5",",a","5",",a","0",",a","21.3",",,a,18,","35.2",",,,a"
"ASN00085035","1943-12","-37.8833","146.75","100.0","GLENMAGGIE THE LAURELS, AS","6",",a","5",",a","1",",a","26.2",",,a,06,","50.5",",,,a"
"ASN00085035","1944-01","-37.8833","146.75","100.0","GLENMAGGIE THE LAURELS, AS","2",",a","1",",a","0",",a","8.6",",,a,23,","10.6",",,,a"
"ASN00085035","1944-02","-37.8833","146.75","100.0","GLENMAGGIE THE LAURELS, AS","1",",a","1",",a","0",",a","2.5",",,a,09,","2.5",",,,a"
"ASN00085035","1944-03","-37.8833","146.75","100.0","GLENMAGGIE THE LAURELS, AS","4",",a","3",",a","0",",a","11.9",",,a,09,","24.6",",,,a"
"ASN00085035","1944-04","-37.8833","146.75","100.0","GLENMAGGIE THE LAURELS, AS","10",",a","7",",a","0",",a","17.8",",,a,24,","60.5",",,,a"
"ASN00085035","1944-05","-37.8833","146.75","100.0","GLENMAGGIE THE LAURELS, AS","12",",a","9",",a","3",",a","143.3",",,a,15,","272.6",",,,a"
"ASN00085035","1944-06","-37.8833","146.75","100.0","GLENMAGGIE THE LAURELS, AS","4",",a","4",",a","0",",a","5.6",",,a,01,","19.1",",,,a"
"ASN00085035","1944-07","-37.8833","146.75","100.0","GLENMAGGIE THE LAURELS, AS","4",",a","4",",a","0",",a","10.4",",,a,05,","21.8",",,,a"
"ASN00085035","1944-08","-37.8833","146.75","100.0","GLENMAGGIE THE LAURELS, AS","4",",a","3",",a","0",",a","7.6",",,a,01,","15.1",",,,a"
"ASN00085035","1944-09","-37.8833","146.75","100.0","GLENMAGGIE THE LAURELS, AS","4",",a","3",",a","0",",a","7.6",",,a,09,","17.2",",,,a"
"ASN00085035","1944-10","-37.8833","146.75","100.0","GLENMAGGIE THE LAURELS, AS","4",",a","4",",a","0",",a","24.9",",,a,16,","43.4",",,,a"
"ASN00085035","1944-11","-37.8833","146.75","100.0","GLENMAGGIE THE LAURELS, AS","1",",a","1",",a","0",",a","4.3",",,a,10,","4.3",",,,a"
"ASN00085035","1944-12","-37.8833","146.75","100.0","GLENMAGGIE THE LAURELS, AS","4",",a","4",",a","0",",a","15.7",",,a,27,","26.2",",,,a"
"ASN00085035","1945-01","-37.8833","146.75","100.0","GLENMAGGIE THE LAURELS, AS","5",",a","5",",a","1",",a","31.2",",,a,31,","96.1",",,,a"
"ASN00085035","1945-02","-37.8833","146.75","100.0","GLENMAGGIE THE LAURELS, AS","11",",a","7",",a","0",",a","5.8",",,a,22,+","33.9",",,,a"
"ASN00085035","1945-03","-37.8833","146.75","100.0","GLENMAGGIE THE LAURELS, AS","3",",a","2",",a","0",",a","24.1",",,a,31,","45.7",",,,a"
"ASN00085035","1945-04","-37.8833","146.75","100.0","GLENMAGGIE THE LAURELS, AS","6",",a","6",",a","2",",a","33.8",",,a,10,","74.6",",,,a"
"ASN00085035","1945-05","-37.8833","146.75","100.0","GLENMAGGIE THE LAURELS, AS","5",",a","4",",a","1",",a","73.9",",,a,15,","95.5",",,,a"
"ASN00085035","1945-06","-37.8833","146.75","100.0","GLENMAGGIE THE LAURELS, AS","6",",a","4",",a","0",",a","15.7",",,a,29,","41.6",",,,a"
"ASN00085035","1945-07","-37.8833","146.75","100.0","GLENMAGGIE THE LAURELS, AS","3",",a","3",",a","0",",a","21.6",",,a,13,","28.7",",,,a"
"ASN00085035","1945-08","-37.8833","146.75","100.0","GLENMAGGIE THE LAURELS, AS","4",",a","3",",a","0",",a","11.9",",,a,31,","29.0",",,,a"
"ASN00085035","1945-09","-37.8833","146.75","100.0","GLENMAGGIE THE LAURELS, AS","6",",a","4",",a","0",",a","15.7",",,a,05,","56.4",",,,a"
"ASN00085035","1945-10","-37.8833","146.75","100.0","GLENMAGGIE THE LAURELS, AS","5",",a","4",",a","0",",a","5.6",",,a,24,","16.4",",,,a"
"ASN00085035","1945-11","-37.8833","146.75","100.0","GLENMAGGIE THE LAURELS, AS","5",",a","4",",a","1",",a","55.1",",,a,11,","87.9",",,,a"
"ASN00085035","1945-12","-37.8833","146.75","100.0","GLENMAGGIE THE LAURELS, AS","1",",a","1",",a","0",",a","16.0",",,a,27,","16.0",",,,a"
"ASN00085035","1946-01","-37.8833","146.75","100.0","GLENMAGGIE THE LAURELS, AS","5",",a","5",",a","2",",a","46.2",",,a,19,","115.3",",,,a"
"ASN00085035","1946-02","-37.8833","146.75","100.0","GLENMAGGIE THE LAURELS, AS","7",",a","7",",a","2",",a","29.5",",,a,27,","113.8",",,,a"
"ASN00085035","1946-03","-37.8833","146.75","100.0","GLENMAGGIE THE LAURELS, AS","7",",a","6",",a","1",",a","40.1",",,a,07,","101.4",",,,a"
"ASN00085035","1946-04","-37.8833","146.75","100.0","GLENMAGGIE THE LAURELS, AS","7",",a","5",",a","1",",a","28.4",",,a,19,","64.7",",,,a"
"ASN00085035","1946-05","-37.8833","146.75","100.0","GLENMAGGIE THE LAURELS, AS","2",",a","1",",a","0",",a","8.4",",,a,19,","9.9",",,,a"
"ASN00085035","1946-06","-37.8833","146.75","100.0","GLENMAGGIE THE LAURELS, AS","4",",a","4",",a","0",",a","16.3",",,a,05,","49.1",",,,a"
"ASN00085035","1946-07","-37.8833","146.75","100.0","GLENMAGGIE THE LAURELS, AS","5",",a","5",",a","0",",a","19.3",",,a,29,","38.0",",,,a"
"ASN00085035","1946-08","-37.8833","146.75","100.0","GLENMAGGIE THE LAURELS, AS","4",",a","4",",a","0",",a","11.2",",,a,30,","32.6",",,,a"
"ASN00085035","1946-09","-37.8833","146.75","100.0","GLENMAGGIE THE LAURELS, AS","3",",a","3",",a","0",",a","15.2",",,a,16,","30.4",",,,a"
"ASN00085035","1946-10","-37.8833","146.75","100.0","GLENMAGGIE THE LAURELS, AS","3",",a","3",",a","0",",a","21.6",",,a,14,","50.0",",,,a"
"ASN00085035","1946-11","-37.8833","146.75","100.0","GLENMAGGIE THE LAURELS, AS","7",",a","7",",a","1",",a","45.7",",,a,08,","93.4",",,,a"
"ASN00085035","1946-12","-37.8833","146.75","100.0","GLENMAGGIE THE LAURELS, AS","4",",a","4",",a","0",",a","13.5",",,a,26,","40.5",",,,a"
"ASN00085035","1947-01","-37.8833","146.75","100.0","GLENMAGGIE THE LAURELS, AS","2",",a","1",",a","0",",a","3.8",",,a,24,","5.1",",,,a"
"ASN00085035","1947-02","-37.8833","146.75","100.0","GLENMAGGIE THE LAURELS, AS","5",",a","5",",a","1",",a","30.0",",,a,13,","71.2",",,,a"
"ASN00085035","1947-03","-37.8833","146.75","100.0","GLENMAGGIE THE LAURELS, AS","7",",a","7",",a","1",",a","64.8",",,a,04,","127.3",",,,a"
"ASN00085035","1947-04","-37.8833","146.75","100.0","GLENMAGGIE THE LAURELS, AS","7",",a","7",",a","1",",a","25.4",",,a,16,","76.2",",,,a"
"ASN00085035","1947-05","-37.8833","146.75","100.0","GLENMAGGIE THE LAURELS, AS","3",",a","3",",a","0",",a","6.6",",,a,16,","14.5",",,,a"
"ASN00085035","1947-06","-37.8833","146.75","100.0","GLENMAGGIE THE LAURELS, AS","4",",a","4",",a","0",",a","16.8",",,a,16,","43.2",",,,a"
"ASN00085035","1947-07","-37.8833","146.75","100.0","GLENMAGGIE THE LAURELS, AS","5",",a","4",",a","0",",a","16.3",",,a,13,","36.9",",,,a"
"ASN00085035","1947-08","-37.8833","146.75","100.0","GLENMAGGIE THE LAURELS, AS","4",",a","4",",a","0",",a","13.7",",,a,24,","33.5",",,,a"
"ASN00085035","1947-09","-37.8833","146.75","100.0","GLENMAGGIE THE LAURELS, AS","2",",a","2",",a","0",",a","19.3",",,a,21,","35.3",",,,a"
"ASN00085035","1947-10","-37.8833","146.75","100.0","GLENMAGGIE THE LAURELS, AS","4",",a","4",",a","0",",a","14.5",",,a,20,","43.8",",,,a"
"ASN00085035","1947-11","-37.8833","146.75","100.0","GLENMAGGIE THE LAURELS, AS","1",",a","1",",a","0",",a","6.4",",,a,29,","6.4",",,,a"
"ASN00085035","1947-12","-37.8833","146.75","100.0","GLENMAGGIE THE LAURELS, AS","8",",a","8",",a","0",",a","24.4",",,a,15,","96.8",",,,a"
"ASN00085035","1948-01","-37.8833","146.75","100.0","GLENMAGGIE THE LAURELS, AS","7",",a","7",",a","2",",a","57.9",",,a,05,","134.3",",,,a"
"ASN00085035","1948-02","-37.8833","146.75","100.0","GLENMAGGIE THE LAURELS, AS","4",",a","4",",a","0",",a","22.9",",,a,14,","58.7",",,,a"
"ASN00085035","1948-03","-37.8833","146.75","100.0","GLENMAGGIE THE LAURELS, AS","1",",a","1",",a","0",",a","5.6",",,a,28,","5.6",",,,a"
"ASN00085035","1948-04","-37.8833","146.75","100.0","GLENMAGGIE THE LAURELS, AS","8",",a","7",",a","0",",a","11.2",",,a,12,","44.7",",,,a"
"ASN00085035","1948-05","-37.8833","146.75","100.0","GLENMAGGIE THE LAURELS, AS","7",",a","7",",a","3",",a","34.0",",,a,28,","151.4",",,,a"
"ASN00085035","1948-06","-37.8833","146.75","100.0","GLENMAGGIE THE LAURELS, AS","3",",a","3",",a","0",",a","19.3",",,a,02,","38.4",",,,a"
"ASN00085035","1948-07","-37.8833","146.75","100.0","GLENMAGGIE THE LAURELS, AS","3",",a","3",",a","0",",a","7.6",",,a,22,","15.7",",,,a"
"ASN00085035","1948-08","-37.8833","146.75","100.0","GLENMAGGIE THE LAURELS, AS","3",",a","3",",a","0",",a","12.2",",,a,25,","24.1",",,,a"
"ASN00085035","1948-09","-37.8833","146.75","100.0","GLENMAGGIE THE LAURELS, AS","5",",a","5",",a","0",",a","10.2",",,a,05,","25.1",",,,a"
"ASN00085035","1948-10","-37.8833","146.75","100.0","GLENMAGGIE THE LAURELS, AS","7",",a","7",",a","2",",a","58.4",",,a,22,","163.8",",,,a"
"ASN00085035","1948-11","-37.8833","146.75","100.0","GLENMAGGIE THE LAURELS, AS","4",",a","4",",a","0",",a","17.0",",,a,17,","39.4",",,,a"
"ASN00085035","1948-12","-37.8833","146.75","100.0","GLENMAGGIE THE LAURELS, AS","4",",a","2",",a","1",",a","35.6",",,a,29,","39.4",",,,a"
"ASN00085035","1949-01","-37.8833","146.75","100.0","GLENMAGGIE THE LAURELS, AS","5",",a","5",",a","0",",a","15.2",",,a,03,","51.2",",,,a"
"ASN00085035","1949-02","-37.8833","146.75","100.0","GLENMAGGIE THE LAURELS, AS","6",",a","4",",a","1",",a","50.8",",,a,22,","99.6",",,,a"
"ASN00085035","1949-03","-37.8833","146.75","100.0","GLENMAGGIE THE LAURELS, AS","9",",a","9",",a","2",",a","29.5",",,a,06,","131.0",",,,a"
"ASN00085035","1949-04","-37.8833","146.75","100.0","GLENMAGGIE THE LAURELS, AS","3",",a","3",",a","1",",a","30.5",",,a,10,","50.3",",,,a"
"ASN00085035","1949-05","-37.8833","146.75","100.0","GLENMAGGIE THE LAURELS, AS","7",",a","7",",a","1",",a","58.4",",,a,20,","103.6",",,,a"
"ASN00085035","1949-06","-37.8833","146.75","100.0","GLENMAGGIE THE LAURELS, AS","4",",a","4",",a","1",",a","31.5",",,a,05,","45.2",",,,a"
"ASN00085035","1949-07","-37.8833","146.75","100.0","GLENMAGGIE THE LAURELS, AS","3",",a","3",",a","1",",a","53.3",",,a,20,","63.4",",,,a"
"ASN00085035","1949-08","-37.8833","146.75","100.0","GLENMAGGIE THE LAURELS, AS","5",",a","5",",a","1",",a","53.3",",,a,26,","72.3",",,,a"
"ASN00085035","1949-09","-37.8833","146.75","100.0","GLENMAGGIE THE LAURELS, AS","8",",a","7",",a","0",",a","7.4",",,a,16,","34.3",",,,a"
"ASN00085035","1949-10","-37.8833","146.75","100.0","GLENMAGGIE THE LAURELS, AS","5",",a","4",",a","1",",a","47.0",",,a,04,","68.8",",,,a"
"ASN00085035","1949-11","-37.8833","146.75","100.0","GLENMAGGIE THE LAURELS, AS","6",",a","6",",a","2",",a","36.6",",,a,11,","95.3",",,,a"
"ASN00085035","1949-12","-37.8833","146.75","100.0","GLENMAGGIE THE LAURELS, AS","3",",a","3",",a","0",",a","10.2",",,a,21,","20.3",",,,a"
"ASN00085035","1950-01","-37.8833","146.75","100.0","GLENMAGGIE THE LAURELS, AS","4",",a","3",",a","0",",a","9.4",",,a,17,","16.9",",,,a"
"ASN00085035","1950-02","-37.8833","146.75","100.0","GLENMAGGIE THE LAURELS, AS","11",",a","11",",a","1",",a","34.3",",,a,03,","123.8",",,,a"
"ASN00085035","1950-03","-37.8833","146.75","100.0","GLENMAGGIE THE LAURELS, AS","11",",a","11",",a","3",",a","63.5",",,a,18,","264.0",",,,a"
"ASN00085035","1950-04","-37.8833","146.75","100.0","GLENMAGGIE THE LAURELS, AS","7",",a","7",",a","4",",a","63.5",",,a,05,","177.3",",,,a"
"ASN00085035","1950-05","-37.8833","146.75","100.0","GLENMAGGIE THE LAURELS, AS","12",",a","5",",a","0",",a","18.5",",,a,27,","45.0",",,,a"
"ASN00085035","1950-06","-37.8833","146.75","100.0","GLENMAGGIE THE LAURELS, AS","7",",a","4",",a","0",",a","7.1",",,a,29,","22.4",",,,a"
"ASN00085035","1950-07","-37.8833","146.75","100.0","GLENMAGGIE THE LAURELS, AS","3",",a","2",",a","0",",a","8.9",",,a,23,","13.9",",,,a"
"ASN00085035","1950-11","-37.8833","146.75","100.0","GLENMAGGIE THE LAURELS, AS","3",",a","3",",a","0",",a","9.7",",,a,30,","18.3",",,,a"
"ASN00085035","1950-12","-37.8833","146.75","100.0","GLENMAGGIE THE LAURELS, AS","8",",a","6",",a","1",",a","27.9",",,a,21,","90.1",",,,a"
"ASN00085035","1951-01","-37.8833","146.75","100.0","GLENMAGGIE THE LAURELS, AS","4",",a","3",",a","0",",a","22.9",",,a,08,","32.0",",,,a"
"ASN00085035","1951-02","-37.8833","146.75","100.0","GLENMAGGIE THE LAURELS, AS","9",",a","9",",a","2",",a","61.7",",,a,19,","172.9",",,,a"
"ASN00085035","1951-03","-37.8833","146.75","100.0","GLENMAGGIE THE LAURELS, AS","1",",a","1",",a","0",",a","2.5",",,a,21,","2.5",",,,a"
"ASN00085035","1951-04","-37.8833","146.75","100.0","GLENMAGGIE THE LAURELS, AS","2",",a","1",",a","0",",a","5.8",",,a,08,","8.1",",,,a"
"ASN00085035","1951-05","-37.8833","146.75","100.0","GLENMAGGIE THE LAURELS, AS","7",",a","5",",a","0",",a","7.6",",,a,26,","30.4",",,,a"
"ASN00085035","1951-06","-37.8833","146.75","100.0","GLENMAGGIE THE LAURELS, AS","14",",a","11",",a","1",",a","41.7",",,a,26,","90.8",",,,a"
"ASN00085035","1951-07","-37.8833","146.75","100.0","GLENMAGGIE THE LAURELS, AS","5",",a","4",",a","0",",a","8.6",",,a,07,","27.9",",,,a"
"ASN00085035","1951-10","-37.8833","146.75","100.0","GLENMAGGIE THE LAURELS, AS","6",",a","5",",a","0",",a","13.2",",,a,23,","37.7",",,,a"
"ASN00085035","1951-11","-37.8833","146.75","100.0","GLENMAGGIE THE LAURELS, AS","6",",a","6",",a","0",",a","11.4",",,a,27,","43.8",",,,a"
"ASN00085035","1951-12","-37.8833","146.75","100.0","GLENMAGGIE THE LAURELS, AS","6",",a","5",",a","0",",a","14.7",",,a,10,","36.9",",,,a"
"ASN00085035","1952-01","-37.8833","146.75","100.0","GLENMAGGIE THE LAURELS, AS","1",",a","1",",a","0",",a","8.6",",,a,07,","8.6",",,,a"
"ASN00085035","1952-02","-37.8833","146.75","100.0","GLENMAGGIE THE LAURELS, AS","7",",a","5",",a","0",",a","17.5",",,a,18,","35.7",",,,a"
"ASN00085035","1952-03","-37.8833","146.75","100.0","GLENMAGGIE THE LAURELS, AS","5",",a","4",",a","2",",a","55.9",",,a,22,","94.0",",,,a"
"ASN00085035","1952-04","-37.8833","146.75","100.0","GLENMAGGIE THE LAURELS, AS","11",",a","10",",a","2",",a","47.8",",,a,24,","151.3",",,,a"
"ASN00085035","1952-05","-37.8833","146.75","100.0","GLENMAGGIE THE LAURELS, AS","8",",a","6",",a","0",",a","11.2",",,a,25,","56.2",",,,a"
"ASN00085035","1952-06","-37.8833","146.75","100.0","GLENMAGGIE THE LAURELS, AS","15",",a","15",",a","4",",a","95.3",",,a,16,","315.8",",,,a"
"ASN00085035","1952-07","-37.8833","146.75","100.0","GLENMAGGIE THE LAURELS, AS","5","3,a","5","3,a","0","3,a","17.8","3,,a,31,","53.3",",a,,a"
"ASN00085035","1952-08","-37.8833","146.75","100.0","GLENMAGGIE THE LAURELS, AS","8",",a","7",",a","0",",a","9.1",",,a,05,","47.0",",,,a"
"ASN00085035","1952-09","-37.8833","146.75","100.0","GLENMAGGIE THE LAURELS, AS","10",",a","6",",a","0",",a","15.2",",,a,22,","47.4",",,,a"
"ASN00085035","1952-10","-37.8833","146.75","100.0","GLENMAGGIE THE LAURELS, AS","13",",a","8",",a","1",",a","43.2",",,a,06,","107.1",",,,a"
"ASN00085035","1952-11","-37.8833","146.75","100.0","GLENMAGGIE THE LAURELS, AS","12",",a","12",",a","0",",a","16.0",",,a,20,","95.5",",,,a"
"ASN00085035","1952-12","-37.8833","146.75","100.0","GLENMAGGIE THE LAURELS, AS","7",",a","6",",a","1",",a","28.7",",,a,12,","93.7",",,,a"
"ASN00085035","1953-01","-37.8833","146.75","100.0","GLENMAGGIE THE LAURELS, AS","4",",a","4",",a","0",",a","20.6",",,a,15,","54.3",",,,a"
"ASN00085035","1953-02","-37.8833","146.75","100.0","GLENMAGGIE THE LAURELS, AS","3",",a","2",",a","1",",a","27.9",",,a,06,","32.9",",,,a"
"ASN00085035","1953-03","-37.8833","146.75","100.0","GLENMAGGIE THE LAURELS, AS","1",",a","0",",a","0",",a","1.5",",,a,11,","1.5",",,,a"
"ASN00085035","1953-04","-37.8833","146.75","100.0","GLENMAGGIE THE LAURELS, AS","3",",a","2",",a","0",",a","5.3",",,a,16,","10.2",",,,a"
"ASN00085035","1953-05","-37.8833","146.75","100.0","GLENMAGGIE THE LAURELS, AS","9",",a","6",",a","0",",a","15.5",",,a,07,","47.4",",,,a"
"ASN00085035","1953-06","-37.8833","146.75","100.0","GLENMAGGIE THE LAURELS, AS","8",",a","5",",a","0",",a","9.1",",,a,23,","27.6",",,,a"
"ASN00085035","1953-07","-37.8833","146.75","100.0","GLENMAGGIE THE LAURELS, AS","5","2,a","4","2,a","0","2,a","14.5","2,,a,23,","44.0",",a,,a"
"ASN00085035","1953-08","-37.8833","146.75","100.0","GLENMAGGIE THE LAURELS, AS","7",",a","6",",a","1",",a","29.2",",,a,06,","63.4",",,,a"
"ASN00085035","1953-09","-37.8833","146.75","100.0","GLENMAGGIE THE LAURELS, AS","8",",a","8",",a","0",",a","15.7",",,a,30,","59.2",",,,a"
"ASN00085035","1953-10","-37.8833","146.75","100.0","GLENMAGGIE THE LAURELS, AS","13",",a","12",",a","1",",a","85.3",",,a,20,","158.6",",,,a"
"ASN00085035","1953-11","-37.8833","146.75","100.0","GLENMAGGIE THE LAURELS, AS","8",",a","7",",a","0",",a","16.5",",,a,22,","65.1",",,,a"
"ASN00085035","1953-12","-37.8833","146.75","100.0","GLENMAGGIE THE LAURELS, AS","6",",a","6",",a","0",",a","13.5",",,a,30,","31.5",",,,a"
"ASN00085035","1954-01","-37.8833","146.75","100.0","GLENMAGGIE THE LAURELS, AS","8",",a","7",",a","2",",a","101.6",",,a,29,","179.5",",,,a"
"ASN00085035","1954-02","-37.8833","146.75","100.0","GLENMAGGIE THE LAURELS, AS","4",",a","3",",a","1",",a","52.1",",,a,16,","70.6",",,,a"
"ASN00085035","1954-03","-37.8833","146.75","100.0","GLENMAGGIE THE LAURELS, AS","2",",a","1",",a","0",",a","9.7",",,a,05,","11.5",",,,a"
"ASN00085035","1954-04","-37.8833","146.75","100.0","GLENMAGGIE THE LAURELS, AS","5",",a","2",",a","0",",a","8.4",",,a,15,","16.1",",,,a"
"ASN00085035","1954-06","-37.8833","146.75","100.0","GLENMAGGIE THE LAURELS, AS","5",",a","5",",a","0",",a","24.9",",,a,05,","80.2",",,,a"
"ASN00085035","1954-07","-37.8833","146.75","100.0","GLENMAGGIE THE LAURELS, AS","3",",a","3",",a","0",",a","12.2",",,a,17,","17.5",",,,a"
"ASN00085035","1954-08","-37.8833","146.75","100.0","GLENMAGGIE THE LAURELS, AS","5","2,a","3","2,a","0","2,a","15.2","2,,a,02,","42.7",",a,,a"
"ASN00085035","1954-09","-37.8833","146.75","100.0","GLENMAGGIE THE LAURELS, AS","6",",a","4",",a","0",",a","5.6",",,a,06,","18.0",",,,a"
"ASN00085035","1954-10","-37.8833","146.75","100.0","GLENMAGGIE THE LAURELS, AS","7",",a","7",",a","0",",a","21.1",",,a,19,","67.2",",,,a"
"ASN00085035","1954-11","-37.8833","146.75","100.0","GLENMAGGIE THE LAURELS, AS","8","2,a","8","2,a","2","2,a","53.3","2,,a,03,","211.9",",a,,a"
"ASN00085035","1954-12","-37.8833","146.75","100.0","GLENMAGGIE THE LAURELS, AS","6",",a","6",",a","1",",a","38.1",",,a,04,","75.0",",,,a"
"ASN00085035","1955-01","-37.8833","146.75","100.0","GLENMAGGIE THE LAURELS, AS","1",",a","1",",a","0",",a","2.5",",,a,30,","2.5",",,,a"
"ASN00085035","1955-02","-37.8833","146.75","100.0","GLENMAGGIE THE LAURELS, AS","3","2,a","3","2,a","1","2,a","29.2","2,,a,15,","78.2",",a,,a"
"ASN00085035","1955-03","-37.8833","146.75","100.0","GLENMAGGIE THE LAURELS, AS","4",",a","4",",a","0",",a","22.9",",,a,05,","53.4",",,,a"
"ASN00085035","1955-04","-37.8833","146.75","100.0","GLENMAGGIE THE LAURELS, AS","1",",a","1",",a","0",",a","6.4",",,a,25,","6.4",",,,a"
"ASN00085035","1955-05","-37.8833","146.75","100.0","GLENMAGGIE THE LAURELS, AS","2",",a","2",",a","2",",a","45.7",",,a,04,","74.9",",,,a"
"ASN00085035","1955-06","-37.8833","146.75","100.0","GLENMAGGIE THE LAURELS, AS","6",",a","5",",a","0",",a","10.2",",,a,06,","31.5",",,,a"
"ASN00085035","1955-07","-37.8833","146.75","100.0","GLENMAGGIE THE LAURELS, AS","1",",a","1",",a","0",",a","2.5",",,a,28,","2.5",",,,a"
"ASN00085035","1955-08","-37.8833","146.75","100.0","GLENMAGGIE THE LAURELS, AS","11",",a","9",",a","0",",a","12.7",",,a,16,","50.9",",,,a"
"ASN00085035","1955-09","-37.8833","146.75","100.0","GLENMAGGIE THE LAURELS, AS","4",",a","4",",a","1",",a","39.9",",,a,21,","57.2",",,,a"
"ASN00085035","1955-10","-37.8833","146.75","100.0","GLENMAGGIE THE LAURELS, AS","9",",a","8",",a","0",",a","14.0",",,a,09,","60.6",",,,a"
"ASN00085035","1955-11","-37.8833","146.75","100.0","GLENMAGGIE THE LAURELS, AS","5",",a","3",",a","0",",a","9.1",",,a,25,","21.3",",,,a"
"ASN00085035","1955-12","-37.8833","146.75","100.0","GLENMAGGIE THE LAURELS, AS","7","5,a","6","5,a","3","5,a","77.5","5,,a,25,","181.4",",a,,a"
"ASN00085035","1956-01","-37.8833","146.75","100.0","GLENMAGGIE THE LAURELS, AS","6",",a","6",",a","3",",a","52.1",",,a,20,","159.2",",,,a"
"ASN00085035","1956-02","-37.8833","146.75","100.0","GLENMAGGIE THE LAURELS, AS","2",",a","2",",a","0",",a","21.1",",,a,17,","24.9",",,,a"
"ASN00085035","1956-03","-37.8833","146.75","100.0","GLENMAGGIE THE LAURELS, AS","13",",a","10",",a","0",",a","13.7",",,a,13,","86.4",",,,a"
"ASN00085035","1956-04","-37.8833","146.75","100.0","GLENMAGGIE THE LAURELS, AS","7",",a","5",",a","0",",a","22.1",",,a,07,","48.9",",,,a"
"ASN00085035","1956-05","-37.8833","146.75","100.0","GLENMAGGIE THE LAURELS, AS","8",",a","7",",a","2",",a","61.7",",,a,13,","146.8",",,,a"
"ASN00085035","1956-06","-37.8833","146.75","100.0","GLENMAGGIE THE LAURELS, AS","10",",a","8",",a","0",",a","10.2",",,a,10,+","52.7",",,,a"
"ASN00085035","1956-07","-37.8833","146.75","100.0","GLENMAGGIE THE LAURELS, AS","8",",a","4",",a","0",",a","9.1",",,a,02,","29.4",",,,a"
"ASN00085035","1956-08","-37.8833","146.75","100.0","GLENMAGGIE THE LAURELS, AS","7",",a","7",",a","0",",a","15.2",",,a,15,","48.1",",,,a"
"ASN00085035","1956-09","-37.8833","146.75","100.0","GLENMAGGIE THE LAURELS, AS","7",",a","7",",a","0",",a","14.0",",,a,22,","50.3",",,,a"
"ASN00085035","1956-10","-37.8833","146.75","100.0","GLENMAGGIE THE LAURELS, AS","11",",a","8",",a","0",",a","12.7",",,a,18,","64.2",",,,a"
"ASN00085035","1956-11","-37.8833","146.75","100.0","GLENMAGGIE THE LAURELS, AS","7",",a","5",",a","0",",a","14.0",",,a,16,","34.8",",,,a"
"ASN00085035","1956-12","-37.8833","146.75","100.0","GLENMAGGIE THE LAURELS, AS","4",",a","3",",a","0",",a","7.6",",,a,14,","20.9",",,,a"
"ASN00085035","1957-01","-37.8833","146.75","100.0","GLENMAGGIE THE LAURELS, AS","1",",a","1",",a","0",",a","8.6",",,a,19,","8.6",",,,a"
"ASN00085035","1957-02","-37.8833","146.75","100.0","GLENMAGGIE THE LAURELS, AS","6",",a","5",",a","0",",a","8.9",",,a,16,","27.7",",,,a"
"ASN00085035","1957-03","-37.8833","146.75","100.0","GLENMAGGIE THE LAURELS, AS","6",",a","5",",a","0",",a","10.2",",,a,14,","37.6",",,,a"
"ASN00085035","1957-04","-37.8833","146.75","100.0","GLENMAGGIE THE LAURELS, AS","1",",a","1",",a","0",",a","4.3",",,a,17,","4.3",",,,a"
"ASN00085035","1957-05","-37.8833","146.75","100.0","GLENMAGGIE THE LAURELS, AS","4",",a","3",",a","0",",a","5.1",",,a,22,","12.7",",,,a"
"ASN00085035","1957-06","-37.8833","146.75","100.0","GLENMAGGIE THE LAURELS, AS","6",",a","5",",a","1",",a","29.7",",,a,22,","58.3",",,,a"
"ASN00085035","1957-07","-37.8833","146.75","100.0","GLENMAGGIE THE LAURELS, AS","7","2,a","5","2,a","1","2,a","55.9","2,,a,10,","137.9",",a,,a"
"ASN00085035","1957-08","-37.8833","146.75","100.0","GLENMAGGIE THE LAURELS, AS","7",",a","7",",a","0",",a","12.7",",,a,23,","42.8",",,,a"
"ASN00085035","1957-09","-37.8833","146.75","100.0","GLENMAGGIE THE LAURELS, AS","1",",a","1",",a","1",",a","26.7",",,a,16,","26.7",",,,a"
"ASN00085035","1957-10","-37.8833","146.75","100.0","GLENMAGGIE THE LAURELS, AS","3",",a","3",",a","2",",a","37.6",",,a,04,","90.9",",,,a"
"ASN00085035","1957-11","-37.8833","146.75","100.0","GLENMAGGIE THE LAURELS, AS","5",",a","5",",a","0",",a","22.9",",,a,07,","54.9",",,,a"
"ASN00085035","1957-12","-37.8833","146.75","100.0","GLENMAGGIE THE LAURELS, AS","2",",a","2",",a","0",",a","17.8",",,a,29,","26.7",",,,a"
