"STATION","DATE","LATITUDE","LONGITUDE","ELEVATION","NAME","CDSD","CDSD_ATTRIBUTES","CLDD","CLDD_ATTRIBUTES","DP01","DP01_ATTRIBUTES","DP10","DP10_ATTRIBUTES","DP1X","DP1X_ATTRIBUTES","DSND","DSND_ATTRIBUTES","DT00","DT00_ATTRIBUTES","DT32","DT32_ATTRIBUTES","DX32","DX32_ATTRIBUTES","DX70","DX70_ATTRIBUTES","DX90","DX90_ATTRIBUTES","EMNT","EMNT_ATTRIBUTES","EMSD","EMSD_ATTRIBUTES","EMXP","EMXP_ATTRIBUTES","EMXT","EMXT_ATTRIBUTES","HDSD","HDSD_ATTRIBUTES","HTDD","HTDD_ATTRIBUTES","PRCP","PRCP_ATTRIBUTES","TAVG","TAVG_ATTRIBUTES","TMAX","TMAX_ATTRIBUTES","TMIN","TMIN_ATTRIBUTES","WDFG","WDFG_ATTRIBUTES","WSFG","WSFG_ATTRIBUTES"
"CA00830P001","2000-07","46.35","-63.1667","53.0","HARRINGTON CDA CS, PE CA","","","15.2",",C","15",",C","8",",C","1",",C","0",",","0",",C","0",",C","0",",C","19",",C","0",",C","10.6",",C,20,","0",",,C,31,+","28.5",",,C,29,","26.8",",C,03,","36.2","C","36.2",",C","140.2",",,,C","17.65",",C","21.75",",,,C","13.55",",,,C","","","",""
"CA00830P001","2000-08","46.35","-63.1667","53.0","HARRINGTON CDA CS, PE CA","","","25.7",",C","18",",C","10",",C","0",",C","0",",","0",",C","0",",C","0",",C","20",",C","0",",C","9.8",",C,29,","0",",,C,31,+","11.5",",,C,10,","26.2",",C,26,","62.5","C","26.3",",C","67.3",",,,C","18.31",",C","22.10",",,,C","14.53",",,,C","","","",""
"CA00830P001","2000-09","46.35","-63.1667","53.0","HARRINGTON CDA CS, PE CA","","","4.6",",C","13",",C","8",",C","0",",C","0",",","0",",C","0",",C","0",",C","7",",C","0",",C","0.4",",C,30,","0",",,C,30,+","17.7",",,C,24,","28.5",",C,01,","198.7","C","136.2",",C","68.4",",,,C","13.95",",C","17.86",",,,C","10.03",",,,C","","","",""
"CA00830P001","2000-10","46.35","-63.1667","53.0","HARRINGTON CDA CS, PE CA","","","0.0",",C","14",",C","7",",C","2",",C","0",",","0",",C","1",",C","0",",C","0",",C","0",",C","-1.1",",C,17,","0",",,C,31,+","62.1",",,C,28,","18.5",",C,02,+","482.3","C","283.6",",C","169.6",",,,C","9.19",",C","12.72",",,,C","5.65",",,,C","","","",""
"CA00830P001","2000-11","46.35","-63.1667","53.0","HARRINGTON CDA CS, PE CA","","","0.0",",C","23",",C","12",",C","1",",C","1","3,","0",",C","10",",C","3",",C","0",",C","0",",C","-9.4",",C,26,","40","3,,C,24,","29.7",",,C,05,","10.4",",C,15,","923.3","C","441.0",",C","136.6",",,,C","3.63",",C","5.21",",,,C","2.06",",,,C","","","",""
"CA00830P001","2000-12","46.35","-63.1667","53.0","HARRINGTON CDA CS, PE CA","","","0.0",",C","18",",C","10",",C","0",",C","21",",","1",",C","30",",C","19",",C","0",",C","0",",C","-17.9",",C,25,","380",",,C,23,","24.4",",,C,20,","13.1",",C,17,","1646.2","C","722.9",",C","111.3",",,,C","-4.99",",C","-1.49",",,,C","-8.48",",,,C","","","",""
"CA00830P001","2001-01","46.35","-63.1667","53.0","HARRINGTON CDA CS, PE CA","0.0","","0.0",",C","22",",C","5",",C","0",",C","31",",","0",",C","31",",C","31",",C","0",",C","0",",C","-17.6",",C,23,","520",",,C,31,+","20.6",",,C,06,","0.0",",C,01,","2445.4","","799.2",",C","64.2",",,,C","-7.45",",C","-4.04",",,,C","-10.85",",,,C","","","",""
"CA00830P001","2001-03","46.35","-63.1667","53.0","HARRINGTON CDA CS, PE CA","","","0.0",",C","14",",C","7",",C","0",",C","31",",","2",",C","31",",C","11",",C","0",",C","0",",C","-20.3",",C,02,","420",",,C,10,","9.0",",,C,30,","7.2",",C,30,","","","647.9",",C","48.8",",,,C","-2.57",",C","0.81",",,,C","-5.95",",,,C","","","",""
"CA00830P001","2001-04","46.35","-63.1667","53.0","HARRINGTON CDA CS, PE CA","","","0.0",",C","14",",C","7",",C","0",",C","22",",","0",",C","24",",C","5",",C","0",",C","0",",C","-8.0",",C,07,","360",",,C,10,","19.4",",,C,27,","12.6",",C,21,","","","510.3",",C","63.9",",,,C","1.32",",C","4.47",",,,C","-1.83",",,,C","","","",""
"CA00830P001","2001-05","46.35","-63.1667","53.0","HARRINGTON CDA CS, PE CA","","","0.0",",C","15",",C","5",",C","2",",C","0",",","0",",C","3",",C","0",",C","9",",C","0",",C","-4.0",",C,01,","0",",,C,31,+","39.1",",,C,09,","24.6",",C,27,","","","243.4",",C","120.1",",,,C","10.48",",C","15.98",",,,C","4.98",",,,C","","","",""
"CA00830P001","2001-06","46.35","-63.1667","53.0","HARRINGTON CDA CS, PE CA","","","19.9",",C","12",",C","5",",C","1",",C","0",",","0",",C","0",",C","0",",C","17",",C","0",",C","4.1",",C,09,","0",",,C,30,+","28.0",",,C,30,","29.7",",C,27,","","","82.6",",C","86.2",",,,C","16.24",",C","20.93",",,,C","11.56",",,,C","","","",""
"CA00830P001","2001-07","46.35","-63.1667","53.0","HARRINGTON CDA CS, PE CA","","","26.5",",C","10",",C","3",",C","1",",C","0",",","0",",C","0",",C","0",",C","20",",C","0",",C","9.8",",C,28,","0",",,C,31,+","28.4",",,C,11,","29.6",",C,24,","31.3","","31.3",",C","65.2",",,,C","18.18",",C","22.59",",,,C","13.76",",,,C","","","",""
"CA00830P001","2001-08","46.35","-63.1667","53.0","HARRINGTON CDA CS, PE CA","","","66.7",",C","4",",C","1",",C","0",",C","0",",","0",",C","0",",C","0",",C","26",",C","0",",C","10.2",",C,30,","0",",,C,31,+","5.4",",,C,17,","32.1",",C,10,","41.7","","10.4",",C","10.9",",,,C","20.15",",C","24.95",",,,C","15.34",",,,C","","","",""
"CA00830P001","2001-09","46.35","-63.1667","53.0","HARRINGTON CDA CS, PE CA","","","25.7",",C","9",",C","3",",C","0",",C","0",",","0",",C","0",",C","0",",C","15",",C","0",",C","4.5",",C,20,","0",",,C,30,+","15.2",",,C,01,","32.0",",C,09,","133.1","","91.4",",C","27.5",",,,C","16.14",",C","20.71",",,,C","11.57",",,,C","","","",""
"CA00830P001","2001-10","46.35","-63.1667","53.0","HARRINGTON CDA CS, PE CA","","","0.0",",C","9",",C","6",",C","1",",C","0",",","0",",C","1",",C","0",",C","6",",C","0",",C","-0.1",",C,29,","0",",,C,31,+","43.3",",,C,17,","24.0",",C,06,+","367.5","","234.4",",C","83.8",",,,C","10.77",",C","15.17",",,,C","6.37",",,,C","","","",""
"CA00830P001","2001-11","46.35","-63.1667","53.0","HARRINGTON CDA CS, PE CA","","","0.0",",C","16",",C","11",",C","0",",C","0",",","0",",C","16",",C","2",",C","0",",C","0",",C","-5.1",",C,18,","20",",,C,12,","17.8",",,C,07,","15.3",",C,02,","800.7","","433.2",",C","81.1",",,,C","3.89",",C","6.99",",,,C","0.80",",,,C","","","",""
"CA00830P001","2002-02","46.35","-63.1667","53.0","HARRINGTON CDA CS, PE CA","","","0.0",",C","12",",C","7",",C","0",",C","27",",","5",",C","24",",C","17",",C","0",",C","0",",C","-21.1",",C,12,","590",",,C,09,","22.7",",,C,21,","6.9",",C,27,","","","685.7",",C","81.4",",,,C","-6.16",",C","-1.95",",,,C","-10.36",",,,C","","","",""
"CA00830P001","2002-03","46.35","-63.1667","53.0","HARRINGTON CDA CS, PE CA","","","0.0",",C","14",",C","9",",C","0",",C","17","3,","0",",C","28",",C","15",",C","0",",C","0",",C","-12.7",",C,23,","220","3,,C,22,","21.5",",,C,27,","10.9",",C,10,","","","639.3",",C","78.6",",,,C","-2.29",",C","1.07",",,,C","-5.65",",,,C","","","",""
"CA00830P001","2002-04","46.35","-63.1667","53.0","HARRINGTON CDA CS, PE CA","","","0.0",",C","16",",C","11",",C","0",",C","","","0",",C","17",",C","0",",C","0",",C","0",",C","-4.5",",C,08,","","","16.7",",,C,01,","12.8",",C,16,","","","463.3",",C","85.1",",,,C","2.89",",C","5.70",",,,C","0.07",",,,C","","","",""
"CA00830P001","2002-05","46.35","-63.1667","53.0","HARRINGTON CDA CS, PE CA","","","0.5",",C","16",",C","10",",C","0",",C","1",",","0",",C","5",",C","0",",C","6",",C","0",",C","-1.9",",C,05,","60",",,C,01,","15.4",",,C,30,","25.0",",C,29,","","","270.0",",C","72.2",",,,C","9.64",",C","14.97",",,,C","4.31",",,,C","","","",""
"CA00830P001","2002-06","46.35","-63.1667","53.0","HARRINGTON CDA CS, PE CA","","","3.5",",C","15",",C","8",",C","0",",C","0",",","0",",C","0",",C","0",",C","7",",C","0",",C","1.4",",C,08,","0",",,C,30,+","21.8",",,C,09,","26.3",",C,26,","","","162.4",",C","84.9",",,,C","13.04",",C","17.12",",,,C","8.95",",,,C","","","",""
"CA00830P001","2002-07","46.35","-63.1667","53.0","HARRINGTON CDA CS, PE CA","","","26.7",",C","13",",C","7",",C","1",",C","0",",","0",",C","0",",C","0",",C","21",",C","0",",C","8.3",",C,25,","0",",,C,31,+","35.4",",,C,04,","29.6",",C,23,","38.5","C","38.5",",C","79.3",",,,C","17.95",",C","22.16",",,,C","13.75",",,,C","","","",""
"CA00830P001","2002-08","46.35","-63.1667","53.0","HARRINGTON CDA CS, PE CA","","","54.9","1,C","8","4,C","3","4,C","0","4,C","0",",","0","1,C","0","1,C","0",",C","19",",C","0",",C","8.2","1,C,24,","0",",,C,31,+","20.6","4,,C,06,","31.7",",C,15,","68.6","C","30.1",",C","42.1","4,,,C","19.15","1,C","23.27",",,,C","15.02","1,,,C","","","",""
"CA00830P001","2002-09","46.35","-63.1667","53.0","HARRINGTON CDA CS, PE CA","","","10.1",",C","15",",C","11",",C","2",",C","0",",","0",",C","0",",C","0",",C","11",",C","0",",C","4.0",",C,30,","0",",,C,30,+","60.2",",,C,11,","27.1",",C,10,","185.4","C","116.8",",C","192.9",",,,C","14.77",",C","18.73",",,,C","10.81",",,,C","","","",""
"CA00830P001","2002-10","46.35","-63.1667","53.0","HARRINGTON CDA CS, PE CA","","","0.9",",C","18",",C","10",",C","0",",C","0",",","0",",C","2",",C","0",",C","1",",C","0",",C","-1.9",",C,26,","0",",,C,31,+","23.1",",,C,27,","23.8",",C,02,","530.4","C","345.0",",C","128.2",",,,C","7.23",",C","10.50",",,,C","3.96",",,,C","","","",""
"CA00830P001","2002-11","46.35","-63.1667","53.0","HARRINGTON CDA CS, PE CA","","","0.0",",C","17",",C","11",",C","2",",C","6",",","0",",C","21",",C","3",",C","0",",C","0",",C","-8.8",",C,29,","130",",,C,30,","59.1",",,C,17,","17.8",",C,11,","1027.9","C","497.5",",C","189.9",",,,C","1.75",",C","4.75",",,,C","-1.25",",,,C","","","",""
"CA00830P001","2002-12","46.35","-63.1667","53.0","HARRINGTON CDA CS, PE CA","","","0.0",",C","14","1,C","7","1,C","1","1,C","21","2,","1",",C","29",",C","19",",C","0",",C","0",",C","-18.5",",C,09,","370","2,,C,30,+","33.7","1,,C,14,","8.9",",C,21,","1706.7","C","678.8",",C","90.8","1,,,C","-3.56",",C","-0.57",",,,C","-6.56",",,,C","","","",""
"CA00830P001","2003-01","46.35","-63.1667","53.0","HARRINGTON CDA CS, PE CA","0.0","C","0.0","2,C","10","4,C","5","4,C","0","4,C","28","3,","8","1,C","30","1,C","28","2,C","0","2,C","0","2,C","-22.9","1,C,15,","560","3,,C,28,","11.7","4,,C,31,","2.8","2,C,01,","2520.3","C","813.6","2,C","32.8","4,,,C","-9.77","2,C","-6.30","2,,,C","-13.23","1,,,C","","","",""
"CA00830P001","2003-03","46.35","-63.1667","53.0","HARRINGTON CDA CS, PE CA","","","0.0","5,C","11","5,C","6","5,C","2","5,C","","","2","3,C","26","3,C","12","5,C","0","5,C","0","5,C","-18.4","3,C,10,","","","38.4","5,,C,30,","9.3","5,C,30,","","","588.0","5,C","124.4","5,,,C","-4.44","5,C","-0.23","5,,,C","-8.65","3,,,C","","","",""
"CA00830P001","2003-04","46.35","-63.1667","53.0","HARRINGTON CDA CS, PE CA","","","0.0",",C","11","2,C","5","2,C","0","2,C","16",",","0",",C","19",",C","8",",C","1",",C","0",",C","-11.9",",C,17,","210",",,C,07,","22.4","2,,C,12,","21.7",",C,29,","","","491.9",",C","59.0","2,,,C","1.94",",C","6.18",",,,C","-2.31",",,,C","","","",""
"CA00830P001","2003-05","46.35","-63.1667","53.0","HARRINGTON CDA CS, PE CA","","","0.0",",C","19",",C","9",",C","0",",C","0",",","0",",C","6",",C","0",",C","3",",C","0",",C","-1.5",",C,01,","0",",,C,31,+","16.5",",,C,09,","25.9",",C,21,","","","321.5",",C","78.3",",,,C","7.96",",C","12.25",",,,C","3.67",",,,C","","","",""
"CA00830P001","2003-06","46.35","-63.1667","53.0","HARRINGTON CDA CS, PE CA","","","21.8",",C","12",",C","7",",C","0",",C","0",",","0",",C","0",",C","0",",C","14",",C","0",",C","3.1",",C,04,","0",",,C,30,+","22.3",",,C,05,","30.7",",C,27,","","","106.7",",C","88.3",",,,C","15.50",",C","20.29",",,,C","10.72",",,,C","","","",""
"CA00830P001","2003-07","46.35","-63.1667","53.0","HARRINGTON CDA CS, PE CA","","","51.7",",C","14",",C","6",",C","1",",C","0",",","0",",C","0",",C","0",",C","29",",C","0",",C","11.5",",C,08,","0",",,C,31,+","27.2",",,C,23,","26.6",",C,14,","8.5","C","8.5",",C","66.5",",,,C","19.73",",C","23.56",",,,C","15.89",",,,C","","","",""
"CA00830P001","2003-08","46.35","-63.1667","53.0","HARRINGTON CDA CS, PE CA","","","36.2",",C","13","1,C","4","1,C","0","1,C","0",",","0",",C","0",",C","0",",C","21",",C","0",",C","8.0",",C,26,+","0",",,C,31,+","25.2","1,,C,05,","27.9",",C,22,","40.4","C","31.9",",C","67.5","1,,,C","18.47",",C","22.23",",,,C","14.72",",,,C","","","",""
"CA00830P001","2003-09","46.35","-63.1667","53.0","HARRINGTON CDA CS, PE CA","","","17.5",",C","8",",C","4",",C","1",",C","0",",","0",",C","0",",C","0",",C","16",",C","0",",C","5.2",",C,12,","0",",,C,30,+","26.0",",,C,04,","27.2",",C,15,","107.2","C","66.8",",C","56.1",",,,C","16.69",",C","21.33",",,,C","12.06",",,,C","","","",""
"CA00830P001","2003-10","46.35","-63.1667","53.0","HARRINGTON CDA CS, PE CA","","","0.0",",C","17",",C","11",",C","0",",C","0",",","0",",C","1",",C","0",",C","2",",C","0",",C","-1.4",",C,21,","0",",,C,31,+","24.5",",,C,22,","23.6",",C,12,+","372.8","C","265.6",",C","135.8",",,,C","9.77",",C","13.45",",,,C","6.08",",,,C","","","",""
"CA00830P001","2003-11","46.35","-63.1667","53.0","HARRINGTON CDA CS, PE CA","","","0.0",",C","10","1,C","5","1,C","0","1,C","0",",","0",",C","17",",C","1",",C","0",",C","0",",C","-6.0",",C,10,","0",",,C,30,+","19.8","1,,C,13,","17.1",",C,21,","811.9","C","439.1",",C","56.7","1,,,C","3.70",",C","6.88",",,,C","0.51",",,,C","","","",""
"CA00830P001","2003-12","46.35","-63.1667","53.0","HARRINGTON CDA CS, PE CA","","","0.0",",C","13","1,C","6","1,C","0","1,C","","","0",",C","28",",C","12",",C","0",",C","0",",C","-12.8",",C,05,","","","24.9","1,,C,15,","10.8",",C,25,","1430.7","C","618.8",",C","66.7","1,,,C","-1.63",",C","1.36",",,,C","-4.62",",,,C","","","",""
"CA00830P001","2004-01","46.35","-63.1667","53.0","HARRINGTON CDA CS, PE CA","0.0","C","0.0",",C","11",",C","6",",C","0",",C","","","14",",C","31",",C","28",",C","0",",C","0",",C","-26.4",",C,15,","","","6.5",",,C,13,","3.9",",C,04,","2351.8","C","921.1",",C","31.0",",,,C","-11.38",",C","-8.00",",,,C","-14.75",",,,C","","","",""
"CA00830P001","2004-02","46.35","-63.1667","53.0","HARRINGTON CDA CS, PE CA","0.0","C","0.0",",C","10",",C","6",",C","0",",C","29",",","3",",C","29",",C","26",",C","0",",C","0",",C","-22.9",",C,16,","670",",,C,20,","10.5",",,C,19,","4.0",",C,04,","3097.4","C","745.6",",C","33.3",",,,C","-7.38",",C","-4.22",",,,C","-10.53",",,,C","","","",""
"CA00830P001","2004-03","46.35","-63.1667","53.0","HARRINGTON CDA CS, PE CA","0.0","C","0.0",",C","16",",C","7",",C","0",",C","31",",","0",",C","29",",C","16",",C","0",",C","0",",C","-15.2",",C,01,","520",",,C,22,","19.9",",,C,06,","5.9",",C,30,","3769.8","C","672.4",",C","70.0",",,,C","-3.36",",C","-0.21",",,,C","-6.51",",,,C","","","",""
"CA00830P001","2004-04","46.35","-63.1667","53.0","HARRINGTON CDA CS, PE CA","0.0","C","0.0",",C","16",",C","7",",C","0",",C","13",",","0",",C","22",",C","1",",C","1",",C","0",",C","-5.1",",C,24,","360",",,C,01,","24.8",",,C,15,","24.9",",C,30,","4232.4","C","462.6",",C","86.0",",,,C","2.91",",C","6.43",",,,C","-0.60",",,,C","","","",""
"CA00830P001","2004-05","46.35","-63.1667","53.0","HARRINGTON CDA CS, PE CA","0.0","C","0.0",",C","13",",C","4",",C","0",",C","0",",","0",",C","4",",C","0",",C","2",",C","0",",C","-0.9",",C,13,","10",",,C,08,","6.1",",,C,30,","24.6",",C,01,","4523.7","C","291.3",",C","30.5",",,,C","8.94",",C","13.68",",,,C","4.19",",,,C","","","",""
"CA00830P001","2004-06","46.35","-63.1667","53.0","HARRINGTON CDA CS, PE CA","1.3","C","1.3",",C","21","1,C","10","1,C","1","1,C","0",",","0",",C","0",",C","0",",C","8",",C","0",",C","1.6",",C,06,","0",",,C,30,+","26.5","1,,C,26,","27.7",",C,09,","4685.9","C","162.2",",C","92.4","1,,,C","12.97",",C","17.42",",,,C","8.52",",,,C","","","",""
"CA00830P001","2004-07","46.35","-63.1667","53.0","HARRINGTON CDA CS, PE CA","38.1","C","36.8",",C","16","1,C","5","1,C","0","1,C","0",",","0",",C","0",",C","0",",C","22",",C","0",",C","8.8",",C,12,","0",",,C,31,+","17.1","1,,C,19,","27.4",",C,30,+","29.9","C","29.9",",C","63.6","1,,,C","18.56",",C","22.49",",,,C","14.62",",,,C","","","",""
"CA00830P001","2004-08","46.35","-63.1667","53.0","HARRINGTON CDA CS, PE CA","83.4","C","45.3",",C","15","1,C","5","1,C","0","1,C","0",",","0",",C","0",",C","0",",C","24",",C","0",",C","8.1",",C,26,","0",",,C,31,+","20.9","1,,C,07,","27.8",",C,03,","48.7","C","18.8",",C","73.0","1,,,C","19.19",",C","23.04",",,,C","15.34",",,,C","","","",""
"CA00830P001","2004-09","46.35","-63.1667","53.0","HARRINGTON CDA CS, PE CA","86.3","C","2.9",",C","8",",C","5",",C","1",",C","0",",","0",",C","0",",C","0",",C","8",",C","0",",C","2.1",",C,22,","0",",,C,30,+","29.3",",,C,18,","23.7",",C,17,","191.0","C","142.3",",C","62.2",",,,C","13.69",",C","17.26",",,,C","10.11",",,,C","","","",""
"CA00830P001","2004-10","46.35","-63.1667","53.0","HARRINGTON CDA CS, PE CA","86.3","C","0.0",",C","18",",C","8",",C","1",",C","0",",","0",",C","1",",C","0",",C","0",",C","0",",C","-1.8",",C,30,","0",",,C,31,+","26.5",",,C,11,","19.0",",C,16,+","454.9","C","263.9",",C","88.0",",,,C","9.82",",C","13.04",",,,C","6.60",",,,C","","","",""
"CA00830P001","2004-11","46.35","-63.1667","53.0","HARRINGTON CDA CS, PE CA","86.3","C","0.0",",C","15","1,C","11","1,C","0","1,C","3",",","0",",C","16",",C","1",",C","0",",C","0",",C","-7.1",",C,28,","70",",,C,14,","11.1","1,,C,13,","15.1",",C,25,","930.4","C","475.5",",C","84.0","1,,,C","2.48",",C","5.32",",,,C","-0.36",",,,C","","","",""
"CA00830P001","2004-12","46.35","-63.1667","53.0","HARRINGTON CDA CS, PE CA","86.3","C","0.0",",C","15","1,C","9","1,C","1","1,C","6",",","0",",C","29",",C","15",",C","0",",C","0",",C","-17.7",",C,29,","150",",,C,27,","28.7","1,,C,19,","11.7",",C,24,","1593.7","C","663.3",",C","105.0","1,,,C","-3.06",",C","0.81",",,,C","-6.94",",,,C","","","",""
"CA00830P001","2005-01","46.35","-63.1667","53.0","HARRINGTON CDA CS, PE CA","0.0","C","0.0",",C","16","2,C","5","2,C","0","2,C","29",",","7",",C","30",",C","26",",C","0",",C","0",",C","-24.4",",C,27,","670",",,C,24,","8.4","2,,C,23,","11.2",",C,14,","2460.7","C","867.0",",C","34.0","2,,,C","-9.63",",C","-6.05",",,,C","-13.22",",,,C","","","",""
"CA00830P001","2005-02","46.35","-63.1667","53.0","HARRINGTON CDA CS, PE CA","0.0","C","0.0",",C","13","1,C","2","1,C","0","1,C","28",",","2",",C","27",",C","21",",C","0",",C","0",",C","-20.1",",C,01,","410",",,C,04,+","14.5","1,,C,10,","5.4",",C,16,","3162.4","C","701.7",",C","30.4","1,,,C","-6.73",",C","-3.24",",,,C","-10.22",",,,C","","","",""
"CA00830P001","2005-03","46.35","-63.1667","53.0","HARRINGTON CDA CS, PE CA","0.0","C","0.0",",C","24",",C","6",",C","2",",C","31",",","0",",C","30",",C","20",",C","0",",C","0",",C","-13.4",",C,04,","320",",,C,07,+","32.3",",,C,28,","8.7",",C,08,","3832.2","C","669.8",",C","119.9",",,,C","-3.27",",C","-0.23",",,,C","-6.32",",,,C","","","",""
"CA00830P001","2005-04","46.35","-63.1667","53.0","HARRINGTON CDA CS, PE CA","0.0","C","0.0",",C","17","1,C","7","1,C","0","1,C","8",",","0",",C","17",",C","0",",C","0",",C","0",",C","-4.3",",C,16,","130",",,C,12,","22.0","1,,C,25,","18.0",",C,17,","4248.4","C","416.2",",C","66.4","1,,,C","4.46",",C","8.70",",,,C","0.22",",,,C","","","",""
"CA00830P001","2005-05","46.35","-63.1667","53.0","HARRINGTON CDA CS, PE CA","0.0","C","0.0",",C","15",",C","7",",C","0",",C","0",",","0",",C","2",",C","0",",C","0",",C","0",",C","-2.0",",C,14,","0",",,C,31,+","22.3",",,C,19,","19.7",",C,31,","4589.7","C","341.3",",C","81.4",",,,C","7.32",",C","11.32",",,,C","3.32",",,,C","","","",""
"CA00830P001","2005-06","46.35","-63.1667","53.0","HARRINGTON CDA CS, PE CA","14.8","C","14.8",",C","19","2,C","5","2,C","0","2,C","0",",","0",",C","0",",C","0",",C","11",",C","0",",C","2.1",",C,06,","0",",,C,30,+","22.5","2,,C,13,","29.0",",C,25,","4709.5","C","119.8",",C","71.6","2,,,C","14.83",",C","19.47",",,,C","10.20",",,,C","","","",""
"CA00830P001","2005-07","46.35","-63.1667","53.0","HARRINGTON CDA CS, PE CA","44.5","C","29.7",",C","13",",C","5",",C","0",",C","0",",","0",",C","0",",C","0",",C","18",",C","0",",C","7.6",",C,08,","0",",,C,31,+","23.1",",,C,27,","28.5",",C,22,","40.2","C","40.2",",C","64.7",",,,C","17.99",",C","21.79",",,,C","14.19",",,,C","","","",""
"CA00830P001","2005-08","46.35","-63.1667","53.0","HARRINGTON CDA CS, PE CA","82.9","C","38.4",",C","","","","","","","0",",","0",",C","0",",C","0",",C","24",",C","0",",C","9.4",",C,20,","0",",,C,31,+","","","28.9",",C,09,","61.0","C","20.8",",C","","","18.90",",C","23.24",",,,C","14.55",",,,C","","","",""
"CA00830P001","2005-09","46.35","-63.1667","53.0","HARRINGTON CDA CS, PE CA","","","","","","","","","","","0",",","","","","","","","","","","","","","0",",,C,30,+","","","","","","","","","","","","","","","","","","","",""
"CA00830P001","2005-10","46.35","-63.1667","53.0","HARRINGTON CDA CS, PE CA","","","","","10","3,C","8","3,C","1","3,C","0",",","","","","","","","","","","","","","0",",,C,31,+","26.2","3,,C,23,","","","","","","","99.4","3,,,C","","","","","","","","","",""
"CA00830P001","2005-11","46.35","-63.1667","53.0","HARRINGTON CDA CS, PE CA","","","0.0",",C","16",",C","11",",C","1",",C","1",",","0",",C","11",",C","0",",C","0",",C","0",",C","-6.4",",C,26,","30",",,C,28,","58.4",",,C,10,","15.6",",C,16,","","","411.1",",C","143.4",",,,C","4.63",",C","8.30",",,,C","0.96",",,,C","","","",""
"CA00830P001","2005-12","46.35","-63.1667","53.0","HARRINGTON CDA CS, PE CA","","","0.0",",C","14",",C","8",",C","0",",C","22",",","0",",C","26",",C","17",",C","0",",C","0",",C","-13.4",",C,22,","190",",,C,14,","20.7",",,C,26,","11.1",",C,30,","","","632.6",",C","82.1",",,,C","-2.07",",C","0.84",",,,C","-4.98",",,,C","","","",""
"CA00830P001","2006-01","46.35","-63.1667","53.0","HARRINGTON CDA CS, PE CA","0.0","C","0.0",",C","17",",C","9",",C","0",",C","25",",","0",",C","27",",C","18",",C","0",",C","0",",C","-10.6",",C,23,","150",",,C,17,","23.5",",,C,15,","13.4",",C,15,","","","634.8",",C","79.3",",,,C","-2.14",",C","0.80",",,,C","-5.08",",,,C","","","",""
"CA00830P001","2006-02","46.35","-63.1667","53.0","HARRINGTON CDA CS, PE CA","0.0","C","0.0",",C","17",",C","4",",C","0",",C","28",",","2",",C","27",",C","21",",C","0",",C","0",",C","-18.4",",C,28,","110",",,C,03,+","25.0",",,C,05,","9.5",",C,05,","","","673.3",",C","54.0",",,,C","-5.71",",C","-2.45",",,,C","-8.98",",,,C","","","",""
"CA00830P001","2006-03","46.35","-63.1667","53.0","HARRINGTON CDA CS, PE CA","0.0","C","0.0",",C","17",",C","4",",C","0",",C","31",",","1",",C","28",",C","10",",C","0",",C","0",",C","-19.6",",C,02,","160",",,C,09,","11.9",",,C,10,","12.3",",C,29,","","","602.3",",C","41.1",",,,C","-1.10",",C","2.26",",,,C","-4.45",",,,C","","","",""
"CA00830P001","2006-04","46.35","-63.1667","53.0","HARRINGTON CDA CS, PE CA","0.0","C","0.0",",C","15",",C","12",",C","1",",C","0",",","0",",C","15",",C","0",",C","0",",C","0",",C","-3.1",",C,29,","0",",,C,30,+","33.6",",,C,16,","16.2",",C,13,","","","415.3",",C","139.8",",,,C","4.49",",C","8.30",",,,C","0.67",",,,C","","","",""
"CA00830P001","2006-05","46.35","-63.1667","53.0","HARRINGTON CDA CS, PE CA","0.0","C","0.0",",C","9",",C","3",",C","0",",C","0",",","0",",C","0",",C","0",",C","2",",C","0",",C","0.7",",C,14,","0",",,C,31,+","14.6",",,C,16,","23.9",",C,15,","","","205.0",",C","33.9",",,,C","11.72",",C","16.69",",,,C","6.75",",,,C","","","",""
"CA00830P001","2006-06","46.35","-63.1667","53.0","HARRINGTON CDA CS, PE CA","26.6","C","26.6",",C","","","","","","","0",",","0",",C","0",",C","0",",C","16",",C","0",",C","7.8",",C,06,","0",",,C,30,+","","","27.2",",C,28,","","","56.9",",C","","","17.33",",C","21.04",",,,C","13.61",",,,C","","","",""
"CA00830P001","2006-07","46.35","-63.1667","53.0","HARRINGTON CDA CS, PE CA","91.3","C","64.7",",C","12",",C","6",",C","2",",C","0",",","0",",C","0",",C","0",",C","28",",C","0",",C","10.0",",C,02,","0",",,C,31,+","43.7",",,C,22,","29.5",",C,18,","5.4","C","5.4",",C","124.0",",,,C","20.25",",C","24.34",",,,C","16.15",",,,C","","","",""
"CA00830P001","2006-08","46.35","-63.1667","53.0","HARRINGTON CDA CS, PE CA","","","","","","","","","","","0",",","","","","","","","","","","","","","0",",,C,31,+","","","","","","","","","","","","","","","","","","","",""
"CA00830P001","2006-09","46.35","-63.1667","53.0","HARRINGTON CDA CS, PE CA","","","2.5",",C","11",",C","7",",C","0",",C","0",",","0",",C","0",",C","0",",C","7",",C","0",",C","3.2",",C,23,","0",",,C,30,+","18.1",",,C,19,","23.9",",C,19,","","","117.2",",C","50.0",",,,C","14.51",",C","18.40",",,,C","10.61",",,,C","","","",""
"CA00830P001","2006-10","46.35","-63.1667","53.0","HARRINGTON CDA CS, PE CA","","","0.0",",C","21",",C","14",",C","2",",C","0",",","0",",C","1",",C","0",",C","1",",C","0",",C","-1.4",",C,28,","0",",,C,31,+","42.4",",,C,01,","21.4",",C,09,","","","300.7",",C","197.6",",,,C","8.63",",C","11.92",",,,C","5.34",",,,C","","","",""
"CA00830P001","2006-11","46.35","-63.1667","53.0","HARRINGTON CDA CS, PE CA","","","0.0",",C","21",",C","12",",C","1",",C","0",",","0",",C","13",",C","0",",C","0",",C","0",",C","-5.3",",C,29,","0",",,C,30,+","43.3",",,C,09,","18.2",",C,17,","","","392.8",",C","129.3",",,,C","5.24",",C","8.20",",,,C","2.28",",,,C","","","",""
"CA00830P001","2006-12","46.35","-63.1667","53.0","HARRINGTON CDA CS, PE CA","","","0.0",",C","19",",C","9",",C","0",",C","7",",","0",",C","26",",C","11",",C","0",",C","0",",C","-14.0",",C,06,","100",",,C,28,","22.5",",,C,01,","7.6",",C,14,","","","620.4",",C","93.1",",,,C","-1.68",",C","1.38",",,,C","-4.74",",,,C","","","",""
"CA00830P001","2007-01","46.35","-63.1667","53.0","HARRINGTON CDA CS, PE CA","0.0","C","0.0",",C","18",",C","7",",C","2",",C","18",",","4",",C","28",",C","18",",C","0",",C","0",",C","-21.4",",C,18,","110",",,C,17,","31.5",",,C,19,","12.0",",C,06,","","","749.1",",C","126.5",",,,C","-5.83",",C","-2.27",",,,C","-9.39",",,,C","","","",""
"CA00830P001","2007-02","46.35","-63.1667","53.0","HARRINGTON CDA CS, PE CA","0.0","C","0.0",",C","10",",C","1",",C","0",",C","21",",","3",",C","28",",C","25",",C","0",",C","0",",C","-22.3",",C,06,","60",",,C,10,+","4.3",",,C,03,","2.0",",C,15,","","","774.8",",C","13.2",",,,C","-9.34",",C","-5.81",",,,C","-12.86",",,,C","","","",""
"CA00830P001","2007-03","46.35","-63.1667","53.0","HARRINGTON CDA CS, PE CA","0.0","C","0.0",",C","16",",C","7",",C","0",",C","15",",","3",",C","28",",C","12",",C","0",",C","0",",C","-20.5",",C,09,","50",",,C,06,+","10.0",",,C,02,","10.4",",C,14,","","","650.4",",C","52.1",",,,C","-2.65",",C","0.80",",,,C","-6.10",",,,C","","","",""
"CA00830P001","2007-04","46.35","-63.1667","53.0","HARRINGTON CDA CS, PE CA","0.0","C","0.0",",C","8",",C","6",",C","0",",C","20",",","0",",C","24",",C","4",",C","0",",C","0",",C","-8.1",",C,02,","120",",,C,08,","12.2",",,C,27,","19.9",",C,23,","","","508.9",",C","46.7",",,,C","1.37",",C","4.55",",,,C","-1.81",",,,C","","","",""
"CA00830P001","2007-05","46.35","-63.1667","53.0","HARRINGTON CDA CS, PE CA","0.0","C","0.0",",C","14",",C","5",",C","1",",C","1",",","0",",C","4",",C","0",",C","4",",C","0",",C","-1.2",",C,13,","50",",,C,17,","37.8",",,C,19,","23.9",",C,26,","","","320.9",",C","73.5",",,,C","7.98",",C","12.11",",,,C","3.85",",,,C","","","",""
"CA00830P001","2007-06","46.35","-63.1667","53.0","HARRINGTON CDA CS, PE CA","2.3","C","2.3",",C","15",",C","8",",C","0",",C","0",",","0",",C","0",",C","0",",C","10",",C","0",",C","2.6",",C,03,+","0",",,C,30,+","19.8",",,C,06,","26.0",",C,06,","","","141.9",",C","84.7",",,,C","13.68",",C","18.21",",,,C","9.15",",,,C","","","",""
"CA00830P001","2007-07","46.35","-63.1667","53.0","HARRINGTON CDA CS, PE CA","54.3","C","52.0",",C","9",",C","7",",C","0",",C","0",",","0",",C","0",",C","0",",C","21",",C","0",",C","7.2",",C,03,","0",",,C,31,+","20.7",",,C,19,","30.1",",C,27,","35.3","C","35.3",",C","73.8",",,,C","18.87",",C","22.82",",,,C","14.93",",,,C","","","",""
"CA00830P001","2007-08","46.35","-63.1667","53.0","HARRINGTON CDA CS, PE CA","80.6","C","26.3",",C","14",",C","7",",C","1",",C","","","0",",C","0",",C","0",",C","18",",C","0",",C","6.8",",C,23,","","","30.5",",,C,18,","28.6",",C,03,","82.4","C","47.1",",C","124.6",",,,C","17.66",",C","22.15",",,,C","13.18",",,,C","","","",""
"CA00830P001","2007-09","46.35","-63.1667","53.0","HARRINGTON CDA CS, PE CA","86.7","C","6.1",",C","9",",C","6",",C","1",",C","","","0",",C","0",",C","0",",C","6",",C","0",",C","2.0",",C,30,","","","38.2",",,C,11,","27.1",",C,08,","215.0","C","132.6",",C","94.7",",,,C","14.11",",C","18.54",",,,C","9.69",",,,C","","","",""
"CA00830P001","2007-10","46.35","-63.1667","53.0","HARRINGTON CDA CS, PE CA","86.7","C","0.0",",C","11","1,C","6","1,C","0","1,C","","","0",",C","1",",C","0",",C","2",",C","0",",C","-1.0",",C,30,","","","19.7","1,,C,12,","22.2",",C,04,","473.5","C","258.5",",C","60.8","1,,,C","9.99",",C","13.91",",,,C","6.07",",,,C","","","",""
"CA00830P001","2007-11","46.35","-63.1667","53.0","HARRINGTON CDA CS, PE CA","86.7","C","0.0",",C","18",",C","10",",C","1",",C","","","0",",C","16",",C","1",",C","0",",C","0",",C","-8.2",",C,24,","","","25.6",",,C,03,","18.0",",C,16,","927.9","C","454.4",",C","120.0",",,,C","3.19",",C","7.38",",,,C","-1.01",",,,C","","","",""
"CA00830P001","2007-12","46.35","-63.1667","53.0","HARRINGTON CDA CS, PE CA","86.7","C","0.0","1,C","16","1,C","8","1,C","0","1,C","","","0","1,C","30","1,C","21","1,C","0","1,C","0","1,C","-17.0","1,C,10,","","","15.3","1,,C,31,","8.6","1,C,24,","1646.2","C","718.3","1,C","75.9","1,,,C","-5.61","1,C","-2.18","1,,,C","-9.04","1,,,C","","","",""
"CA00830P001","2008-01","46.35","-63.1667","53.0","HARRINGTON CDA CS, PE CA","0.0","C","0.0","2,C","15",",C","9",",C","0",",C","","","6","2,C","27","2,C","18","1,C","0","1,C","0","1,C","-22.6","2,C,21,","","","16.4",",,C,28,","8.0","1,C,09,","2344.3","C","698.1","1,C","95.8",",,,C","-5.76","2,C","-1.97","1,,,C","-9.54","2,,,C","","","",""
"CA00830P001","2008-02","46.35","-63.1667","53.0","HARRINGTON CDA CS, PE CA","","","","","14","2,C","6","2,C","1","2,C","","","","","","","","","","","","","","","","","35.4","2,,C,18,","","","","","","","94.5","2,,,C","","","","","","","","","",""
"CA00830P001","2008-03","46.35","-63.1667","53.0","HARRINGTON CDA CS, PE CA","","","0.0","1,C","9","2,C","6","2,C","1","2,C","","","1","1,C","30","1,C","17","1,C","0","1,C","0","1,C","-17.8","1,C,01,","","","38.4","2,,C,08,","7.2","1,C,05,","","","698.6","1,C","81.7","2,,,C","-4.95","1,C","-0.65","1,,,C","-9.26","1,,,C","","","",""
"CA00830P001","2008-04","46.35","-63.1667","53.0","HARRINGTON CDA CS, PE CA","","","0.0",",C","13","2,C","5","2,C","0","2,C","","","0",",C","22",",C","0",",C","0",",C","0",",C","-5.2",",C,03,","","","18.2","2,,C,30,","17.8",",C,17,","","","441.9",",C","60.6","2,,,C","3.60",",C","7.97",",,,C","-0.76",",,,C","","","",""
"CA00830P001","2008-05","46.35","-63.1667","53.0","HARRINGTON CDA CS, PE CA","","","0.0",",C","13",",C","8",",C","0",",C","","","0",",C","2",",C","0",",C","1",",C","0",",C","-2.4",",C,04,","","","17.2",",,C,19,","21.4",",C,27,","","","314.3",",C","96.0",",,,C","8.20",",C","12.25",",,,C","4.14",",,,C","","","",""
"CA00830P001","2008-06","46.35","-63.1667","53.0","HARRINGTON CDA CS, PE CA","","","3.3",",C","9",",C","6",",C","0",",C","","","0",",C","0",",C","0",",C","8",",C","0",",C","4.2",",C,05,","","","24.9",",,C,29,","24.6",",C,22,","","","123.2",",C","59.6",",,,C","14.34",",C","18.18",",,,C","10.49",",,,C","","","",""
"CA00830P001","2008-07","46.35","-63.1667","53.0","HARRINGTON CDA CS, PE CA","","","44.6",",C","9","1,C","3","1,C","0","1,C","","","0",",C","0",",C","0",",C","26",",C","0",",C","11.6",",C,12,","","","14.8","1,,C,21,","28.2",",C,08,","8.1","C","8.1",",C","36.3","1,,,C","19.51",",C","23.90",",,,C","15.11",",,,C","","","",""
"CA00830P001","2008-08","46.35","-63.1667","53.0","HARRINGTON CDA CS, PE CA","","","7.8","2,C","17","2,C","12","2,C","2","2,C","","","0","2,C","0","2,C","0","2,C","12","2,C","0","2,C","10.4","2,C,18,","","","40.3","2,,C,03,","26.5","2,C,23,","50.3","C","42.2","2,C","223.8","2,,,C","17.15","2,C","20.43","2,,,C","13.87","2,,,C","","","",""
"CA00830P001","2008-09","46.35","-63.1667","53.0","HARRINGTON CDA CS, PE CA","","","3.9",",C","10",",C","5",",C","2",",C","","","0",",C","0",",C","0",",C","4",",C","0",",C","3.5",",C,22,","","","95.2",",,C,07,","24.0",",C,06,","176.1","C","125.8",",C","164.2",",,,C","14.27",",C","18.11",",,,C","10.43",",,,C","","","",""
"CA00830P001","2008-10","46.35","-63.1667","53.0","HARRINGTON CDA CS, PE CA","","","0.0",",C","14",",C","5",",C","0",",C","","","0",",C","1",",C","0",",C","0",",C","0",",C","-0.2",",C,20,","","","11.7",",,C,27,","16.7",",C,28,","476.7","C","300.6",",C","44.1",",,,C","8.64",",C","12.04",",,,C","5.24",",,,C","","","",""
"CA00830P001","2008-11","46.35","-63.1667","53.0","HARRINGTON CDA CS, PE CA","","","0.0",",C","15","1,C","6","1,C","0","1,C","","","0",",C","12",",C","3",",C","0",",C","0",",C","-11.4",",C,25,","","","22.0","1,,C,19,","18.4",",C,16,","903.1","C","426.4",",C","89.8","1,,,C","4.12",",C","7.20",",,,C","1.04",",,,C","","","",""
"CA00830P001","2008-12","46.35","-63.1667","53.0","HARRINGTON CDA CS, PE CA","","","0.0",",C","17",",C","11",",C","1",",C","","","0",",C","29",",C","11",",C","0",",C","0",",C","-14.8",",C,19,","","","37.1",",,C,10,","16.8",",C,12,","1527.0","C","623.9",",C","151.9",",,,C","-1.79",",C","2.92",",,,C","-6.51",",,,C","","","",""
"CA00830P001","2009-01","46.35","-63.1667","53.0","HARRINGTON CDA CS, PE CA","0.0","C","0.0","1,C","14","1,C","8","1,C","0","1,C","27",",","8","1,C","30","1,C","25","1,C","0","1,C","0","1,C","-24.7","1,C,17,","160",",,C,01,","16.6","1,,C,01,","6.6","1,C,19,","2372.5","C","845.5","1,C","58.6","1,,,C","-9.85","1,C","-5.28","1,,,C","-14.42","1,,,C","","","",""
"CA00830P001","2009-02","46.35","-63.1667","53.0","HARRINGTON CDA CS, PE CA","0.0","C","0.0",",C","10","1,C","6","1,C","0","1,C","28",",","0",",C","28",",C","16",",C","0",",C","0",",C","-16.0",",C,06,","300",",,C,24,","15.9","1,,C,12,","6.3",",C,28,","3035.4","C","662.9",",C","51.2","1,,,C","-5.34",",C","-1.22",",,,C","-9.46",",,,C","","","",""
"CA00830P001","2009-03","46.35","-63.1667","53.0","HARRINGTON CDA CS, PE CA","0.0","C","0.0",",C","13","1,C","7","1,C","1","1,C","31",",","0",",C","31",",C","14",",C","0",",C","0",",C","-14.7",",C,13,","180",",,C,09,","29.6","1,,C,02,","8.8",",C,28,","3711.0","C","675.6",",C","79.3","1,,,C","-3.46",",C","0.35",",,,C","-7.27",",,,C","","","",""
"CA00830P001","2009-04","46.35","-63.1667","53.0","HARRINGTON CDA CS, PE CA","0.0","C","0.0","1,C","13","1,C","8","1,C","0","1,C","","","0","1,C","15","1,C","0","1,C","1","1,C","0","1,C","-6.2","1,C,01,","","","13.2","1,,C,12,","23.4","1,C,28,","4131.1","C","420.1","1,C","69.4","1,,,C","3.85","1,C","7.66","1,,,C","0.03","1,,,C","","","",""
"CA00830P001","2009-06","46.35","-63.1667","53.0","HARRINGTON CDA CS, PE CA","","","10.7","2,C","10","2,C","6","2,C","1","2,C","","","0","2,C","0","2,C","0","2,C","11","2,C","0","2,C","5.5","2,C,05,","","","93.7","2,,C,12,","26.4","2,C,25,","","","90.5","2,C","127.3","2,,,C","15.48","2,C","19.95","2,,,C","11.02","2,,,C","","","",""
"CA00830P001","2009-07","46.35","-63.1667","53.0","HARRINGTON CDA CS, PE CA","","","31.1","4,C","16","4,C","10","4,C","0","4,C","","","0","4,C","0","4,C","0","4,C","19","4,C","0","4,C","6.7","4,C,07,","","","21.7","4,,C,03,","28.1","4,C,29,","30.8","C","30.8","4,C","124.5","4,,,C","18.34","4,C","22.31","4,,,C","14.38","4,,,C","","","",""
"CA00830P001","2009-08","46.35","-63.1667","53.0","HARRINGTON CDA CS, PE CA","","","62.0",",C","10","1,C","6","1,C","2","1,C","","","0",",C","0",",C","0",",C","23",",C","0",",C","7.8",",C,29,+","","","59.5","1,,C,29,","30.3",",C,15,","60.8","C","30.0",",C","165.6","1,,,C","19.36",",C","23.81",",,,C","14.92",",,,C","","","",""
"CA00830P001","2009-09","46.35","-63.1667","53.0","HARRINGTON CDA CS, PE CA","","","","","8","4,C","5","4,C","1","4,C","","","","","","","","","","","","","","","","","25.7","4,,C,28,","","","","","","","60.9","4,,,C","","","","","","","","","",""
"CA00830P001","2009-10","46.35","-63.1667","53.0","HARRINGTON CDA CS, PE CA","","","0.0",",C","17","1,C","12","1,C","1","1,C","","","0",",C","5",",C","0",",C","0",",C","0",",C","-2.3",",C,16,","","","27.8","1,,C,07,","18.5",",C,01,","","","357.6",",C","180.6","1,,,C","6.80",",C","10.07",",,,C","3.53",",,,C","","","",""
"CA00830P001","2009-11","46.35","-63.1667","53.0","HARRINGTON CDA CS, PE CA","","","0.0","2,C","11","2,C","7","2,C","0","2,C","","","0","2,C","10","2,C","0","2,C","0","2,C","0","2,C","-4.3","2,C,23,","","","18.2","2,,C,15,","15.5","2,C,01,","","","369.1","2,C","77.9","2,,,C","5.15","2,C","9.06","2,,,C","1.24","2,,,C","","","",""
"CA00830P001","2009-12","46.35","-63.1667","53.0","HARRINGTON CDA CS, PE CA","","","0.0",",C","21",",C","10",",C","0",",C","","","0",",C","27",",C","12",",C","0",",C","0",",C","-15.8",",C,17,","","","18.2",",,C,03,","11.5",",C,03,","","","660.4",",C","76.1",",,,C","-2.97",",C","-0.04",",,,C","-5.90",",,,C","","","",""
"CA00830P001","2010-01","46.35","-63.1667","53.0","HARRINGTON CDA CS, PE CA","0.0","C","0.0",",C","16",",C","6",",C","1",",C","27","3,","0",",C","30",",C","20",",C","0",",C","0",",C","-17.5",",C,31,","170","3,,C,30,","26.8",",,C,03,","7.4",",C,26,","","","697.1",",C","70.1",",,,C","-4.15",",C","-1.52",",,,C","-6.79",",,,C","","","",""
"CA00830P001","2010-02","46.35","-63.1667","53.0","HARRINGTON CDA CS, PE CA","0.0","C","0.0",",C","17",",C","8",",C","0",",C","28",",","2",",C","28",",C","15",",C","0",",C","0",",C","-22.6",",C,03,","380",",,C,22,","5.3",",,C,08,","2.7",",C,23,+","","","621.8",",C","37.3",",,,C","-3.87",",C","-1.81",",,,C","-5.94",",,,C","","","",""
"CA00830P001","2010-03","46.35","-63.1667","53.0","HARRINGTON CDA CS, PE CA","0.0","C","0.0",",C","13","2,C","6","2,C","0","2,C","29","2,","0",",C","27",",C","7",",C","0",",C","0",",C","-12.2",",C,28,+","850","2,,C,07,","21.8","2,,C,01,","12.1",",C,20,","","","571.4",",C","71.3","2,,,C","-0.10",",C","3.19",",,,C","-3.39",",,,C","","","",""
"CA00830P001","2010-04","46.35","-63.1667","53.0","HARRINGTON CDA CS, PE CA","0.0","C","0.0",",C","12","1,C","7","1,C","0","1,C","","","0",",C","8",",C","0",",C","1",",C","0",",C","-5.5",",C,14,","","","11.5","1,,C,18,","21.9",",C,04,","","","383.5",",C","47.6","1,,,C","5.55",",C","9.72",",,,C","1.38",",,,C","","","",""
"CA00830P001","2010-05","46.35","-63.1667","53.0","HARRINGTON CDA CS, PE CA","0.3","C","0.3","3,C","13","3,C","3","3,C","0","3,C","","","0","3,C","0","3,C","0","3,C","3","3,C","0","3,C","0.2","3,C,02,","","","7.6","3,,C,25,","25.7","3,C,24,","","","263.3","3,C","25.2","3,,,C","8.94","3,C","13.38","3,,,C","4.50","3,,,C","","","",""
"CA00830P001","2010-06","46.35","-63.1667","53.0","HARRINGTON CDA CS, PE CA","1.7","C","1.4","1,C","15","1,C","9","1,C","4","1,C","","","0","1,C","0","1,C","0","1,C","10","1,C","0","1,C","5.1","1,C,09,","","","35.4","1,,C,06,","26.4","1,C,19,","","","120.4","1,C","155.7","1,,,C","14.23","1,C","18.49","1,,,C","9.97","1,,,C","","","",""
"CA00830P001","2010-07","46.35","-63.1667","53.0","HARRINGTON CDA CS, PE CA","64.6","C","62.9",",C","12","2,C","7","2,C","1","2,C","","","0",",C","0",",C","0",",C","24",",C","0",",C","10.3",",C,01,","","","25.4","2,,C,11,","28.4",",C,18,","17.5","C","17.5",",C","88.3","2,,,C","19.80",",C","23.83",",,,C","15.77",",,,C","","","",""
"CA00830P001","2010-08","46.35","-63.1667","53.0","HARRINGTON CDA CS, PE CA","100.9","C","36.3",",C","10",",C","7",",C","1",",C","","","0",",C","0",",C","0",",C","24",",C","0",",C","10.6",",C,12,","","","40.5",",,C,26,","27.8",",C,06,","37.1","C","19.6",",C","89.4",",,,C","18.87",",C","23.39",",,,C","14.35",",,,C","","","",""
"CA00830P001","2010-09","46.35","-63.1667","53.0","HARRINGTON CDA CS, PE CA","125.3","C","24.4",",C","14","1,C","7","1,C","1","1,C","","","0",",C","0",",C","0",",C","9",",C","0",",C","2.8",",C,27,","","","25.5","1,,C,04,","31.8",",C,02,","153.0","C","115.9",",C","68.1","1,,,C","15.28",",C","19.12",",,,C","11.44",",,,C","","","",""
"CA00830P001","2010-10","46.35","-63.1667","53.0","HARRINGTON CDA CS, PE CA","130.0","C","4.7",",C","16","1,C","10","1,C","1","1,C","","","0",",C","4",",C","0",",C","2",",C","0",",C","-1.4",",C,31,","","","36.6","1,,C,02,","25.3",",C,01,","458.0","C","305.0",",C","132.7","1,,,C","8.65",",C","12.40",",,,C","4.90",",,,C","","","",""
"CA00830P001","2010-11","46.35","-63.1667","53.0","HARRINGTON CDA CS, PE CA","130.0","C","0.0","1,C","20","1,C","11","1,C","2","1,C","","","0","1,C","16","1,C","4","1,C","0","1,C","0","1,C","-6.0","1,C,22,","","","54.0","1,,C,06,","17.8","1,C,05,","890.2","C","432.2","1,C","156.9","1,,,C","3.43","1,C","6.29","1,,,C","0.58","1,,,C","","","",""
"CA00830P001","2010-12","46.35","-63.1667","53.0","HARRINGTON CDA CS, PE CA","130.0","C","0.0",",C","18",",C","8",",C","2",",C","","","0",",C","19",",C","7",",C","0",",C","0",",C","-9.2",",C,10,","","","38.3",",,C,14,","14.2",",C,13,","1416.5","C","526.3",",C","138.7",",,,C","1.36",",C","3.77",",,,C","-1.05",",,,C","","","",""
"CA00830P001","2011-01","46.35","-63.1667","53.0","HARRINGTON CDA CS, PE CA","0.0","C","0.0",",C","15","1,C","8","1,C","0","1,C","31",",","3",",C","31",",C","18",",C","0",",C","0",",C","-22.1",",C,24,","310",",,C,17,+","22.3","1,,C,19,","3.6",",C,21,","2167.3","C","750.8",",C","72.9","1,,,C","-5.89",",C","-2.67",",,,C","-9.10",",,,C","","","",""
"CA00830P001","2011-02","46.35","-63.1667","53.0","HARRINGTON CDA CS, PE CA","0.0","C","0.0",",C","17",",C","9",",C","1",",C","28",",","5",",C","28",",C","22",",C","0",",C","0",",C","-19.1",",C,28,","930",",,C,22,","33.5",",,C,25,","3.4",",C,17,","2878.4","C","711.1",",C","106.3",",,,C","-7.06",",C","-2.80",",,,C","-11.33",",,,C","","","",""
"CA00830P001","2011-03","46.35","-63.1667","53.0","HARRINGTON CDA CS, PE CA","0.0","C","0.0",",C","13",",C","4",",C","0",",C","31",",","0",",C","28",",C","12",",C","0",",C","0",",C","-16.2",",C,04,","1000",",,C,01,","9.3",",,C,12,","8.0",",C,12,","3517.0","C","638.6",",C","27.7",",,,C","-2.27",",C","1.47",",,,C","-6.01",",,,C","","","",""
"CA00830P001","2011-04","46.35","-63.1667","53.0","HARRINGTON CDA CS, PE CA","0.0","C","0.0",",C","19",",C","9",",C","0",",C","","","0",",C","16",",C","0",",C","0",",C","0",",C","-6.9",",C,15,","","","11.0",",,C,20,","18.6",",C,28,","3948.0","C","431.0",",C","67.8",",,,C","3.97",",C","8.29",",,,C","-0.36",",,,C","","","",""
"CA00830P001","2011-05","46.35","-63.1667","53.0","HARRINGTON CDA CS, PE CA","1.1","C","1.1","1,C","13","1,C","8","1,C","1","1,C","","","0","1,C","0","1,C","0","1,C","5","1,C","0","1,C","0.9","1,C,01,","","","32.1","1,,C,17,","26.2","1,C,27,","4215.3","C","267.3","1,C","113.1","1,,,C","9.46","1,C","13.77","1,,,C","5.15","1,,,C","","","",""
"CA00830P001","2011-06","46.35","-63.1667","53.0","HARRINGTON CDA CS, PE CA","2.8","C","1.7",",C","15",",C","6",",C","0",",C","","","0",",C","0",",C","0",",C","7",",C","0",",C","4.0",",C,01,","","","13.0",",,C,18,","25.7",",C,29,","4380.4","C","165.1",",C","50.5",",,,C","12.89",",C","16.87",",,,C","8.90",",,,C","","","",""
"CA00830P001","2011-07","46.35","-63.1667","53.0","HARRINGTON CDA CS, PE CA","24.6","C","21.8",",C","17",",C","10",",C","1",",C","","","0",",C","0",",C","0",",C","18",",C","0",",C","11.9",",C,16,","","","36.2",",,C,27,","28.8",",C,06,","31.6","C","31.6",",C","150.1",",,,C","18.02",",C","21.90",",,,C","14.14",",,,C","","","",""
"CA00830P001","2011-08","46.35","-63.1667","53.0","HARRINGTON CDA CS, PE CA","56.1","C","31.5",",C","16","1,C","6","1,C","2","1,C","","","0",",C","0",",C","0",",C","22",",C","0",",C","10.6",",C,31,","","","41.6","1,,C,08,","26.7",",C,14,","53.6","C","22.0",",C","126.4","1,,,C","18.64",",C","22.69",",,,C","14.59",",,,C","","","",""
"CA00830P001","2011-09","46.35","-63.1667","53.0","HARRINGTON CDA CS, PE CA","67.3","C","11.2",",C","8",",C","5",",C","0",",C","","","0",",C","0",",C","0",",C","15",",C","0",",C","3.6",",C,28,+","","","5.9",",,C,15,","26.3",",C,05,","148.0","C","94.4",",C","20.8",",,,C","15.56",",C","20.12",",,,C","11.00",",,,C","","","",""
"CA00830P001","2011-10","46.35","-63.1667","53.0","HARRINGTON CDA CS, PE CA","69.0","C","1.7",",C","21",",C","13",",C","4",",C","","","0",",C","1",",C","0",",C","2",",C","0",",C","-0.4",",C,31,","","","59.6",",,C,05,","24.6",",C,09,","413.9","C","265.9",",C","284.1",",,,C","9.81",",C","13.16",",,,C","6.45",",,,C","","","",""
"CA00830P001","2011-11","46.35","-63.1667","53.0","HARRINGTON CDA CS, PE CA","69.0","C","0.0","1,C","9","2,C","6","2,C","1","2,C","","","0","1,C","12","1,C","1","1,C","0","1,C","0","1,C","-6.4","1,C,24,+","","","39.1","2,,C,11,","16.8","1,C,30,","812.9","C","399.0","1,C","96.5","2,,,C","4.57","1,C","8.65","1,,,C","0.50","1,,,C","","","",""
"CA00830P001","2011-12","46.35","-63.1667","53.0","HARRINGTON CDA CS, PE CA","69.0","C","0.0",",C","14",",C","12",",C","0",",C","","","0",",C","26",",C","7",",C","0",",C","0",",C","-12.1",",C,21,","","","19.6",",,C,31,","14.9",",C,08,","1397.0","C","584.1",",C","121.2",",,,C","-0.51",",C","3.24",",,,C","-4.25",",,,C","","","",""
"CA00830P001","2012-01","46.35","-63.1667","53.0","HARRINGTON CDA CS, PE CA","0.0","C","0.0",",C","14","2,C","5","2,C","0","2,C","","","0",",C","30",",C","15",",C","0",",C","0",",C","-16.2",",C,22,","","","22.7","2,,C,27,","8.8",",C,02,","2127.6","C","730.6",",C","51.8","2,,,C","-5.24",",C","-0.85",",,,C","-9.62",",,,C","","","",""
"CA00830P001","2012-02","46.35","-63.1667","53.0","HARRINGTON CDA CS, PE CA","0.0","C","0.0",",C","13","1,C","9","1,C","0","1,C","29",",","2",",C","29",",C","21",",C","0",",C","0",",C","-21.0",",C,13,","360",",,C,29,","19.2","1,,C,11,","8.0",",C,15,","2842.2","C","714.6",",C","76.7","1,,,C","-6.31",",C","-2.42",",,,C","-10.19",",,,C","","","",""
"CA00830P001","2012-03","46.35","-63.1667","53.0","HARRINGTON CDA CS, PE CA","0.0","C","0.0",",C","11","1,C","5","1,C","0","1,C","","","0",",C","27",",C","9",",C","1",",C","0",",C","-15.4",",C,01,","","","10.7","1,,C,03,","24.0",",C,22,","3423.9","C","581.7",",C","36.2","1,,,C","-0.43",",C","3.70",",,,C","-4.56",",,,C","","","",""
"CA00830P001","2012-04","46.35","-63.1667","53.0","HARRINGTON CDA CS, PE CA","0.0","C","0.0",",C","11",",C","7",",C","1",",C","","","0",",C","17",",C","0",",C","0",",C","0",",C","-6.0",",C,01,","","","25.4",",,C,27,","19.9",",C,17,","3816.3","C","392.4",",C","82.8",",,,C","5.25",",C","10.10",",,,C","0.41",",,,C","","","",""
"CA00830P001","2012-05","46.35","-63.1667","53.0","HARRINGTON CDA CS, PE CA","0.3","C","0.3","1,C","9","1,C","4","1,C","1","1,C","","","0","1,C","5","1,C","0","1,C","4","1,C","0","1,C","-2.7","1,C,01,","","","26.4","1,,C,09,","26.3","1,C,21,","4044.8","C","228.5","1,C","54.0","1,,,C","10.73","1,C","15.86","1,,,C","5.59","1,,,C","","","",""
"CA00830P001","2012-06","46.35","-63.1667","53.0","HARRINGTON CDA CS, PE CA","6.5","C","6.2",",C","7",",C","5",",C","0",",C","","","0",",C","0",",C","0",",C","10",",C","0",",C","5.6",",C,02,","","","10.5",",,C,26,","28.0",",C,30,","4172.2","C","127.4",",C","30.1",",,,C","14.29",",C","18.56",",,,C","10.03",",,,C","","","",""
"CA00830P001","2012-07","46.35","-63.1667","53.0","HARRINGTON CDA CS, PE CA","49.2","C","42.7",",C","8",",C","2",",C","0",",C","","","0",",C","0",",C","0",",C","29",",C","0",",C","7.5",",C,21,","","","15.5",",,C,24,","29.8",",C,31,","11.3","C","11.3",",C","30.0",",,,C","19.35",",C","24.43",",,,C","14.26",",,,C","","","",""
"CA00830P001","2012-08","46.35","-63.1667","53.0","HARRINGTON CDA CS, PE CA","126.8","C","77.6",",C","12",",C","6",",C","1",",C","","","0",",C","0",",C","0",",C","28",",C","0",",C","11.6",",C,29,+","","","40.6",",,C,16,","29.1",",C,05,","16.8","C","5.5",",C","67.5",",,,C","20.66",",C","25.47",",,,C","15.85",",,,C","","","",""
"CA00830P001","2012-09","46.35","-63.1667","53.0","HARRINGTON CDA CS, PE CA","133.0","C","6.2",",C","17","1,C","12","1,C","4","1,C","","","0",",C","0",",C","0",",C","12",",C","0",",C","6.4",",C,28,","","","47.9","1,,C,05,","24.5",",C,08,","101.7","C","84.9",",C","230.2","1,,,C","15.71",",C","19.70",",,,C","11.72",",,,C","","","",""
"CA00830P001","2012-10","46.35","-63.1667","53.0","HARRINGTON CDA CS, PE CA","133.0","C","0.0",",C","16",",C","6",",C","0",",C","","","0",",C","2",",C","0",",C","0",",C","0",",C","-0.6",",C,14,","","","16.0",",,C,01,","19.4",",C,01,","352.6","C","250.9",",C","63.0",",,,C","10.24",",C","13.50",",,,C","6.98",",,,C","","","",""
"CA00830P001","2012-11","46.35","-63.1667","53.0","HARRINGTON CDA CS, PE CA","133.0","C","0.0","1,C","13","1,C","5","1,C","0","1,C","","","0","1,C","14","1,C","4","1,C","0","1,C","0","1,C","-10.9","1,C,30,","","","21.5","1,,C,08,","17.9","1,C,13,","786.7","C","434.1","1,C","52.2","1,,,C","3.37","1,C","6.38","1,,,C","0.35","1,,,C","","","",""
"CA00830P001","2012-12","46.35","-63.1667","53.0","HARRINGTON CDA CS, PE CA","133.0","C","0.0",",C","16",",C","9",",C","1",",C","","","0",",C","26",",C","10",",C","0",",C","0",",C","-10.6",",C,01,","","","33.4",",,C,10,","11.3",",C,11,","1386.1","C","599.4",",C","108.1",",,,C","-1.00",",C","2.29",",,,C","-4.30",",,,C","","","",""
"CA00830P001","2013-01","46.35","-63.1667","53.0","HARRINGTON CDA CS, PE CA","0.0","C","0.0",",C","12","1,C","4","1,C","0","1,C","30","1,","4",",C","30",",C","22",",C","0",",C","0",",C","-22.1",",C,24,","250","1,,C,10,+","3.4","1,,C,31,+","12.5",",C,31,","2207.8","C","821.7",",C","21.2","1,,,C","-8.17",",C","-3.96",",,,C","-12.39",",,,C","","","",""
"CA00830P001","2013-02","46.35","-63.1667","53.0","HARRINGTON CDA CS, PE CA","0.0","C","0.0",",C","13",",C","7",",C","1",",C","25","3,","4",",C","28",",C","19",",C","0",",C","0",",C","-21.4",",C,08,+","520","3,,C,12,","28.4",",,C,17,","5.0",",C,16,","2888.9","C","681.1",",C","79.3",",,,C","-5.99",",C","-2.27",",,,C","-9.72",",,,C","","","",""
"CA00830P001","2013-03","46.35","-63.1667","53.0","HARRINGTON CDA CS, PE CA","0.0","C","0.0",",C","16","1,C","8","1,C","0","1,C","31",",","0",",C","30",",C","10",",C","0",",C","0",",C","-13.5",",C,18,","530",",,C,04,","24.0","1,,C,13,","10.3",",C,13,","3501.7","C","612.8",",C","71.8","1,,,C","-1.43",",C","1.11",",,,C","-3.97",",,,C","","","",""
"CA00830P001","2013-04","46.35","-63.1667","53.0","HARRINGTON CDA CS, PE CA","0.0","C","0.0",",C","16",",C","5",",C","0",",C","","","0",",C","22",",C","1",",C","0",",C","0",",C","-5.9",",C,03,","","","5.1",",,C,05,","19.1",",C,19,","3953.6","C","451.9",",C","30.6",",,,C","3.27",",C","7.34",",,,C","-0.80",",,,C","","","",""
"CA00830P001","2013-05","46.35","-63.1667","53.0","HARRINGTON CDA CS, PE CA","1.8","C","1.8","1,C","11","1,C","6","1,C","0","1,C","","","0","1,C","3","1,C","0","1,C","6","1,C","0","1,C","-0.2","1,C,19,+","","","12.9","1,,C,12,","26.4","1,C,31,","4188.8","C","235.2","1,C","58.6","1,,,C","10.55","1,C","15.40","1,,,C","5.71","1,,,C","","","",""
"CA00830P001","2013-06","46.35","-63.1667","53.0","HARRINGTON CDA CS, PE CA","11.9","C","10.1",",C","13",",C","4",",C","1",",C","","","0",",C","0",",C","0",",C","11",",C","0",",C","6.4",",C,15,","","","34.6",",,C,08,","26.8",",C,23,","4304.3","C","115.5",",C","71.6",",,,C","14.82",",C","19.29",",,,C","10.35",",,,C","","","",""
"CA00830P001","2013-07","46.35","-63.1667","53.0","HARRINGTON CDA CS, PE CA","70.9","C","59.0",",C","11","1,C","4","1,C","1","1,C","","","0",",C","0",",C","0",",C","26",",C","1",",C","9.8",",C,09,","","","32.3","1,,C,23,","32.5",",C,15,","17.3","C","17.3",",C","66.0","1,,,C","19.68",",C","24.76",",,,C","14.59",",,,C","","","",""
"CA00830P001","2013-08","46.35","-63.1667","53.0","HARRINGTON CDA CS, PE CA","103.1","C","32.2","2,C","10","1,C","4","1,C","0","1,C","","","0","2,C","0","2,C","0","2,C","24","2,C","0","2,C","8.1","2,C,25,","","","18.4","1,,C,09,","28.6","2,C,22,","38.0","C","20.7","2,C","46.8","1,,,C","18.73","2,C","23.55","2,,,C","13.90","2,,,C","","","",""
"CA00830P001","2013-09","46.35","-63.1667","53.0","HARRINGTON CDA CS, PE CA","109.6","C","6.5",",C","14","2,C","5","2,C","1","2,C","","","0",",C","0",",C","0",",C","10",",C","0",",C","5.1",",C,28,","","","45.2","2,,C,03,","24.5",",C,22,","151.7","C","113.7",",C","103.6","2,,,C","14.76",",C","18.74",",,,C","10.79",",,,C","","","",""
"CA00830P001","2013-10","46.35","-63.1667","53.0","HARRINGTON CDA CS, PE CA","109.6","C","0.0",",C","13","1,C","6","1,C","0","1,C","","","0",",C","3",",C","0",",C","1",",C","0",",C","-4.6",",C,30,","","","19.4","1,,C,22,","21.4",",C,02,","453.7","C","302.0",",C","66.5","1,,,C","8.59",",C","13.05",",,,C","4.14",",,,C","","","",""
"CA00830P001","2013-11","46.35","-63.1667","53.0","HARRINGTON CDA CS, PE CA","109.6","C","0.0","1,C","15","1,C","8","1,C","1","1,C","","","0","1,C","19","1,C","6","1,C","0","1,C","0","1,C","-10.0","1,C,30,","","","29.9","1,,C,11,","18.4","1,C,01,","923.0","C","469.3","1,C","112.4","1,,,C","2.15","1,C","5.79","1,,,C","-1.49","1,,,C","","","",""
"CA00830P001","2013-12","46.35","-63.1667","53.0","HARRINGTON CDA CS, PE CA","109.6","C","0.0",",C","21","1,C","14","1,C","2","1,C","25","4,","4",",C","29",",C","23",",C","0",",C","0",",C","-20.0",",C,13,","640","4,,C,30,","42.8","1,,C,04,","6.5",",C,06,","1678.0","C","755.0",",C","200.9","1,,,C","-6.02",",C","-2.40",",,,C","-9.64",",,,C","","","",""
"CA00830P001","2014-01","46.35","-63.1667","53.0","HARRINGTON CDA CS, PE CA","0.0","C","0.0",",C","18","1,C","8","1,C","0","1,C","31",",","8",",C","28",",C","15",",C","0",",C","0",",C","-26.0",",C,02,","650",",,C,05,","14.9","1,,C,16,","8.9",",C,12,","2462.0","C","784.0",",C","75.8","1,,,C","-6.96",",C","-2.10",",,,C","-11.82",",,,C","","","",""
"CA00830P001","2014-02","46.35","-63.1667","53.0","HARRINGTON CDA CS, PE CA","0.0","C","0.0",",C","14","1,C","9","1,C","0","1,C","28",",","3",",C","28",",C","20",",C","0",",C","0",",C","-18.6",",C,12,","590",",,C,20,","20.7","1,,C,14,","7.4",",C,14,","3178.1","C","716.1",",C","96.2","1,,,C","-7.24",",C","-3.58",",,,C","-10.90",",,,C","","","",""
"CA00830P001","2014-03","46.35","-63.1667","53.0","HARRINGTON CDA CS, PE CA","0.0","C","0.0","1,C","14","1,C","9","1,C","2","1,C","30","1,","3","1,C","30","1,C","16","1,C","0","1,C","0","1,C","-20.6","1,C,04,","870","1,,C,28,","37.7","1,,C,30,","5.4","1,C,08,","3923.1","C","745.0","1,C","132.8","1,,,C","-6.50","1,C","-1.78","1,,,C","-11.23","1,,,C","","","",""
"CA00830P001","2014-04","46.35","-63.1667","53.0","HARRINGTON CDA CS, PE CA","0.0","C","0.0","1,C","","","","","","","","","0","1,C","20","1,C","2","1,C","0","1,C","0","1,C","-4.7","1,C,05,","","","","","19.2","1,C,15,","4375.0","C","451.9","1,C","","","2.75","1,C","6.39","1,,,C","-0.89","1,,,C","","","",""
"CA00830P001","2014-05","46.35","-63.1667","53.0","HARRINGTON CDA CS, PE CA","0.0","C","0.0","1,C","15","1,C","7","1,C","0","1,C","","","0","1,C","6","1,C","0","1,C","3","1,C","0","1,C","-2.5","1,C,07,","","","17.2","1,,C,01,","24.6","1,C,16,","4677.4","C","302.4","1,C","68.2","1,,,C","8.25","1,C","12.93","1,,,C","3.57","1,,,C","","","",""
"CA00830P001","2014-06","46.35","-63.1667","53.0","HARRINGTON CDA CS, PE CA","8.3","C","8.3",",C","12",",C","6",",C","0",",C","","","0",",C","0",",C","0",",C","11",",C","0",",C","3.8",",C,09,","","","18.1",",,C,18,","29.1",",C,30,","4800.5","C","123.1",",C","79.3",",,,C","14.51",",C","19.31",",,,C","9.70",",,,C","","","",""
"CA00830P001","2014-07","46.35","-63.1667","53.0","HARRINGTON CDA CS, PE CA","89.7","C","81.4",",C","11",",C","5",",C","0",",C","","","0",",C","0",",C","0",",C","30",",C","0",",C","11.6",",C,05,","","","12.3",",,C,05,","28.6",",C,23,+","1.4","C","1.4",",C","40.6",",,,C","20.91",",C","25.51",",,,C","16.32",",,,C","","","",""
"CA00830P001","2014-08","46.35","-63.1667","53.0","HARRINGTON CDA CS, PE CA","114.1","C","24.4",",C","12",",C","9",",C","1",",C","","","0",",C","0",",C","0",",C","19",",C","0",",C","6.1",",C,29,","","","48.6",",,C,31,","27.1",",C,26,","33.6","C","32.2",",C","120.6",",,,C","18.08",",C","22.25",",,,C","13.92",",,,C","","","",""
"CA00830P001","2014-09","46.35","-63.1667","53.0","HARRINGTON CDA CS, PE CA","121.2","C","7.1",",C","15","1,C","7","1,C","1","1,C","","","0",",C","0",",C","0",",C","10",",C","0",",C","1.5",",C,19,","","","43.5","1,,C,22,","25.5",",C,28,+","158.6","C","125.0",",C","88.7","1,,,C","14.41",",C","19.14",",,,C","9.67",",,,C","","","",""
"CA00830P001","2014-10","46.35","-63.1667","53.0","HARRINGTON CDA CS, PE CA","121.2","C","0.0","1,C","13","2,C","9","2,C","2","2,C","","","0","1,C","0","1,C","0","1,C","1","1,C","0","1,C","1.6","1,C,21,","","","33.0","2,,C,26,","21.3","1,C,15,","386.5","C","227.9","1,C","124.4","2,,,C","10.74","1,C","14.31","1,,,C","7.16","1,,,C","","","",""
"CA00830P001","2014-11","46.35","-63.1667","53.0","HARRINGTON CDA CS, PE CA","121.2","C","0.0",",C","23","1,C","13","1,C","2","1,C","6","5,","0",",C","17",",C","5",",C","0",",C","0",",C","-11.3",",C,29,","120","5,,C,30,+","29.6","1,,C,02,","16.7",",C,02,","860.5","C","474.0",",C","176.4","1,,,C","2.53",",C","6.68",",,,C","-1.62",",,,C","","","",""
"CA00830P001","2014-12","46.35","-63.1667","53.0","HARRINGTON CDA CS, PE CA","121.2","C","0.0","1,C","18","4,C","9","4,C","3","4,C","1","3,","0","1,C","24","1,C","8","1,C","0","1,C","0","1,C","-16.4","1,C,30,","50","3,,C,01,","92.9","4,,C,10,","14.5","1,C,25,","1418.3","C","557.8","1,C","231.0","4,,,C","-0.26","1,C","3.25","1,,,C","-3.77","1,,,C","","","",""
"CA00830P001","2015-01","46.35","-63.1667","53.0","HARRINGTON CDA CS, PE CA","0.0","C","0.0",",C","29",",C","9",",C","1",",C","17","2,","7",",C","30",",C","22",",C","0",",C","0",",C","-20.9",",C,18,+","230","2,,C,31,","30.4",",,C,24,","6.6",",C,19,","2253.0","C","834.7",",C","132.8",",,,C","-8.59",",C","-3.64",",,,C","-13.55",",,,C","","","",""
"CA00830P001","2015-02","46.35","-63.1667","53.0","HARRINGTON CDA CS, PE CA","0.0","C","0.0",",C","","","","","","","","","17",",C","28",",C","25",",C","0",",C","0",",C","-23.7",",C,24,","","","","","2.4",",C,22,","3124.2","C","871.2",",C","","","-12.78",",C","-7.56",",,,C","-18.00",",,,C","","","",""
"CA00830P001","2015-03","46.35","-63.1667","53.0","HARRINGTON CDA CS, PE CA","0.0","C","0.0",",C","","","","","","","","","2",",C","31",",C","23",",C","0",",C","0",",C","-18.1",",C,06,+","","","","","6.7",",C,11,","3879.0","C","754.8",",C","","","-6.01",",C","-1.55",",,,C","-10.48",",,,C","","","",""
"CA00830P001","2015-04","46.35","-63.1667","53.0","HARRINGTON CDA CS, PE CA","0.0","C","0.0",",C","28","2,C","20","2,C","1","2,C","","","0",",C","25",",C","4",",C","0",",C","0",",C","-10.7",",C,06,","","","29.3","2,,C,22,","9.4",",C,13,","4430.3","C","551.3",",C","170.9","2,,,C","-0.05",",C","3.62",",,,C","-3.71",",,,C","32",",C","69.0",",C"
"CA00830P001","2015-05","46.35","-63.1667","53.0","HARRINGTON CDA CS, PE CA","2.5","C","2.5","1,C","","","","","","","","","0","1,C","4","1,C","0","1,C","6","1,C","0","1,C","-2.0","1,C,08,","","","","","27.9","1,C,27,","4662.6","C","232.3","1,C","","","10.67","1,C","16.11","1,,,C","5.23","1,,,C","24",",C","57.0",",C"
"CA00830P001","2015-06","46.35","-63.1667","53.0","HARRINGTON CDA CS, PE CA","3.2","C","0.7","2,C","18","2,C","10","2,C","1","2,C","","","0","2,C","0","2,C","0","2,C","7","2,C","0","2,C","4.9","2,C,08,","","","30.8","2,,C,22,","23.9","2,C,12,","4803.6","C","141.0","2,C","111.0","2,,,C","13.32","2,C","17.78","2,,,C","8.86","2,,,C","33","2,C","56.0","2,C"
"CA00830P001","2015-07","46.35","-63.1667","53.0","HARRINGTON CDA CS, PE CA","24.6","C","21.4",",C","16",",C","3",",C","0",",C","","","0",",C","0",",C","0",",C","20",",C","0",",C","9.8",",C,16,","","","18.5",",,C,19,","27.5",",C,14,","33.9","C","33.9",",C","36.7",",,,C","17.93",",C","22.18",",,,C","13.67",",,,C","20",",C","56.0",",C"
"CA00830P001","2015-08","46.35","-63.1667","53.0","HARRINGTON CDA CS, PE CA","109.6","C","85.0",",C","15",",C","6",",C","1",",C","","","0",",C","0",",C","0",",C","29",",C","0",",C","12.3",",C,08,","","","67.7",",,C,27,","30.7",",C,18,","38.4","C","4.5",",C","115.6",",,,C","20.93",",C","25.19",",,,C","16.66",",,,C","35",",C","57.0",",C"
"CA00830P001","2015-09","46.35","-63.1667","53.0","HARRINGTON CDA CS, PE CA","126.9","C","17.3",",C","13","1,C","4","1,C","1","1,C","","","0",",C","0",",C","0",",C","17",",C","0",",C","3.7",",C,26,","","","25.8","1,,C,11,","27.1",",C,07,","114.8","C","76.4",",C","67.6","1,,,C","16.36",",C","21.20",",,,C","11.53",",,,C","22",",C","59.0",",C"
"CA00830P001","2015-10","46.35","-63.1667","53.0","HARRINGTON CDA CS, PE CA","126.9","C","0.0",",C","22",",C","13",",C","0",",C","","","0",",C","5",",C","0",",C","0",",C","0",",C","-2.7",",C,19,","","","19.9",",,C,29,","20.3",",C,01,","435.7","C","320.9",",C","112.9",",,,C","7.98",",C","12.07",",,,C","3.90",",,,C","24",",C","69.0",",C"
"CA00830P001","2015-11","46.35","-63.1667","53.0","HARRINGTON CDA CS, PE CA","126.9","C","0.0","3,C","24","3,C","9","3,C","1","3,C","","","0","1,C","10","1,C","2","3,C","0","3,C","0","3,C","-8.1","1,C,30,","","","48.3","3,,C,23,","16.1","3,C,06,","810.2","C","374.5","3,C","133.6","3,,,C","4.43","3,C","7.59","3,,,C","1.27","1,,,C","21",",C","67.0",",C"
"CA00830P001","2015-12","46.35","-63.1667","53.0","HARRINGTON CDA CS, PE CA","126.9","C","0.0","1,C","29","1,C","20","1,C","1","1,C","16","4,","0",",C","23",",C","4","1,C","0","1,C","0","1,C","-11.5",",C,28,","250","4,,C,30,","33.7","1,,C,15,","10.4","1,C,12,","1349.4","C","539.2","1,C","186.9","1,,,C","0.37","1,C","2.89","1,,,C","-2.15",",,,C","36",",C","69.0",",C"
"CA00830P001","2016-01","46.35","-63.1667","53.0","HARRINGTON CDA CS, PE CA","0.0","C","0.0","1,C","","","","","","","29",",","0",",C","31",",C","23","1,C","0","1,C","0","1,C","-15.4",",C,05,","210",",,C,30,+","","","8.6","1,C,11,","2050.7","C","701.3","1,C","","","-5.08","1,C","-1.82","1,,,C","-8.35",",,,C","13",",C","76.0",",C"
"CA00830P001","2016-02","46.35","-63.1667","53.0","HARRINGTON CDA CS, PE CA","0.0","C","0.0","2,C","15","3,C","8","3,C","0","3,C","24",",","3",",C","25",",C","13","2,C","0","2,C","0","2,C","-19.8",",C,15,","470",",,C,14,","21.1","3,,C,05,","12.6","2,C,29,","2647.4","C","596.7","2,C","62.8","3,,,C","-3.56","2,C","0.74","2,,,C","-7.87",",,,C","17",",C","69.0",",C"
"CA00830P001","2016-03","46.35","-63.1667","53.0","HARRINGTON CDA CS, PE CA","0.0","C","0.0",",C","17",",C","9",",C","0",",C","15",",","0",",C","30",",C","15",",C","0",",C","0",",C","-15.3",",C,04,","170",",,C,23,+","17.2",",,C,28,","9.7",",C,31,","3309.7","C","662.3",",C","87.8",",,,C","-3.03",",C","0.68",",,,C","-6.74",",,,C","31",",C","80.0",",C"
"CA00830P001","2016-04","46.35","-63.1667","53.0","HARRINGTON CDA CS, PE CA","0.0","C","0.0",",C","13",",C","8",",C","0",",C","","","0",",C","22",",C","3",",C","0",",C","0",",C","-10.4",",C,04,","","","14.6",",,C,23,","15.3",",C,23,","3794.0","C","484.3",",C","74.3",",,,C","2.19",",C","6.62",",,,C","-2.25",",,,C","16",",C","76.0",",C"
"CA00830P001","2016-05","46.35","-63.1667","53.0","HARRINGTON CDA CS, PE CA","0.0","C","0.0","2,C","13","2,C","7","2,C","0","2,C","","","0","2,C","3","2,C","0","2,C","4","2,C","0","2,C","-2.3","2,C,01,","","","12.2","2,,C,06,","26.9","2,C,31,","4050.0","C","256.0","2,C","57.0","2,,,C","9.51","2,C","14.28","2,,,C","4.73","2,,,C","23",",C","61.0",",C"
"CA00830P001","2016-06","46.35","-63.1667","53.0","HARRINGTON CDA CS, PE CA","13.2","C","13.2",",C","9",",C","7",",C","0",",C","","","0",",C","0",",C","0",",C","14",",C","0",",C","0.6",",C,02,","","","17.9",",,C,14,","27.0",",C,27,","4177.3","C","127.3",",C","72.0",",,,C","14.53",",C","19.06",",,,C","9.99",",,,C","24",",C","61.0",",C"
"CA00830P001","2016-07","46.35","-63.1667","53.0","HARRINGTON CDA CS, PE CA","63.1","C","49.9",",C","13",",C","4",",C","0",",C","","","0",",C","0",",C","0",",C","23",",C","0",",C","10.1",",C,12,+","","","13.8",",,C,07,","28.8",",C,28,","34.5","C","34.5",",C","39.4",",,,C","18.83",",C","23.41",",,,C","14.25",",,,C","30",",C","59.0",",C"
"CA00830P001","2016-08","46.35","-63.1667","53.0","HARRINGTON CDA CS, PE CA","93.0","C","29.9",",C","14",",C","10",",C","1",",C","","","0",",C","0",",C","0",",C","25",",C","0",",C","10.6",",C,28,","","","38.6",",,C,17,","27.8",",C,06,","59.6","C","25.1",",C","134.8",",,,C","18.49",",C","22.82",",,,C","14.15",",,,C","34",",C","59.0",",C"
"CA00830P001","2016-09","46.35","-63.1667","53.0","HARRINGTON CDA CS, PE CA","108.0","C","15.0",",C","15",",C","7",",C","0",",C","","","0",",C","0",",C","0",",C","11",",C","0",",C","5.4",",C,29,","","","15.1",",,C,23,","27.2",",C,06,","167.3","C","107.7",",C","68.0",",,,C","15.24",",C","19.15",",,,C","11.34",",,,C","18",",C","54.0",",C"
"CA00830P001","2016-10","46.35","-63.1667","53.0","HARRINGTON CDA CS, PE CA","108.0","C","0.0","2,C","15","2,C","7","2,C","2","2,C","","","0",",C","1",",C","0","2,C","2","2,C","0","2,C","-0.8",",C,28,","","","57.8","2,,C,10,","22.2","2,C,07,","412.8","C","245.5","2,C","136.2","2,,,C","9.92","2,C","13.84","2,,,C","5.99",",,,C","36",",C","93.0",",C"
"CA00830P001","2016-11","46.35","-63.1667","53.0","HARRINGTON CDA CS, PE CA","108.0","C","0.0",",C","19",",C","8",",C","1",",C","","","0",",C","7",",C","0",",C","0",",C","0",",C","-1.5",",C,26,","","","27.8",",,C,27,","15.1",",C,20,","821.9","C","409.1",",C","123.7",",,,C","4.70",",C","7.22",",,,C","2.17",",,,C","34",",C","83.0",",C"
"CA00830P001","2016-12","46.35","-63.1667","53.0","HARRINGTON CDA CS, PE CA","108.0","C","0.0","1,C","20","1,C","13","1,C","0","1,C","31",",","1",",C","29",",C","13","1,C","0","1,C","0","1,C","-18.9",",C,17,","230",",,C,01,","20.3","1,,C,01,","10.5","1,C,18,","1474.7","C","652.8","1,C","92.9","1,,,C","-3.44","1,C","-0.13","1,,,C","-6.75",",,,C","12",",C","87.0",",C"
"CA00830P001","2017-01","46.35","-63.1667","53.0","HARRINGTON CDA CS, PE CA","0.0","C","0.0",",C","17",",C","8",",C","1",",C","31",",","2",",C","30",",C","20",",C","0",",C","0",",C","-21.1",",C,09,","410",",,C,08,","45.8",",,C,25,","7.4",",C,12,","2189.1","C","714.4",",C","107.6",",,,C","-4.71",",C","-1.18",",,,C","-8.25",",,,C","12",",C","76.0",",C"
"CA00830P001","2017-02","46.35","-63.1667","53.0","HARRINGTON CDA CS, PE CA","0.0","C","0.0","2,C","15","3,C","8","3,C","0","3,C","26","2,","0","2,C","25","2,C","19","2,C","0","2,C","0","2,C","-17.7","2,C,11,","650","2,,C,17,","15.1","3,,C,16,","9.5","2,C,24,","2807.4","C","618.3","2,C","62.9","3,,,C","-5.45","2,C","-1.52","2,,,C","-9.37","2,,,C","1","2,C","82.0","2,C"
"CA00830P001","2017-03","46.35","-63.1667","53.0","HARRINGTON CDA CS, PE CA","0.0","C","0.0","3,C","11","3,C","4","3,C","0","3,C","28","3,","2","3,C","28","3,C","20","3,C","0","3,C","0","3,C","-19.0","3,C,11,","190","3,,C,07,+","8.8","3,,C,14,","7.1","3,C,08,","3441.1","C","633.7","3,C","29.2","3,,,C","-4.30","3,C","-1.21","3,,,C","-7.39","3,,,C","34","4,C","82.0","4,C"
"CA00830P001","2017-04","46.35","-63.1667","53.0","HARRINGTON CDA CS, PE CA","0.0","C","0.0",",C","10",",C","4",",C","0",",C","9","4,","0",",C","14",",C","1",",C","0",",C","0",",C","-5.9",",C,19,","110","4,,C,01,","15.8",",,C,07,","19.3",",C,29,","3868.6","C","427.5",",C","40.9",",,,C","4.08",",C","7.99",",,,C","0.17",",,,C","31",",C","57.0",",C"
"CA00830P001","2017-05","46.35","-63.1667","53.0","HARRINGTON CDA CS, PE CA","0.0","C","0.0",",C","20",",C","10",",C","1",",C","","","0",",C","1",",C","0",",C","2",",C","0",",C","0.0",",C,30,","","","30.2",",,C,09,","26.6",",C,19,","4147.5","C","278.9",",C","155.9",",,,C","9.34",",C","13.88",",,,C","4.79",",,,C","34",",C","67.0",",C"
"CA00830P001","2017-06","46.35","-63.1667","53.0","HARRINGTON CDA CS, PE CA","13.9","C","13.9",",C","14",",C","6",",C","1",",C","","","0",",C","0",",C","0",",C","15",",C","0",",C","3.8",",C,05,","","","32.2",",,C,09,","27.2",",C,11,","4244.1","C","96.6",",C","75.3",",,,C","15.58",",C","20.35",",,,C","10.80",",,,C","24",",C","78.0",",C"
"CA00830P001","2017-07","46.35","-63.1667","53.0","HARRINGTON CDA CS, PE CA","49.5","C","35.6","1,C","10","1,C","2","1,C","0","1,C","","","0","1,C","0","1,C","0","1,C","21","1,C","0","1,C","9.3","1,C,05,","","","24.3","1,,C,21,","27.7","1,C,21,","29.0","C","29.0","1,C","42.6","1,,,C","18.56","1,C","23.39","1,,,C","13.72","1,,,C","29",",C","93.0",",C"
"CA00830P001","2017-08","46.35","-63.1667","53.0","HARRINGTON CDA CS, PE CA","78.8","C","29.3",",C","10",",C","4",",C","1",",C","","","0",",C","0",",C","0",",C","21",",C","0",",C","9.2",",C,28,+","","","47.9",",,C,06,","27.8",",C,05,","61.9","C","32.9",",C","99.2",",,,C","18.21",",C","22.90",",,,C","13.53",",,,C","15",",C","52.0",",C"
"CA00830P001","2017-09","46.35","-63.1667","53.0","HARRINGTON CDA CS, PE CA","89.8","C","11.0","1,C","15","1,C","4","1,C","0","1,C","","","0",",C","0",",C","0","1,C","11","1,C","0","1,C","1.9",",C,30,","","","20.1","1,,C,27,","28.5","1,C,26,","152.5","C","90.6","1,C","56.5","1,,,C","15.70","1,C","20.10","1,,,C","11.30",",,,C","36",",C","61.0",",C"
"CA00830P001","2017-10","46.35","-63.1667","53.0","HARRINGTON CDA CS, PE CA","90.9","C","1.1","1,C","12","1,C","4","1,C","0","1,C","","","0",",C","1",",C","0","1,C","4","1,C","0","1,C","-1.8",",C,22,","","","11.0","1,,C,09,","22.9","1,C,08,","357.5","C","205.0","1,C","34.8","1,,,C","11.60","1,C","15.96","1,,,C","7.24",",,,C","14",",C","76.0",",C"
"CA00830P001","2017-11","46.35","-63.1667","53.0","HARRINGTON CDA CS, PE CA","90.9","C","0.0","1,C","13","1,C","8","1,C","1","1,C","","","0",",C","17",",C","1","1,C","0","1,C","0","1,C","-7.1",",C,21,","","","27.5","1,,C,23,","19.0","1,C,03,","798.9","C","441.4","1,C","120.5","1,,,C","3.17","1,C","7.31","1,,,C","-0.97",",,,C","30",",C","82.0",",C"
"CA00830P001","2017-12","46.35","-63.1667","53.0","HARRINGTON CDA CS, PE CA","90.9","C","0.0",",C","15","1,C","8","1,C","0","1,C","","","3",",C","26",",C","13",",C","0",",C","0",",C","-20.2",",C,31,","","","12.1","1,,C,23,","12.4",",C,13,","1507.2","C","708.3",",C","78.0","1,,,C","-4.51",",C","-0.86",",,,C","-8.17",",,,C","24",",C","111.0",",C"
"CA00830P001","2018-01","46.35","-63.1667","53.0","HARRINGTON CDA CS, PE CA","0.0","C","0.0",",C","16",",C","6",",C","0",",C","30",",","2",",C","30",",C","21",",C","0",",C","0",",C","-20.3",",C,07,","220",",,C,18,","10.7",",,C,17,","15.5",",C,13,","2275.8","C","768.6",",C","51.8",",,,C","-6.46",",C","-1.94",",,,C","-10.98",",,,C","21",",C","87.0",",C"
"CA00830P001","2018-02","46.35","-63.1667","53.0","HARRINGTON CDA CS, PE CA","0.0","C","0.0","2,C","16","3,C","7","3,C","0","3,C","27","1,","1","1,C","27","1,C","9","2,C","0","2,C","0","2,C","-17.8","1,C,03,","180","1,,C,11,","16.0","3,,C,05,","8.7","2,C,05,","2861.2","C","585.4","2,C","69.2","3,,,C","-4.17","2,C","0.60","2,,,C","-8.94","1,,,C","15","1,C","61.0","1,C"
"CA00830P001","2018-03","46.35","-63.1667","53.0","HARRINGTON CDA CS, PE CA","0.0","C","0.0","1,C","10","1,C","8","1,C","0","1,C","31",",","0",",C","31",",C","9","1,C","0","1,C","0","1,C","-10.4",",C,19,","330",",,C,26,","10.4","1,,C,28,","7.5","1,C,30,","3457.7","C","596.5","1,C","42.4","1,,,C","-1.52","1,C","0.79","1,,,C","-3.83",",,,C","5",",C","80.0",",C"
"CA00830P001","2018-04","46.35","-63.1667","53.0","HARRINGTON CDA CS, PE CA","0.0","C","0.0",",C","15",",C","11",",C","0",",C","","","0",",C","18",",C","2",",C","0",",C","0",",C","-8.3",",C,06,","","","20.5",",,C,04,","18.5",",C,24,","3916.1","C","458.4",",C","92.2",",,,C","3.05",",C","6.99",",,,C","-0.88",",,,C","13",",C","72.0",",C"
"CA00830P001","2018-05","46.35","-63.1667","53.0","HARRINGTON CDA CS, PE CA","0.0","C","0.0",",C","13",",C","8",",C","0",",C","","","0",",C","3",",C","0",",C","2",",C","0",",C","-1.8",",C,18,","","","15.2",",,C,02,","25.7",",C,31,","4206.4","C","290.3",",C","77.9",",,,C","8.97",",C","14.83",",,,C","3.11",",,,C","28",",C","76.0",",C"
"CA00830P001","2018-06","46.35","-63.1667","53.0","HARRINGTON CDA CS, PE CA","6.0","C","6.0","1,C","19","2,C","9","2,C","2","2,C","","","0","1,C","2","1,C","0","1,C","8","1,C","0","1,C","-0.3","1,C,04,+","","","39.1","2,,C,02,","28.9","1,C,01,","4381.1","C","174.7","1,C","152.3","2,,,C","12.52","1,C","17.50","1,,,C","7.53","1,,,C","2",",C","67.0",",C"
"CA00830P001","2018-07","46.35","-63.1667","53.0","HARRINGTON CDA CS, PE CA","87.7","C","81.7","1,C","4","1,C","1","1,C","0","1,C","","","0","1,C","0","1,C","0","1,C","27","1,C","0","1,C","9.4","1,C,13,+","","","4.7","1,,C,29,","29.4","1,C,04,","17.1","C","17.1","1,C","9.5","1,,,C","20.49","1,C","25.29","1,,,C","15.68","1,,,C","","","",""
"CA00830P001","2018-08","46.35","-63.1667","53.0","HARRINGTON CDA CS, PE CA","154.0","C","66.3",",C","6",",C","4",",C","2",",C","","","0",",C","0",",C","0",",C","29",",C","0",",C","11.7",",C,31,","","","61.6",",,C,18,","29.9",",C,01,","25.7","C","8.6",",C","111.0",",,,C","20.20",",C","24.70",",,,C","15.69",",,,C","","","",""
"CA00830P001","2018-09","46.35","-63.1667","53.0","HARRINGTON CDA CS, PE CA","164.9","C","10.9",",C","13",",C","6",",C","1",",C","","","0",",C","1",",C","0",",C","10",",C","0",",C","-0.8",",C,25,","","","30.9",",,C,28,","26.4",",C,06,","154.4","C","128.7",",C","86.8",",,,C","14.41",",C","19.53",",,,C","9.28",",,,C","","","",""
"CA00830P001","2018-10","46.35","-63.1667","53.0","HARRINGTON CDA CS, PE CA","164.9","C","0.0","1,C","20","1,C","12","1,C","2","1,C","","","0","1,C","5","1,C","0","1,C","0","1,C","0","1,C","-4.3","1,C,27,","","","37.4","1,,C,03,","20.0","1,C,04,","491.6","C","337.2","1,C","171.2","1,,,C","7.09","1,C","10.85","1,,,C","3.33","1,,,C","","","",""
"CA00830P001","2018-11","46.35","-63.1667","53.0","HARRINGTON CDA CS, PE CA","164.9","C","0.0","2,C","15","2,C","12","2,C","2","2,C","","","0","2,C","17","2,C","7","2,C","0","2,C","0","2,C","-12.2","2,C,22,","","","29.1","2,,C,06,","18.0","2,C,03,","984.1","C","492.5","2,C","153.5","2,,,C","0.74","2,C","3.67","2,,,C","-2.18","2,,,C","","","",""
"CA00830P001","2018-12","46.35","-63.1667","53.0","HARRINGTON CDA CS, PE CA","164.9","C","0.0",",C","16",",C","9",",C","0",",C","20","3,","0",",C","30",",C","19",",C","0",",C","0",",C","-14.7",",C,12,","390","3,,C,19,","21.2",",,C,22,","12.2",",C,22,","1703.4","C","719.3",",C","83.2",",,,C","-4.87",",C","-1.50",",,,C","-8.24",",,,C","","","",""
"CA00830P001","2019-01","46.35","-63.1667","53.0","HARRINGTON CDA CS, PE CA","0.0","C","0.0",",C","12",",C","8",",C","1",",C","31",",","3",",C","31",",C","20",",C","0",",C","0",",C","-20.1",",C,03,","410",",,C,10,","32.0",",,C,20,","10.8",",C,24,","2471.1","C","767.7",",C","90.4",",,,C","-6.43",",C","-1.55",",,,C","-11.32",",,,C","13","4,C","77.0","4,C"
"CA00830P001","2019-02","46.35","-63.1667","53.0","HARRINGTON CDA CS, PE CA","0.0","C","0.0",",C","11",",C","5",",C","0",",C","28",",","0",",C","28",",C","22",",C","0",",C","0",",C","-16.8",",C,01,","290",",,C,14,","18.4",",,C,16,","5.9",",C,05,","3211.5","C","740.4",",C","62.3",",,,C","-8.11",",C","-4.35",",,,C","-11.87",",,,C","25","5,C","76.0","5,C"
"CA00830P001","2019-04","46.35","-63.1667","53.0","HARRINGTON CDA CS, PE CA","","","0.0",",C","19",",C","11",",C","0",",C","","","0",",C","18",",C","3",",C","0",",C","0",",C","-6.3",",C,09,+","","","23.6",",,C,23,","17.8",",C,21,","","","462.2",",C","139.3",",,,C","2.93",",C","6.53",",,,C","-0.68",",,,C","25","4,C","86.0","4,C"
"CA00830P001","2019-05","46.35","-63.1667","53.0","HARRINGTON CDA CS, PE CA","","","0.0",",C","16",",C","6",",C","1",",C","","","0",",C","4",",C","0",",C","0",",C","0",",C","-1.8",",C,03,+","","","38.6",",,C,21,","18.7",",C,07,","","","366.9",",C","85.5",",,,C","6.50",",C","10.52",",,,C","2.47",",,,C","","","",""
"CA00830P001","2019-06","46.35","-63.1667","53.0","HARRINGTON CDA CS, PE CA","","","1.0","1,C","18","1,C","10","1,C","1","1,C","","","0","1,C","0","1,C","0","1,C","9","1,C","0","1,C","4.6","1,C,01,","","","60.1","1,,C,21,","25.7","1,C,19,","","","116.3","1,C","143.1","1,,,C","14.36","1,C","19.01","1,,,C","9.70","1,,,C","","","",""
"CA00830P001","2019-07","46.35","-63.1667","53.0","HARRINGTON CDA CS, PE CA","","","50.4",",C","9",",C","5",",C","0",",C","","","0",",C","0",",C","0",",C","22",",C","0",",C","9.6",",C,02,","","","18.7",",,C,14,","30.8",",C,05,","30.0","C","30.0",",C","49.3",",,,C","18.99",",C","23.50",",,,C","14.48",",,,C","","","",""
"CA00830P001","2019-08","46.35","-63.1667","53.0","HARRINGTON CDA CS, PE CA","","","36.7","5,C","12","5,C","6","5,C","1","5,C","","","0","5,C","0","5,C","0","5,C","22","5,C","0","5,C","8.0","5,C,25,","","","27.6","5,,C,29,","28.1","5,C,03,","47.9","C","17.9","5,C","76.8","5,,,C","19.05","5,C","23.89","5,,,C","14.22","5,,,C","","","",""
"CA00830P001","2019-09","46.35","-63.1667","53.0","HARRINGTON CDA CS, PE CA","","","0.3",",C","15",",C","6",",C","3",",C","","","0",",C","0",",C","0",",C","6",",C","0",",C","2.7",",C,19,","","","52.4",",,C,07,","24.4",",C,04,","199.6","C","151.7",",C","147.1",",,,C","13.29",",C","17.54",",,,C","9.03",",,,C","","","",""
"CA00830P001","2019-10","46.35","-63.1667","53.0","HARRINGTON CDA CS, PE CA","","","0.0","1,C","13","1,C","9","1,C","1","1,C","","","0","1,C","0","1,C","0","1,C","0","1,C","0","1,C","0.9","1,C,29,+","","","26.3","1,,C,12,","18.3","1,C,07,","490.6","C","291.0","1,C","109.6","1,,,C","8.63","1,C","12.36","1,,,C","4.90","1,,,C","","","",""
"CA00830P001","2019-11","46.35","-63.1667","53.0","HARRINGTON CDA CS, PE CA","","","0.0",",C","21",",C","13",",C","0",",C","","","0",",C","19",",C","2",",C","0",",C","0",",C","-7.1",",C,16,","","","22.4",",,C,18,","19.8",",C,01,","975.4","C","484.8",",C","148.3",",,,C","2.17",",C","5.63",",,,C","-1.29",",,,C","19","3,C","77.0","3,C"
"CA00830P001","2019-12","46.35","-63.1667","53.0","HARRINGTON CDA CS, PE CA","","","0.0",",C","15",",C","8",",C","1",",C","12","5,","0",",C","30",",C","16",",C","0",",C","0",",C","-13.6",",C,13,","140","5,,C,30,+","27.7",",,C,14,","13.8",",C,15,","1620.2","C","644.8",",C","93.9",",,,C","-2.47",",C","1.23",",,,C","-6.16",",,,C","17","2,C","79.0","2,C"
"CA00830P001","2020-01","46.35","-63.1667","53.0","HARRINGTON CDA CS, PE CA","0.0","C","0.0","1,C","15","1,C","5","1,C","1","1,C","31",",","1","1,C","30","1,C","21","1,C","0","1,C","0","1,C","-20.0","1,C,21,","470",",,C,17,","31.3","1,,C,12,","8.9","1,C,11,","2331.8","C","711.6","1,C","80.0","1,,,C","-5.39","1,C","-1.90","1,,,C","-8.88","1,,,C","","","",""
"CA00830P001","2020-02","46.35","-63.1667","53.0","HARRINGTON CDA CS, PE CA","0.0","C","0.0",",C","12",",C","6",",C","0",",C","29",",","4",",C","29",",C","14",",C","0",",C","0",",C","-23.5",",C,15,","430",",,C,19,","15.3",",,C,07,","6.0",",C,07,","3033.7","C","701.9",",C","51.0",",,,C","-5.87",",C","-1.32",",,,C","-10.42",",,,C","","","",""
"CA00830P001","2020-03","46.35","-63.1667","53.0","HARRINGTON CDA CS, PE CA","0.0","C","0.0",",C","13",",C","6",",C","0",",C","31",",","0",",C","30",",C","13",",C","0",",C","0",",C","-10.7",",C,23,","550",",,C,03,","14.8",",,C,04,","8.4",",C,20,","3683.8","C","650.1",",C","56.6",",,,C","-2.64",",C","0.77",",,,C","-6.05",",,,C","15","4,C","91.0","4,C"
"CA00830P001","2020-04","46.35","-63.1667","53.0","HARRINGTON CDA CS, PE CA","0.0","C","0.0",",C","8",",C","3",",C","0",",C","","","0",",C","24",",C","0",",C","0",",C","0",",C","-5.3",",C,09,","","","11.3",",,C,13,","13.8",",C,14,","4156.5","C","472.7",",C","24.8",",,,C","2.58",",C","6.56",",,,C","-1.41",",,,C","21","4,C","71.0","4,C"
"CA00830P001","2020-05","46.35","-63.1667","53.0","HARRINGTON CDA CS, PE CA","4.8","C","4.8",",C","12",",C","8",",C","0",",C","","","0",",C","9",",C","0",",C","9",",C","0",",C","-1.5",",C,07,","","","12.2",",,C,04,","26.3",",C,28,","4454.2","C","297.7",",C","70.3",",,,C","8.88",",C","13.95",",,,C","3.81",",,,C","23","4,C","68.0","4,C"
"CA00830P001","2020-06","46.35","-63.1667","53.0","HARRINGTON CDA CS, PE CA","44.2","C","39.4",",C","5",",C","3",",C","0",",C","","","0",",C","0",",C","0",",C","17",",C","0",",C","1.1",",C,10,","","","10.9",",,C,07,","31.5",",C,19,","4560.0","C","105.8",",C","29.5",",,,C","16.12",",C","20.99",",,,C","11.25",",,,C","","","",""
"CA00830P001","2020-07","46.35","-63.1667","53.0","HARRINGTON CDA CS, PE CA","107.6","C","63.4",",C","13",",C","6",",C","0",",C","","","0",",C","0",",C","0",",C","21",",C","0",",C","7.8",",C,17,","","","13.6",",,C,28,","30.7",",C,25,","35.0","C","35.0",",C","44.6",",,,C","19.25",",C","23.70",",,,C","14.79",",,,C","","","",""
"CA00830P001","2020-08","46.35","-63.1667","53.0","HARRINGTON CDA CS, PE CA","","","","","5","4,C","2","4,C","0","4,C","","","","","","","","","","","","","","","","","24.5","4,,C,29,","","","","","","","30.9","4,,,C","","","","","","","","","",""
"CA00830P001","2020-09","46.35","-63.1667","53.0","HARRINGTON CDA CS, PE CA","","","17.6",",C","12",",C","5",",C","1",",C","","","0",",C","0",",C","0",",C","13",",C","0",",C","2.4",",C,21,","","","42.7",",,C,23,","26.0",",C,04,","","","113.0",",C","95.9",",,,C","15.15",",C","19.92",",,,C","10.39",",,,C","19","4,C","69.0","4,C"
"CA00830P001","2020-10","46.35","-63.1667","53.0","HARRINGTON CDA CS, PE CA","","","0.0",",C","20",",C","9",",C","1",",C","","","0",",C","3",",C","0",",C","0",",C","0",",C","-2.9",",C,31,","","","27.4",",,C,14,","20.8",",C,01,","","","286.7",",C","88.0",",,,C","9.09",",C","13.15",",,,C","5.02",",,,C","","","",""
"CA00830P001","2020-11","46.35","-63.1667","53.0","HARRINGTON CDA CS, PE CA","","","0.0","2,C","15","2,C","7","2,C","0","2,C","","","0","2,C","13","2,C","1","2,C","0","2,C","0","2,C","-4.4","2,C,25,","","","16.9","2,,C,23,","20.9","2,C,10,","","","372.2","2,C","73.5","2,,,C","5.04","2,C","9.03","2,,,C","1.05","2,,,C","21","5,C","73.0","5,C"
"CA00830P001","2020-12","46.35","-63.1667","53.0","HARRINGTON CDA CS, PE CA","","","0.0",",C","20",",C","11",",C","0",",C","","","0",",C","22",",C","5",",C","0",",C","0",",C","-11.6",",C,16,","","","18.6",",,C,05,","14.4",",C,02,","","","537.8",",C","120.8",",,,C","0.98",",C","4.44",",,,C","-2.47",",,,C","14","4,C","77.0","4,C"
"CA00830P001","2021-01","46.35","-63.1667","53.0","HARRINGTON CDA CS, PE CA","0.0","C","0.0",",C","16",",C","6",",C","1",",C","29",",","0",",C","30",",C","23",",C","0",",C","0",",C","-12.1",",C,21,","160",",,C,03,","30.3",",,C,17,","3.6",",C,17,","","","667.9",",C","62.4",",,,C","-3.21",",C","-1.13",",,,C","-5.29",",,,C","","","",""
"CA00830P001","2021-02","46.35","-63.1667","53.0","HARRINGTON CDA CS, PE CA","0.0","C","0.0",",C","17",",C","9",",C","0",",C","28",",","0",",C","28",",C","18",",C","0",",C","0",",C","-16.8",",C,12,","300",",,C,23,+","22.8",",,C,16,","7.5",",C,03,","","","662.5",",C","108.4",",,,C","-5.33",",C","-1.64",",,,C","-9.01",",,,C","","","",""
"CA00830P001","2021-03","46.35","-63.1667","53.0","HARRINGTON CDA CS, PE CA","0.0","C","0.0",",C","12",",C","3",",C","1",",C","25",",","0",",C","25",",C","10",",C","0",",C","0",",C","-15.4",",C,02,","360",",,C,10,","34.1",",,C,26,","15.5",",C,31,","","","611.7",",C","62.9",",,,C","-1.40",",C","3.24",",,,C","-6.04",",,,C","14","4,C","78.0","4,C"
"CA00830P001","2021-04","46.35","-63.1667","53.0","HARRINGTON CDA CS, PE CA","0.0","C","0.0",",C","11",",C","8",",C","0",",C","1","3,","0",",C","12",",C","1",",C","0",",C","0",",C","-2.9",",C,11,+","30","3,,C,19,","19.6",",,C,30,","19.4",",C,25,","","","426.1",",C","71.9",",,,C","4.13",",C","7.75",",,,C","0.51",",,,C","","","",""
"CA00830P001","2021-05","46.35","-63.1667","53.0","HARRINGTON CDA CS, PE CA","0.0","C","0.0",",C","10",",C","8",",C","0",",C","","","0",",C","3",",C","0",",C","2",",C","0",",C","-0.3",",C,08,","","","16.0",",,C,22,+","25.3",",C,26,","","","306.8",",C","75.0",",,,C","8.44",",C","13.26",",,,C","3.61",",,,C","","","",""
"CA00830P001","2021-06","46.35","-63.1667","53.0","HARRINGTON CDA CS, PE CA","27.9","C","27.9",",C","7",",C","4",",C","1",",C","","","0",",C","0",",C","0",",C","21",",C","0",",C","3.6",",C,10,","","","35.2",",,C,29,","31.3",",C,08,","","","57.1",",C","83.2",",,,C","17.36",",C","22.72",",,,C","11.99",",,,C","32","4,C","62.0","4,C"
"CA00830P001","2021-07","46.35","-63.1667","53.0","HARRINGTON CDA CS, PE CA","48.1","C","20.2","3,C","11","3,C","7","3,C","2","3,C","","","0","3,C","0","3,C","0","3,C","16","3,C","0","3,C","10.1","3,C,13,","","","27.7","3,,C,22,","27.9","3,C,16,","43.1","C","43.1","3,C","142.7","3,,,C","17.51","3,C","21.43","3,,,C","13.60","3,,,C","","","",""
"CA00830P001","2021-08","46.35","-63.1667","53.0","HARRINGTON CDA CS, PE CA","123.9","C","75.8",",C","5",",C","4",",C","0",",C","","","0",",C","0",",C","0",",C","28",",C","0",",C","10.8",",C,29,","","","9.6",",,C,05,","30.6",",C,13,","55.7","C","12.6",",C","29.5",",,,C","20.37",",C","24.91",",,,C","15.83",",,,C","","","",""
"CA00830P001","2021-09","46.35","-63.1667","53.0","HARRINGTON CDA CS, PE CA","130.5","C","6.6","1,C","10","1,C","7","1,C","3","1,C","","","0","1,C","0","1,C","0","1,C","11","1,C","0","1,C","4.9","1,C,15,","","","114.8","1,,C,02,","25.4","1,C,18,","134.7","C","79.0","1,C","215.8","1,,,C","15.84","1,C","19.86","1,,,C","11.82","1,,,C","","","",""
"CA00830P001","2021-10","46.35","-63.1667","53.0","HARRINGTON CDA CS, PE CA","130.5","C","0.0","1,C","10","1,C","4","1,C","0","1,C","","","0","1,C","0","1,C","0","1,C","0","1,C","0","1,C","2.1","1,C,30,","","","24.7","1,,C,24,","20.6","1,C,22,+","368.6","C","233.9","1,C","57.4","1,,,C","10.54","1,C","14.32","1,,,C","6.76","1,,,C","","","",""
"CA00830P001","2021-11","46.35","-63.1667","53.0","HARRINGTON CDA CS, PE CA","130.5","C","0.0",",C","19",",C","13",",C","2",",C","","","0",",C","13",",C","0",",C","0",",C","0",",C","-6.1",",C,29,","","","41.5",",,C,23,","16.0",",C,01,","781.7","C","413.1",",C","174.9",",,,C","4.56",",C","8.46",",,,C","0.66",",,,C","16","5,C","63.0","5,C"
