"STATION","DATE","LATITUDE","LONGITUDE","ELEVATION","NAME","CDSD","CDSD_ATTRIBUTES","CLDD","CLDD_ATTRIBUTES","DP01","DP01_ATTRIBUTES","DP10","DP10_ATTRIBUTES","DP1X","DP1X_ATTRIBUTES","DSNW","DSNW_ATTRIBUTES","DT00","DT00_ATTRIBUTES","DT32","DT32_ATTRIBUTES","DX32","DX32_ATTRIBUTES","DX70","DX70_ATTRIBUTES","DX90","DX90_ATTRIBUTES","EMNT","EMNT_ATTRIBUTES","EMSN","EMSN_ATTRIBUTES","EMXP","EMXP_ATTRIBUTES","EMXT","EMXT_ATTRIBUTES","HDSD","HDSD_ATTRIBUTES","HTDD","HTDD_ATTRIBUTES","PRCP","PRCP_ATTRIBUTES","SNOW","SNOW_ATTRIBUTES","TAVG","TAVG_ATTRIBUTES","TMAX","TMAX_ATTRIBUTES","TMIN","TMIN_ATTRIBUTES"
"CA00110H447","1927-11","49.2667","-123.1667","7.0","VANCOUVER JERICHO BEACH, BC CA","","","0.0",",C","23",",C","20",",C","4",",C","2",",C","0",",C","4",",C","0",",C","0",",C","0",",C","-1.1",",C,26,","89",",,C,11,","42.9",",,C,13,","13.9",",C,04,","","","369.0",",C","316.3",",,,C","127",",,,C","6.03",",C","8.71",",,,C","3.36",",,,C"
"CA00110H447","1927-12","49.2667","-123.1667","7.0","VANCOUVER JERICHO BEACH, BC CA","","","0.0",",C","14",",C","14",",C","2",",C","7",",C","0",",C","22",",C","6",",C","0",",C","0",",C","-12.8",",C,30,","254",",,C,08,","33.5",",,C,01,","12.2",",C,04,+","","","538.6",",C","185.6",",,,C","699",",,,C","0.96",",C","4.15",",,,C","-2.23",",,,C"
"CA00110H447","1928-01","49.2667","-123.1667","7.0","VANCOUVER JERICHO BEACH, BC CA","0.0","C","0.0",",C","15",",C","14",",C","4",",C","1",",C","0",",C","12",",C","1",",C","0",",C","0",",C","-11.1",",C,01,","89",",,C,01,","36.8",",,C,07,","12.2",",C,08,","","","447.9",",C","253.9",",,,C","89",",,,C","3.89",",C","6.50",",,,C","1.27",",,,C"
"CA00110H447","1928-02","49.2667","-123.1667","7.0","VANCOUVER JERICHO BEACH, BC CA","0.0","C","0.0",",C","7",",C","6",",C","0",",C","0",",C","0",",C","13",",C","0",",C","0",",C","0",",C","-5.6",",C,24,","0",",T,C,13,","12.2",",,C,13,","14.4",",C,05,","","","402.9",",C","47.0",",,,C","0",",T,,C","4.44",",C","8.39",",,,C","0.49",",,,C"
"CA00110H447","1928-03","49.2667","-123.1667","7.0","VANCOUVER JERICHO BEACH, BC CA","0.0","C","0.0","1,C","20",",C","16",",C","1",",C","1",",C","0",",C","6",",C","0","1,C","0","1,C","0","1,C","-2.8",",C,03,+","64",",,C,25,","31.5",",,C,22,","15.6","1,C,19,","","","331.9","1,C","196.1",",,,C","64",",,,C","7.25","1,C","11.06","1,,,C","3.43",",,,C"
"CA00110H447","1928-04","49.2667","-123.1667","7.0","VANCOUVER JERICHO BEACH, BC CA","0.0","C","0.0",",C","15",",C","13",",C","0",",C","0",",C","0",",C","3",",C","0",",C","1",",C","0",",C","-1.1",",C,06,","0",",,C,30,+","16.3",",,C,04,","21.7",",C,26,","","","280.1",",C","101.7",",,,C","0",",,,C","9.00",",C","13.25",",,,C","4.74",",,,C"
"CA00110H447","1928-05","49.2667","-123.1667","7.0","VANCOUVER JERICHO BEACH, BC CA","6.4","C","6.4",",C","8",",C","4",",C","1",",C","0",",C","0",",C","0",",C","0",",C","12",",C","0",",C","2.8",",C,31,","0",",,C,31,+","34.3",",,C,28,","28.3",",C,23,","","","126.7",",C","54.9",",,,C","0",",,,C","14.45",",C","19.95",",,,C","8.95",",,,C"
"CA00110H447","1928-06","49.2667","-123.1667","7.0","VANCOUVER JERICHO BEACH, BC CA","18.7","C","12.3",",C","9",",C","6",",C","0",",C","0",",C","0",",C","0",",C","0",",C","14",",C","0",",C","7.8",",C,07,","0",",,C,30,+","11.9",",,C,14,","29.4",",C,20,","","","70.4",",C","49.1",",,,C","0",",,,C","16.40",",C","20.84",",,,C","11.95",",,,C"
"CA00110H447","1928-07","49.2667","-123.1667","7.0","VANCOUVER JERICHO BEACH, BC CA","46.7","C","28.0",",C","3",",C","2",",C","0",",C","0",",C","0",",C","0",",C","0",",C","26",",C","0",",C","7.8",",C,29,","0",",,C,31,+","4.3",",,C,03,","30.6",",C,11,","26.3","C","26.3",",C","9.4",",,,C","0",",,,C","18.39",",C","24.17",",,,C","12.60",",,,C"
"CA00110H447","1928-08","49.2667","-123.1667","7.0","VANCOUVER JERICHO BEACH, BC CA","53.5","C","6.8",",C","","","","","","","0",",C","0",",C","0",",C","0",",C","26",",C","0",",C","7.2",",C,14,","0",",,C,31,+","","","28.9",",C,10,","68.9","C","42.6",",C","","","0",",,,C","17.18",",C","22.80",",,,C","11.56",",,,C"
"CA00110H447","1928-09","49.2667","-123.1667","7.0","VANCOUVER JERICHO BEACH, BC CA","58.3","C","4.8",",C","5",",C","3",",C","0",",C","0",",C","0",",C","0",",C","0",",C","11",",C","0",",C","1.7",",C,09,","0",",,C,30,+","17.0",",,C,13,","27.2",",C,23,+","160.9","C","92.0",",C","30.5",",,,C","0",",,,C","15.43",",C","20.22",",,,C","10.63",",,,C"
"CA00110H447","1928-10","49.2667","-123.1667","7.0","VANCOUVER JERICHO BEACH, BC CA","58.3","C","0.0",",C","14",",C","13",",C","1",",C","0",",C","0",",C","0",",C","0",",C","0",",C","0",",C","0.6",",C,12,","0",",,C,31,+","38.6",",,C,04,","18.3",",C,01,","425.8","C","264.9",",C","167.7",",,,C","0",",,,C","9.79",",C","13.37",",,,C","6.20",",,,C"
"CA00110H447","1928-11","49.2667","-123.1667","7.0","VANCOUVER JERICHO BEACH, BC CA","58.3","C","0.0",",C","17",",C","15",",C","0",",C","0",",C","0",",C","2",",C","0",",C","0",",C","0",",C","-1.1",",C,18,","0",",,C,30,+","18.0",",,C,08,","14.4",",C,04,","752.1","C","326.3",",C","121.9",",,,C","0",",,,C","7.46",",C","10.34",",,,C","4.57",",,,C"
"CA00110H447","1928-12","49.2667","-123.1667","7.0","VANCOUVER JERICHO BEACH, BC CA","58.3","C","0.0",",C","11",",C","11",",C","1",",C","0",",C","0",",C","14",",C","0",",C","0",",C","0",",C","-5.6",",C,05,","0",",,C,31,+","27.4",",,C,28,","10.0",",C,31,+","1196.3","C","444.2",",C","145.8",",,,C","0",",,,C","4.00",",C","7.06",",,,C","0.94",",,,C"
"CA00110H447","1929-01","49.2667","-123.1667","7.0","VANCOUVER JERICHO BEACH, BC CA","0.0","C","0.0",",C","8",",C","8",",C","1",",C","6",",C","0",",C","27",",C","6",",C","0",",C","0",",C","-13.9",",C,30,","152",",,C,29,","31.8",",,C,01,","7.8",",C,02,+","1774.1","C","577.8",",C","98.3",",,,C","457",",,,C","-0.30",",C","2.99",",,,C","-3.60",",,,C"
"CA00110H447","1929-02","49.2667","-123.1667","7.0","VANCOUVER JERICHO BEACH, BC CA","0.0","C","0.0",",C","5",",C","4",",C","0",",C","0",",C","0",",C","20",",C","1",",C","0",",C","0",",C","-11.1",",C,02,","0",",,C,28,+","20.8",",,C,22,","10.6",",C,23,","2248.7","C","474.6",",C","47.2",",,,C","0",",,,C","1.38",",C","6.00",",,,C","-3.23",",,,C"
"CA00110H447","1929-03","49.2667","-123.1667","7.0","VANCOUVER JERICHO BEACH, BC CA","0.0","C","0.0",",C","15",",C","10",",C","0",",C","0",",C","0",",C","4",",C","0",",C","0",",C","0",",C","-1.1",",C,30,","0",",,C,31,+","16.5",",,C,27,","13.9",",C,19,+","2605.5","C","356.8",",C","100.8",",,,C","0",",,,C","6.82",",C","10.48",",,,C","3.16",",,,C"
"CA00110H447","1929-04","49.2667","-123.1667","7.0","VANCOUVER JERICHO BEACH, BC CA","0.0","C","0.0",",C","12",",C","8",",C","2",",C","0",",C","0",",C","6",",C","0",",C","0",",C","0",",C","-2.8",",C,06,","0",",,C,30,+","33.8",",,C,07,","20.0",",C,26,","2905.7","C","300.2",",C","101.6",",,,C","0",",,,C","8.33",",C","12.94",",,,C","3.71",",,,C"
"CA00110H447","1929-05","49.2667","-123.1667","7.0","VANCOUVER JERICHO BEACH, BC CA","2.8","C","2.8",",C","7",",C","5",",C","0",",C","0",",C","0",",C","0",",C","0",",C","7",",C","0",",C","0.6",",C,28,","0",",,C,31,+","13.7",",,C,02,","25.0",",C,21,","3081.7","C","176.0",",C","35.0",",,,C","0",",,,C","12.75",",C","18.66",",,,C","6.83",",,,C"
"CA00110H447","1929-06","49.2667","-123.1667","7.0","VANCOUVER JERICHO BEACH, BC CA","","","","","7",",C","5",",C","0",",C","0",",C","","","","","0",",C","16",",C","0",",C","","","0",",,C,30,+","20.6",",,C,18,","27.2",",C,23,+","","","","","67.2",",,,C","0",",,,C","","","20.99",",,,C","",""
"CA00110H447","1929-07","49.2667","-123.1667","7.0","VANCOUVER JERICHO BEACH, BC CA","","","","","6",",C","2",",C","0",",C","0",",C","","","","","0",",C","27",",C","0",",C","","","0",",,C,31,+","19.8",",,C,20,","29.4",",C,08,","","","","","25.7",",,,C","0",",,,C","","","24.10",",,,C","",""
"CA00110H447","1929-08","49.2667","-123.1667","7.0","VANCOUVER JERICHO BEACH, BC CA","","","","","5",",C","4",",C","0",",C","0",",C","","","","","0",",C","26",",C","0",",C","","","0",",,C,31,+","10.9",",,C,18,","28.9",",C,13,+","","","","","27.1",",,,C","0",",,,C","","","24.45",",,,C","",""
"CA00110H447","1929-09","49.2667","-123.1667","7.0","VANCOUVER JERICHO BEACH, BC CA","","","","","4",",C","4",",C","0",",C","0",",C","","","","","0","1,C","17","1,C","0","1,C","","","0",",,C,30,+","23.6",",,C,23,","28.9","1,C,16,","","","","","66.8",",,,C","0",",,,C","","","21.14","1,,,C","",""
"CA00110H447","1929-10","49.2667","-123.1667","7.0","VANCOUVER JERICHO BEACH, BC CA","","","","","11",",C","8",",C","0",",C","0",",C","","","","","0",",C","1",",C","0",",C","","","0",",,C,31,+","18.5",",,C,17,","22.8",",C,16,","","","","","84.0",",,,C","0",",,,C","","","15.95",",,,C","",""
"CA00110H447","1929-11","49.2667","-123.1667","7.0","VANCOUVER JERICHO BEACH, BC CA","","","","","9",",C","6",",C","0",",C","0",",C","","","","","0",",C","0",",C","0",",C","","","0",",,C,30,+","11.2",",,C,15,","12.8",",C,14,+","","","","","38.7",",,,C","0",",,,C","","","9.37",",,,C","",""
"CA00110H447","1929-12","49.2667","-123.1667","7.0","VANCOUVER JERICHO BEACH, BC CA","","","","","21",",C","18",",C","1",",C","4",",C","","","","","1",",C","0",",C","0",",C","","","229",",,C,11,","34.8",",,C,22,","12.2",",C,25,","","","","","199.4",",,,C","458",",,,C","","","6.57",",,,C","",""
"CA00110H447","1930-01","49.2667","-123.1667","7.0","VANCOUVER JERICHO BEACH, BC CA","0.0","C","0.0",",C","9",",C","8",",C","1",",C","0",",C","0",",C","24",",C","7",",C","0",",C","0",",C","-12.2",",C,17,","3",",,C,28,","36.8",",,C,31,","8.3",",C,01,","","","611.2",",C","105.6",",,,C","3",",,,C","-1.38",",C","2.86",",,,C","-5.63",",,,C"
"CA00110H447","1930-02","49.2667","-123.1667","7.0","VANCOUVER JERICHO BEACH, BC CA","0.0","C","0.0",",C","15",",C","13",",C","1",",C","0",",C","0",",C","9",",C","0",",C","0",",C","0",",C","-3.3",",C,01,","0",",,C,28,+","30.7",",,C,17,","11.7",",C,26,","","","351.2",",C","185.5",",,,C","0",",,,C","5.79",",C","9.48",",,,C","2.10",",,,C"
"CA00110H447","1930-03","49.2667","-123.1667","7.0","VANCOUVER JERICHO BEACH, BC CA","","","","","10",",C","6",",C","1",",C","0",",C","","","","","0",",C","0",",C","0",",C","","","0",",,C,31,+","32.3",",,C,24,","18.3",",C,30,","","","","","75.9",",,,C","0",",,,C","","","11.06",",,,C","",""
"CA00110H447","1930-04","49.2667","-123.1667","7.0","VANCOUVER JERICHO BEACH, BC CA","","","","","15",",C","10",",C","0",",C","0",",C","","","","","0",",C","0",",C","0",",C","","","0",",,C,30,+","22.9",",,C,05,","20.0",",C,24,","","","","","110.2",",,,C","0",",,,C","","","15.70",",,,C","",""
"CA00110H447","1930-05","49.2667","-123.1667","7.0","VANCOUVER JERICHO BEACH, BC CA","","","","","9",",C","8",",C","0",",C","0",",C","","","","","0",",C","4",",C","0",",C","","","0",",,C,31,+","19.3",",,C,20,","21.7",",C,13,+","","","","","68.1",",,,C","0",",,,C","","","17.51",",,,C","",""
"CA00110H447","1930-06","49.2667","-123.1667","7.0","VANCOUVER JERICHO BEACH, BC CA","","","","","10",",C","6",",C","1",",C","0",",C","","","","","0",",C","11",",C","0",",C","","","0",",,C,30,+","31.2",",,C,01,","27.2",",C,20,+","","","","","66.3",",,,C","0",",,,C","","","20.70",",,,C","",""
"CA00110H447","1930-07","49.2667","-123.1667","7.0","VANCOUVER JERICHO BEACH, BC CA","","","24.7",",C","1",",C","0",",C","0",",C","0",",C","0",",C","0",",C","0",",C","29",",C","0",",C","8.9",",C,08,","0",",,C,31,+","0.5",",,C,17,","29.4",",C,13,+","25.2","C","25.2",",C","0.5",",,,C","0",",,,C","18.32",",C","24.46",",,,C","12.17",",,,C"
"CA00110H447","1930-08","49.2667","-123.1667","7.0","VANCOUVER JERICHO BEACH, BC CA","","","29.2",",C","1",",C","0",",C","0",",C","0",",C","0",",C","0",",C","0",",C","31",",C","0",",C","9.4",",C,21,","0",",,C,31,+","2.3",",,C,16,","29.4",",C,06,","35.2","C","10.0",",C","2.3",",,,C","0",",,,C","18.95",",C","25.23",",,,C","12.68",",,,C"
"CA00110H447","1930-09","49.2667","-123.1667","7.0","VANCOUVER JERICHO BEACH, BC CA","","","1.5",",C","7",",C","4",",C","1",",C","0",",C","0",",C","0",",C","0",",C","14",",C","0",",C","3.3",",C,30,","0",",,C,30,+","30.2",",,C,26,","26.7",",C,08,","124.4","C","89.2",",C","61.5",",,,C","0",",,,C","15.41",",C","20.26",",,,C","10.55",",,,C"
"CA00110H447","1930-10","49.2667","-123.1667","7.0","VANCOUVER JERICHO BEACH, BC CA","","","0.0",",C","12",",C","10",",C","2",",C","0",",C","0",",C","3",",C","0",",C","0",",C","0",",C","-1.1",",C,29,+","0",",,C,31,+","54.4",",,C,18,","17.2",",C,01,","419.9","C","295.5",",C","186.3",",,,C","0",",,,C","8.80",",C","12.77",",,,C","4.84",",,,C"
"CA00110H447","1930-11","49.2667","-123.1667","7.0","VANCOUVER JERICHO BEACH, BC CA","","","0.0",",C","12",",C","7",",C","0",",C","2",",C","0",",C","6",",C","0",",C","0",",C","0",",C","-3.9",",C,14,","165",",,C,15,","24.1",",,C,16,","15.0",",C,08,+","787.0","C","367.1",",C","84.8",",,,C","234",",,,C","6.10",",C","8.97",",,,C","3.23",",,,C"
"CA00110H447","1930-12","49.2667","-123.1667","7.0","VANCOUVER JERICHO BEACH, BC CA","","","0.0",",C","17",",C","12",",C","0",",C","0",",C","0",",C","7",",C","0",",C","0",",C","0",",C","-3.3",",C,29,","0",",,C,31,+","15.5",",,C,09,","12.8",",C,08,","1172.0","C","385.0",",C","121.3",",,,C","0",",,,C","5.91",",C","8.80",",,,C","3.03",",,,C"
"CA00110H447","1931-01","49.2667","-123.1667","7.0","VANCOUVER JERICHO BEACH, BC CA","0.0","C","0.0",",C","27",",C","16",",C","2",",C","0",",C","0",",C","3",",C","0",",C","0",",C","0",",C","-2.2",",C,19,","0",",,C,31,+","47.2",",,C,22,","13.3",",C,29,+","1548.3","C","376.3",",C","271.8",",,,C","0",",,,C","6.20",",C","8.62",",,,C","3.77",",,,C"
"CA00110H447","1931-02","49.2667","-123.1667","7.0","VANCOUVER JERICHO BEACH, BC CA","0.0","C","0.0",",C","18",",C","10",",C","0",",C","0",",C","0",",C","10",",C","0",",C","0",",C","0",",C","-2.2",",C,09,","0",",,C,28,+","25.1",",,C,18,","14.4",",C,08,","1910.9","C","362.6",",C","111.7",",,,C","0",",,,C","5.38",",C","9.00",",,,C","1.76",",,,C"
"CA00110H447","1931-03","49.2667","-123.1667","7.0","VANCOUVER JERICHO BEACH, BC CA","0.0","C","0.0",",C","19",",C","15",",C","0",",C","1",",C","0",",C","5",",C","0",",C","0",",C","0",",C","-2.2",",C,06,","51",",,C,28,","21.6",",,C,18,","15.6",",C,16,","2245.5","C","334.6",",C","142.6",",,,C","51",",,,C","7.54",",C","10.75",",,,C","4.32",",,,C"
"CA00110H447","1931-04","49.2667","-123.1667","7.0","VANCOUVER JERICHO BEACH, BC CA","0.0","C","0.0",",C","12",",C","11",",C","1",",C","0",",C","0",",C","0",",C","0",",C","7",",C","0",",C","1.1",",C,03,","0",",,C,30,+","26.9",",,C,06,","23.3",",C,28,","2466.2","C","220.7",",C","99.9",",,,C","0",",,,C","10.98",",C","15.60",",,,C","6.35",",,,C"
"CA00110H447","1931-05","49.2667","-123.1667","7.0","VANCOUVER JERICHO BEACH, BC CA","3.1","C","3.1",",C","9",",C","4",",C","0",",C","0",",C","0",",C","0",",C","0",",C","11",",C","0",",C","3.9",",C,09,","0",",,C,31,+","9.9",",,C,16,","25.6",",C,31,","2582.5","C","116.3",",C","29.2",",,,C","0",",,,C","14.68",",C","19.91",",,,C","9.45",",,,C"
"CA00110H447","1931-06","49.2667","-123.1667","7.0","VANCOUVER JERICHO BEACH, BC CA","6.5","C","3.4",",C","16",",C","12",",C","0",",C","0",",C","0",",C","0",",C","0",",C","10",",C","0",",C","7.2",",C,27,+","0",",,C,30,+","24.9",",,C,25,","26.7",",C,08,+","2658.7","C","76.2",",C","124.0",",,,C","0",",,,C","15.91",",C","20.47",",,,C","11.34",",,,C"
"CA00110H447","1931-07","49.2667","-123.1667","7.0","VANCOUVER JERICHO BEACH, BC CA","36.5","C","30.0",",C","2",",C","1",",C","0",",C","0",",C","0",",C","0",",C","0",",C","27",",C","0",",C","8.3",",C,01,","0",",,C,31,+","8.4",",,C,12,","31.7",",C,07,","20.2","C","20.2",",C","9.2",",,,C","0",",,,C","18.65",",C","24.81",",,,C","12.49",",,,C"
"CA00110H447","1931-08","49.2667","-123.1667","7.0","VANCOUVER JERICHO BEACH, BC CA","44.6","C","8.1",",C","5",",C","3",",C","0",",C","0",",C","0",",C","0",",C","0",",C","29",",C","0",",C","8.3",",C,24,+","0",",,C,31,+","14.2",",,C,05,","30.0",",C,09,","46.2","C","26.0",",C","23.6",",,,C","0",",,,C","17.76",",C","24.01",",,,C","11.50",",,,C"
"CA00110H447","1931-09","49.2667","-123.1667","7.0","VANCOUVER JERICHO BEACH, BC CA","45.4","C","0.8",",C","17",",C","14",",C","1",",C","0",",C","0",",C","0",",C","0",",C","1",",C","0",",C","5.0",",C,23,+","0",",,C,30,+","40.6",",,C,05,","22.2",",C,02,","169.3","C","123.1",",C","171.5",",,,C","0",",,,C","14.26",",C","17.98",",,,C","10.54",",,,C"
"CA00110H447","1931-10","49.2667","-123.1667","7.0","VANCOUVER JERICHO BEACH, BC CA","45.4","C","0.0","1,C","13",",C","10",",C","0",",C","0",",C","0","1,C","0","1,C","0","1,C","0","1,C","0","1,C","0.6","1,C,13,","0",",,C,31,+","24.6",",,C,27,","20.6","1,C,15,+","402.2","C","232.9","1,C","96.1",",,,C","0",",,,C","10.57","1,C","14.81","1,,,C","6.33","1,,,C"
"CA00110H447","1931-11","49.2667","-123.1667","7.0","VANCOUVER JERICHO BEACH, BC CA","45.4","C","0.0",",C","14",",C","12",",C","2",",C","0",",C","0",",C","12",",C","0",",C","0",",C","0",",C","-5.0",",C,30,","0",",,C,30,+","35.3",",,C,06,","15.6",",C,01,","801.0","C","398.8",",C","186.1",",,,C","0",",,,C","5.04",",C","8.31",",,,C","1.76",",,,C"
"CA00110H447","1931-12","49.2667","-123.1667","7.0","VANCOUVER JERICHO BEACH, BC CA","45.4","C","0.0",",C","26",",C","23",",C","3",",C","0",",C","0",",C","5",",C","0",",C","0",",C","0",",C","-5.0",",C,12,","0",",T,C,28,+","44.7",",,C,17,","11.7",",C,20,+","1227.9","C","426.9",",C","291.7",",,,C","0",",T,,C","4.56",",C","7.03",",,,C","2.10",",,,C"
"CA00110H447","1932-01","49.2667","-123.1667","7.0","VANCOUVER JERICHO BEACH, BC CA","0.0","C","0.0",",C","20",",C","18",",C","1",",C","0",",C","0",",C","15",",C","4",",C","0",",C","0",",C","-10.6",",C,31,","0",",T,C,26,+","39.4",",,C,11,","10.0",",C,10,+","1714.4","C","486.5",",C","225.0",",,,C","0",",T,,C","2.64",",C","5.02",",,,C","0.26",",,,C"
"CA00110H447","1932-02","49.2667","-123.1667","7.0","VANCOUVER JERICHO BEACH, BC CA","0.0","C","0.0",",C","17",",C","10",",C","1",",C","0",",C","0",",C","12",",C","0",",C","0",",C","0",",C","-12.2",",C,01,","0",",T,C,12,","26.2",",,C,24,","16.1",",C,28,+","2128.6","C","414.2",",C","151.1",",,,C","0",",T,,C","4.05",",C","7.45",",,,C","0.65",",,,C"
"CA00110H447","1932-03","49.2667","-123.1667","7.0","VANCOUVER JERICHO BEACH, BC CA","0.0","C","0.0",",C","19",",C","13",",C","1",",C","0",",C","0",",C","5",",C","0",",C","0",",C","0",",C","-3.3",",C,03,","0",",,C,31,+","38.9",",,C,30,","14.4",",C,19,","2480.0","C","351.4",",C","201.1",",,,C","0",",,,C","7.00",",C","10.13",",,,C","3.86",",,,C"
"CA00110H447","1932-04","49.2667","-123.1667","7.0","VANCOUVER JERICHO BEACH, BC CA","0.0","C","0.0",",C","15",",C","12",",C","1",",C","0",",C","0",",C","0",",C","0",",C","1",",C","0",",C","1.1",",C,21,","0",",,C,30,+","37.6",",,C,16,","21.1",",C,30,","2737.0","C","257.0",",C","136.2",",,,C","0",",,,C","9.77",",C","13.92",",,,C","5.61",",,,C"
"CA00110H447","1932-05","49.2667","-123.1667","7.0","VANCOUVER JERICHO BEACH, BC CA","0.0","C","0.0",",C","5",",C","4",",C","0",",C","0",",C","0",",C","0",",C","0",",C","5",",C","0",",C","3.9",",C,10,","0",",,C,31,+","8.4",",,C,22,","25.6",",C,28,","2903.7","C","166.7",",C","29.7",",,,C","0",",,,C","12.95",",C","18.19",",,,C","7.72",",,,C"
"CA00110H447","1932-06","49.2667","-123.1667","7.0","VANCOUVER JERICHO BEACH, BC CA","9.1","C","9.1","1,C","3",",C","2",",C","1",",C","0",",C","0","1,C","0","1,C","0",",C","19",",C","0",",C","6.7","1,C,17,","0",",,C,30,+","36.3",",,C,20,","29.4",",C,11,+","2962.9","C","59.2",",C","44.7",",,,C","0",",,,C","16.71","1,C","22.49",",,,C","10.92","1,,,C"
"CA00110H447","1932-07","49.2667","-123.1667","7.0","VANCOUVER JERICHO BEACH, BC CA","11.9","C","2.8",",C","11",",C","9",",C","2",",C","0",",C","0",",C","0",",C","0",",C","16",",C","0",",C","7.2",",C,06,","0",",,C,31,+","37.8",",,C,10,","26.7",",C,21,","66.5","C","66.5",",C","108.9",",,,C","0",",,,C","16.28",",C","20.63",",,,C","11.93",",,,C"
"CA00110H447","1932-08","49.2667","-123.1667","7.0","VANCOUVER JERICHO BEACH, BC CA","29.7","C","17.8",",C","9",",C","7",",C","0",",C","0",",C","0",",C","0",",C","0",",C","21",",C","0",",C","7.8",",C,14,","0",",,C,31,+","13.5",",,C,31,","27.8",",C,07,","101.5","C","35.0",",C","52.9",",,,C","0",",,,C","17.78",",C","22.60",",,,C","12.96",",,,C"
"CA00110H447","1932-09","49.2667","-123.1667","7.0","VANCOUVER JERICHO BEACH, BC CA","30.5","C","0.8",",C","3",",C","3",",C","1",",C","0",",C","0",",C","0",",C","0",",C","7",",C","0",",C","4.4",",C,22,+","0",",,C,30,+","44.7",",,C,19,","26.7",",C,10,","225.5","C","124.0",",C","55.9",",,,C","0",",,,C","14.23",",C","19.37",",,,C","9.09",",,,C"
"CA00110H447","1932-10","49.2667","-123.1667","7.0","VANCOUVER JERICHO BEACH, BC CA","30.5","C","0.0",",C","15",",C","11",",C","0",",C","0",",C","0",",C","0",",C","0",",C","3",",C","0",",C","1.1",",C,28,","0",",,C,31,+","20.3",",,C,30,","22.8",",C,03,","444.0","C","218.5",",C","107.1",",,,C","0",",,,C","11.28",",C","14.90",",,,C","7.67",",,,C"
"CA00110H447","1932-11","49.2667","-123.1667","7.0","VANCOUVER JERICHO BEACH, BC CA","30.5","C","0.0",",C","23",",C","22",",C","1",",C","0",",C","0",",C","2",",C","0",",C","0",",C","0",",C","-0.6",",C,23,","0",",,C,30,+","31.0",",,C,12,","13.9",",C,26,","754.2","C","310.2",",C","241.0",",,,C","0",",,,C","7.99",",C","10.51",",,,C","5.47",",,,C"
"CA00110H447","1932-12","49.2667","-123.1667","7.0","VANCOUVER JERICHO BEACH, BC CA","30.5","C","0.0",",C","16",",C","14",",C","2",",C","0",",C","0",",C","13",",C","3",",C","0",",C","0",",C","-12.2",",C,08,","0",",,C,31,+","40.6",",,C,01,","12.2",",C,01,","1246.1","C","491.9",",C","187.4",",,,C","0",",,,C","2.47",",C","5.80",",,,C","-0.87",",,,C"
"CA00110H447","1933-01","49.2667","-123.1667","7.0","VANCOUVER JERICHO BEACH, BC CA","0.0","C","0.0",",C","22",",C","20",",C","1",",C","3",",C","0",",C","16",",C","0",",C","0",",C","0",",C","-4.4",",C,19,+","51",",,C,19,","36.8",",,C,08,","10.6",",C,05,","1716.9","C","470.8",",C","227.4",",,,C","101",",,,C","3.15",",C","5.50",",,,C","0.79",",,,C"
"CA00110H447","1933-02","49.2667","-123.1667","7.0","VANCOUVER JERICHO BEACH, BC CA","0.0","C","0.0",",C","17",",C","12",",C","2",",C","2",",C","0",",C","15",",C","3",",C","0",",C","0",",C","-12.2",",C,09,","25",",,C,14,+","80.0",",,C,25,","10.6",",C,22,+","2183.0","C","466.1",",C","207.8",",,,C","50",",,,C","1.69",",C","4.89",",,,C","-1.52",",,,C"
"CA00110H447","1933-03","49.2667","-123.1667","7.0","VANCOUVER JERICHO BEACH, BC CA","0.0","C","0.0",",C","18",",C","14",",C","1",",C","0",",C","0",",C","6",",C","0",",C","0",",C","0",",C","-2.8",",C,09,","0",",,C,31,+","25.7",",,C,29,","17.2",",C,15,","2558.0","C","375.0",",C","153.0",",,,C","0",",,,C","6.24",",C","9.87",",,,C","2.61",",,,C"
"CA00110H447","1933-04","49.2667","-123.1667","7.0","VANCOUVER JERICHO BEACH, BC CA","0.0","C","0.0",",C","8",",C","1",",C","0",",C","0",",C","0",",C","4",",C","0",",C","0",",C","0",",C","-0.6",",C,08,","0",",,C,30,+","4.8",",,C,30,","20.0",",C,29,","2831.3","C","273.3",",C","11.7",",,,C","0",",,,C","9.22",",C","14.78",",,,C","3.66",",,,C"
"CA00110H447","1933-05","49.2667","-123.1667","7.0","VANCOUVER JERICHO BEACH, BC CA","0.0","C","0.0",",C","19",",C","11",",C","0",",C","0",",C","0",",C","0",",C","0",",C","0",",C","0",",C","3.9",",C,31,","0",",,C,31,+","18.0",",,C,03,","18.9",",C,11,","3053.1","C","221.8",",C","97.9",",,,C","0",",,,C","11.18",",C","15.09",",,,C","7.26",",,,C"
"CA00110H447","1933-06","49.2667","-123.1667","7.0","VANCOUVER JERICHO BEACH, BC CA","3.3","C","3.3",",C","8",",C","6",",C","0",",C","0",",C","0",",C","0",",C","0",",C","11",",C","0",",C","3.3",",C,10,+","0",",,C,30,+","22.6",",,C,30,","26.7",",C,13,","3166.5","C","113.4",",C","63.9",",,,C","0",",,,C","14.66",",C","19.95",",,,C","9.38",",,,C"
"CA00110H447","1933-07","49.2667","-123.1667","7.0","VANCOUVER JERICHO BEACH, BC CA","16.3","C","13.0",",C","6",",C","3",",C","0",",C","0",",C","0",",C","0",",C","0",",C","23",",C","0",",C","7.8",",C,05,","0",",,C,31,+","8.9",",,C,28,","27.2",",C,23,","44.6","C","44.6",",C","28.2",",,,C","0",",,,C","17.31",",C","22.69",",,,C","11.94",",,,C"
"CA00110H447","1933-08","49.2667","-123.1667","7.0","VANCOUVER JERICHO BEACH, BC CA","60.6","C","44.3",",C","6",",C","3",",C","0",",C","0",",C","0",",C","0",",C","0",",C","26",",C","0",",C","8.9",",C,21,","0",",,C,31,+","9.1",",,C,29,+","30.0",",C,26,+","66.8","C","22.2",",C","28.4",",,,C","0",",,,C","19.05",",C","24.44",",,,C","13.65",",,,C"
"CA00110H447","1933-09","49.2667","-123.1667","7.0","VANCOUVER JERICHO BEACH, BC CA","60.6","C","0.0",",C","18",",C","10",",C","1",",C","0",",C","0",",C","0",",C","0",",C","3",",C","0",",C","2.8",",C,25,","0",",,C,30,+","39.6",",,C,05,","22.2",",C,03,","203.2","C","136.4",",C","154.5",",,,C","0",",,,C","13.79",",C","17.74",",,,C","9.84",",,,C"
"CA00110H447","1933-10","49.2667","-123.1667","7.0","VANCOUVER JERICHO BEACH, BC CA","60.6","C","0.0",",C","16",",C","13",",C","2",",C","0",",C","0",",C","0",",C","0",",C","0",",C","0",",C","1.1",",C,20,","0",",,C,31,+","37.8",",,C,22,","20.6",",C,06,+","446.8","C","243.6",",C","203.5",",,,C","0",",,,C","10.47",",C","14.19",",,,C","6.76",",,,C"
"CA00110H447","1933-11","49.2667","-123.1667","7.0","VANCOUVER JERICHO BEACH, BC CA","60.6","C","0.0",",C","19",",C","10",",C","1",",C","0",",C","0",",C","3",",C","0",",C","0",",C","0",",C","-2.2",",C,28,","0",",,C,30,+","35.8",",,C,01,","14.4",",C,22,","780.2","C","333.4",",C","123.5",",,,C","0",",,,C","7.22",",C","9.70",",,,C","4.74",",,,C"
"CA00110H447","1933-12","49.2667","-123.1667","7.0","VANCOUVER JERICHO BEACH, BC CA","","","","","23",",C","19",",C","5",",C","0",",C","","","","","0",",C","0",",C","0",",C","","","0",",,C,31,+","39.1",",,C,11,","12.8",",C,29,+","","","","","323.8",",,,C","0",",,,C","","","7.14",",,,C","",""
"CA00110H447","1934-01","49.2667","-123.1667","7.0","VANCOUVER JERICHO BEACH, BC CA","0.0","C","0.0",",C","25",",C","17",",C","2",",C","0",",C","0",",C","5",",C","0",",C","0",",C","0",",C","-1.7",",C,15,+","0",",,C,31,+","36.8",",,C,15,","13.9",",C,03,","","","394.7",",C","289.7",",,,C","0",",,,C","5.60",",C","8.55",",,,C","2.65",",,,C"
"CA00110H447","1934-02","49.2667","-123.1667","7.0","VANCOUVER JERICHO BEACH, BC CA","0.0","C","0.0",",C","10",",C","6",",C","0",",C","0",",C","0",",C","11",",C","0",",C","0",",C","0",",C","-2.8",",C,13,+","0",",,C,28,+","23.6",",,C,26,","12.8",",C,19,+","","","347.4",",C","73.6",",,,C","0",",,,C","5.93",",C","10.34",",,,C","1.52",",,,C"
"CA00110H447","1934-03","49.2667","-123.1667","7.0","VANCOUVER JERICHO BEACH, BC CA","0.0","C","0.0",",C","11",",C","10",",C","1",",C","0",",C","0",",C","1",",C","0",",C","0",",C","0",",C","-0.6",",C,24,","0",",,C,31,+","27.2",",,C,01,","16.1",",C,19,","","","306.9",",C","121.9",",,,C","0",",,,C","8.43",",C","12.90",",,,C","3.96",",,,C"
"CA00110H447","1934-04","49.2667","-123.1667","7.0","VANCOUVER JERICHO BEACH, BC CA","0.0","C","0.0",",C","7",",C","3",",C","0",",C","0",",C","0",",C","0",",C","0",",C","6",",C","0",",C","1.1",",C,03,","0",",,C,30,+","13.2",",,C,09,","26.7",",C,22,","","","171.8",",C","35.0",",,,C","0",",,,C","12.61",",C","17.85",",,,C","7.36",",,,C"
"CA00110H447","1934-05","49.2667","-123.1667","7.0","VANCOUVER JERICHO BEACH, BC CA","1.1","C","1.1",",C","13",",C","8",",C","0",",C","0",",C","0",",C","0",",C","0",",C","11",",C","0",",C","3.9",",C,09,","0",",,C,31,+","10.9",",,C,03,","27.2",",C,14,","","","134.1",",C","58.3",",,,C","0",",,,C","14.04",",C","19.32",",,,C","8.77",",,,C"
"CA00110H447","1934-06","49.2667","-123.1667","7.0","VANCOUVER JERICHO BEACH, BC CA","2.9","C","1.8",",C","6",",C","2",",C","0",",C","0",",C","0",",C","0",",C","0",",C","24",",C","0",",C","6.7",",C,24,+","0",",,C,30,+","11.4",",,C,27,","26.7",",C,10,+","","","46.9",",C","17.9",",,,C","0",",,,C","16.83",",C","22.54",",,,C","11.11",",,,C"
"CA00110H447","1934-07","49.2667","-123.1667","7.0","VANCOUVER JERICHO BEACH, BC CA","14.9","C","12.0",",C","9",",C","3",",C","1",",C","0",",C","0",",C","0",",C","0",",C","20",",C","0",",C","7.2",",C,26,","0",",,C,31,+","32.0",",,C,15,","28.9",",C,25,","47.0","C","47.0",",C","49.3",",,,C","0",",,,C","17.20",",C","22.23",",,,C","12.18",",,,C"
"CA00110H447","1934-08","49.2667","-123.1667","7.0","VANCOUVER JERICHO BEACH, BC CA","34.3","C","19.4",",C","5",",C","3",",C","0",",C","0",",C","0",",C","0",",C","0",",C","27",",C","0",",C","9.4",",C,08,","0",",,C,31,+","14.7",",,C,01,","31.1",",C,24,","74.5","C","27.5",",C","32.8",",,,C","0",",,,C","18.07",",C","23.56",",,,C","12.58",",,,C"
"CA00110H447","1934-09","49.2667","-123.1667","7.0","VANCOUVER JERICHO BEACH, BC CA","42.6","C","8.3",",C","9",",C","5",",C","0",",C","0",",C","0",",C","0",",C","0",",C","8",",C","0",",C","2.2",",C,24,","0",",,C,30,+","23.1",",,C,11,","28.9",",C,02,","206.8","C","132.3",",C","60.8",",,,C","0",",,,C","14.20",",C","18.55",",,,C","9.85",",,,C"
"CA00110H447","1934-10","49.2667","-123.1667","7.0","VANCOUVER JERICHO BEACH, BC CA","43.2","C","0.6",",C","18",",C","10",",C","0",",C","0",",C","0",",C","0",",C","0",",C","2",",C","0",",C","2.2",",C,26,+","0",",,C,31,+","22.9",",,C,22,","22.8",",C,09,","428.1","C","221.3",",C","125.8",",,,C","0",",,,C","11.21",",C","15.05",",,,C","7.37",",,,C"
"CA00110H447","1934-11","49.2667","-123.1667","7.0","VANCOUVER JERICHO BEACH, BC CA","43.2","C","0.0",",C","22",",C","20",",C","3",",C","0",",C","0",",C","0",",C","0",",C","0",",C","0",",C","1.7",",C,09,","0",",,C,30,+","39.6",",,C,04,","15.0",",C,22,+","718.1","C","290.0",",C","241.0",",,,C","0",",,,C","8.67",",C","10.96",",,,C","6.37",",,,C"
"CA00110H447","1934-12","49.2667","-123.1667","7.0","VANCOUVER JERICHO BEACH, BC CA","43.2","C","0.0",",C","24",",C","22",",C","2",",C","3",",C","0",",C","9",",C","1",",C","0",",C","0",",C","-2.8",",C,27,","170",",,C,25,","33.0",",,C,10,","10.6",",C,03,","1148.3","C","430.2",",C","285.3",",,,C","271",",,,C","4.46",",C","6.75",",,,C","2.16",",,,C"
"CA00110H447","1935-01","49.2667","-123.1667","7.0","VANCOUVER JERICHO BEACH, BC CA","0.0","C","0.0",",C","24",",C","19",",C","8",",C","3",",C","0",",C","11",",C","3",",C","0",",C","0",",C","-17.2",",C,19,","445",",,C,20,","75.4",",,C,20,","14.4",",C,30,","1636.9","C","488.6",",C","469.2",",,,C","611",",,,C","2.57",",C","5.48",",,,C","-0.34",",,,C"
"CA00110H447","1935-02","49.2667","-123.1667","7.0","VANCOUVER JERICHO BEACH, BC CA","0.0","C","0.0",",C","13",",C","7",",C","0",",C","0",",C","0",",C","7",",C","0",",C","0",",C","0",",C","-3.9",",C,10,+","0",",,C,28,+","16.5",",,C,21,+","13.3",",C,20,","1994.3","C","357.4",",C","83.9",",,,C","0",",,,C","5.57",",C","8.99",",,,C","2.15",",,,C"
"CA00110H447","1935-03","49.2667","-123.1667","7.0","VANCOUVER JERICHO BEACH, BC CA","0.0","C","0.0",",C","18",",C","14",",C","3",",C","1",",C","0",",C","7",",C","0",",C","0",",C","0",",C","-2.2",",C,30,+","25",",,C,03,","34.0",",,C,11,","11.7",",C,14,","2406.2","C","411.9",",C","202.8",",,,C","38",",,,C","5.05",",C","8.53",",,,C","1.56",",,,C"
"CA00110H447","1935-04","49.2667","-123.1667","7.0","VANCOUVER JERICHO BEACH, BC CA","0.0","C","0.0",",C","7",",C","5",",C","0",",C","0",",C","0",",C","7",",C","0",",C","0",",C","0",",C","-2.8",",C,03,+","0",",,C,30,+","17.5",",,C,20,","19.4",",C,29,","2714.2","C","308.0",",C","54.8",",,,C","0",",,,C","8.07",",C","13.50",",,,C","2.63",",,,C"
"CA00110H447","1935-05","49.2667","-123.1667","7.0","VANCOUVER JERICHO BEACH, BC CA","0.0","C","0.0",",C","2",",C","1",",C","0",",C","0",",C","0",",C","0",",C","0",",C","6",",C","0",",C","2.2",",C,10,","0",",,C,31,+","7.6",",,C,16,","22.8",",C,27,+","2894.9","C","180.7",",C","9.4",",,,C","0",",,,C","12.50",",C","18.65",",,,C","6.36",",,,C"
"CA00110H447","1935-06","49.2667","-123.1667","7.0","VANCOUVER JERICHO BEACH, BC CA","3.6","C","3.6",",C","9",",C","3",",C","0",",C","0",",C","0",",C","0",",C","0",",C","16",",C","0",",C","7.2",",C,03,","0",",,C,30,+","6.1",",,C,28,","28.9",",C,27,","2969.1","C","74.2",",C","20.9",",,,C","0",",,,C","15.98",",C","21.45",",,,C","10.51",",,,C"
"CA00110H447","1935-07","49.2667","-123.1667","7.0","VANCOUVER JERICHO BEACH, BC CA","31.8","C","28.2",",C","6",",C","4",",C","0",",C","0",",C","0",",C","0",",C","0",",C","21",",C","0",",C","6.7",",C,06,","0",",,C,31,+","19.8",",,C,31,","31.7",",C,14,+","48.4","C","48.4",",C","46.5",",,,C","0",",,,C","17.68",",C","22.91",",,,C","12.45",",,,C"
"CA00110H447","1935-08","49.2667","-123.1667","7.0","VANCOUVER JERICHO BEACH, BC CA","49.9","C","18.1",",C","7",",C","3",",C","0",",C","0",",C","0",",C","0",",C","0",",C","25",",C","0",",C","6.7",",C,16,","0",",,C,31,+","8.4",",,C,17,","30.6",",C,28,","89.5","C","41.1",",C","18.7",",,,C","0",",,,C","17.59",",C","22.65",",,,C","12.52",",,,C"
"CA00110H447","1935-09","49.2667","-123.1667","7.0","VANCOUVER JERICHO BEACH, BC CA","54.1","C","4.2",",C","4",",C","4",",C","1",",C","0",",C","0",",C","0",",C","0",",C","14",",C","0",",C","4.4",",C,26,","0",",,C,30,+","25.4",",,C,13,","27.8",",C,07,","184.9","C","95.4",",C","55.9",",,,C","0",",,,C","15.30",",C","20.76",",,,C","9.83",",,,C"
"CA00110H447","1935-10","49.2667","-123.1667","7.0","VANCOUVER JERICHO BEACH, BC CA","54.1","C","0.0",",C","12",",C","9",",C","2",",C","0",",C","0",",C","4",",C","0",",C","2",",C","0",",C","-6.7",",C,31,","0",",,C,31,+","44.2",",,C,16,","25.6",",C,02,","457.3","C","272.4",",C","129.8",",,,C","0",",,,C","9.55",",C","13.34",",,,C","5.75",",,,C"
"CA00110H447","1935-11","49.2667","-123.1667","7.0","VANCOUVER JERICHO BEACH, BC CA","54.1","C","0.0",",C","17",",C","11",",C","0",",C","0",",C","0",",C","10",",C","0",",C","0",",C","0",",C","-7.2",",C,02,","0",",,C,30,+","20.6",",,C,07,","12.8",",C,14,","842.6","C","385.3",",C","108.9",",,,C","0",",,,C","5.49",",C","8.62",",,,C","2.36",",,,C"
"CA00110H447","1935-12","49.2667","-123.1667","7.0","VANCOUVER JERICHO BEACH, BC CA","54.1","C","0.0",",C","22",",C","18",",C","2",",C","0",",C","0",",C","5",",C","0",",C","0",",C","0",",C","-1.1",",C,22,+","0",",,C,31,+","55.1",",,C,31,","12.8",",C,29,+","1213.9","C","371.3",",C","220.3",",,,C","0",",,,C","6.36",",C","8.68",",,,C","4.03",",,,C"
"CA00110H447","1936-01","49.2667","-123.1667","7.0","VANCOUVER JERICHO BEACH, BC CA","0.0","","0.0",",C","20",",C","12",",C","3",",C","0",",C","0",",C","9",",C","0",",C","0",",C","0",",C","-5.0",",C,29,","0",",,C,31,+","40.9",",,C,03,","11.1",",C,02,","1638.2","","424.3",",C","195.4",",,,C","0",",,,C","4.65",",C","7.42",",,,C","1.87",",,,C"
"CA00110H447","1936-02","49.2667","-123.1667","7.0","VANCOUVER JERICHO BEACH, BC CA","0.0","","0.0",",C","12",",C","10",",C","0",",C","7",",C","0",",C","26",",C","5",",C","0",",C","0",",C","-13.9",",C,07,","140",",,C,21,","24.4",",,C,28,","8.3",",C,29,","2200.3","","562.1",",C","99.1",",,,C","432",",,,C","-1.05",",C","2.69",",,,C","-4.79",",,,C"
"CA00110H447","1936-03","49.2667","-123.1667","7.0","VANCOUVER JERICHO BEACH, BC CA","0.0","","0.0",",C","20",",C","10",",C","1",",C","1",",C","0",",C","8",",C","0",",C","0",",C","0",",C","-2.8",",C,29,","64",",,C,31,","36.8",",,C,07,","11.1",",C,15,+","2612.0","","411.7",",C","100.2",",,,C","64",",,,C","5.05",",C","8.25",",,,C","1.86",",,,C"
"CA00110H447","1936-04","49.2667","-123.1667","7.0","VANCOUVER JERICHO BEACH, BC CA","0.0","","0.0",",C","13",",C","8",",C","0",",C","0",",C","0",",C","5",",C","0",",C","0",",C","0",",C","-2.2",",C,03,+","0",",,C,30,+","23.9",",,C,10,","20.6",",C,30,","2858.4","","246.4",",C","59.8",",,,C","0",",,,C","10.12",",C","14.32",",,,C","5.92",",,,C"
"CA00110H447","1936-05","49.2667","-123.1667","7.0","VANCOUVER JERICHO BEACH, BC CA","0.3","","0.3",",C","18",",C","10",",C","1",",C","0",",C","0",",C","0",",C","0",",C","7",",C","0",",C","5.6",",C,17,+","0",",,C,31,+","26.9",",,C,18,","27.2",",C,26,","2993.3","","134.9",",C","102.9",",,,C","0",",,,C","13.99",",C","18.26",",,,C","9.72",",,,C"
"CA00110H447","1936-06","49.2667","-123.1667","7.0","VANCOUVER JERICHO BEACH, BC CA","9.2","","8.9",",C","13",",C","7",",C","1",",C","0",",C","0",",C","0",",C","0",",C","19",",C","0",",C","5.0",",C,21,","0",",,C,30,+","25.7",",,C,07,","30.0",",C,23,","3047.8","","54.5",",C","73.0",",,,C","0",",,,C","16.81",",C","21.85",",,,C","11.77",",,,C"
"CA00110H447","1936-07","49.2667","-123.1667","7.0","VANCOUVER JERICHO BEACH, BC CA","24.7","","15.5",",C","8",",C","5",",C","0",",C","0",",C","0",",C","0",",C","0",",C","27",",C","0",",C","10.0",",C,16,+","0",",,C,31,+","15.2",",,C,03,","28.3",",C,21,","15.5","","15.5",",C","36.1",",,,C","0",",,,C","18.33",",C","23.93",",,,C","12.74",",,,C"
"CA00110H447","1936-08","49.2667","-123.1667","7.0","VANCOUVER JERICHO BEACH, BC CA","51.9","","27.2",",C","3",",C","2",",C","1",",C","0",",C","0",",C","0",",C","0",",C","30",",C","0",",C","8.9",",C,30,","0",",,C,31,+","40.9",",,C,31,","28.3",",C,02,","28.0","","12.5",",C","46.5",",,,C","0",",,,C","18.81",",C","24.58",",,,C","13.03",",,,C"
"CA00110H447","1936-09","49.2667","-123.1667","7.0","VANCOUVER JERICHO BEACH, BC CA","51.9","","0.0",",C","7",",C","6",",C","0",",C","0",",C","0",",C","0",",C","0",",C","4",",C","0",",C","5.0",",C,14,","0",",,C,30,+","22.6",",,C,12,","23.3",",C,05,","175.2","","147.2",",C","86.1",",,,C","0",",,,C","13.43",",C","17.59",",,,C","9.26",",,,C"
"CA00110H447","1936-10","49.2667","-123.1667","7.0","VANCOUVER JERICHO BEACH, BC CA","51.9","","0.0",",C","5",",C","3",",C","2",",C","0",",C","0",",C","0",",C","0",",C","2",",C","0",",C","2.8",",C,22,+","0",",,C,31,+","33.5",",,C,12,","21.1",",C,10,+","394.9","","219.7",",C","89.2",",,,C","0",",,,C","11.25",",C","14.57",",,,C","7.93",",,,C"
