"STATION","DATE","LATITUDE","LONGITUDE","ELEVATION","NAME","CLDD","CLDD_ATTRIBUTES","DP01","DP01_ATTRIBUTES","DP10","DP10_ATTRIBUTES","DP1X","DP1X_ATTRIBUTES","DSND","DSND_ATTRIBUTES","DSNW","DSNW_ATTRIBUTES","DT00","DT00_ATTRIBUTES","DT32","DT32_ATTRIBUTES","DX32","DX32_ATTRIBUTES","DX70","DX70_ATTRIBUTES","DX90","DX90_ATTRIBUTES","EMNT","EMNT_ATTRIBUTES","EMSD","EMSD_ATTRIBUTES","EMSN","EMSN_ATTRIBUTES","EMXP","EMXP_ATTRIBUTES","EMXT","EMXT_ATTRIBUTES","HDSD","HDSD_ATTRIBUTES","HTDD","HTDD_ATTRIBUTES","PRCP","PRCP_ATTRIBUTES","SNOW","SNOW_ATTRIBUTES","TAVG","TAVG_ATTRIBUTES","TMAX","TMAX_ATTRIBUTES","TMIN","TMIN_ATTRIBUTES"
"CA003075L48","1970-05","58.35","-119.7","579.0","RAINBOW LO, AB CA","","","8",",C","7",",C","1",",C","","","0",",C","","","","","","","","","","","","","","","0",",,C,31,+","33.8",",,C,22,","","","","","","","91.5",",,,C","0",",,,C","","","","","",""
"CA003075L48","1970-06","58.35","-119.7","579.0","RAINBOW LO, AB CA","","","11",",C","9",",C","1",",C","","","0",",C","","","","","0",",C","14",",C","1",",C","","","","","8",",,C,07,","36.3",",,C,27,","32.2",",C,03,","","","","","82.2",",,,C","8",",,,C","","","19.63",",,,C","",""
"CA003075L48","1970-07","58.35","-119.7","579.0","RAINBOW LO, AB CA","","","7",",C","7",",C","0",",C","","","0",",C","","","","","0",",C","14",",C","0",",C","","","","","0",",,C,31,+","9.4",",,C,21,","29.4",",C,19,+","","","","","37.2",",,,C","0",",,,C","","","21.05",",,,C","",""
"CA003075L48","1970-08","58.35","-119.7","579.0","RAINBOW LO, AB CA","","","7","2,C","5","2,C","1","2,C","","","0",",C","","","","","","","","","","","","","","","0",",,C,31,+","29.2","2,,C,17,","","","","","","","61.9","2,,,C","0",",,,C","","","","","",""
"CA003075L48","1971-05","58.35","-119.7","579.0","RAINBOW LO, AB CA","","","8",",C","5",",C","0",",C","","","2",",C","0",",C","7",",C","","","","","","","-5.6",",C,09,","","","86",",,C,08,","8.6",",,C,08,","","","","","","","34.1",",,,C","140",",,,C","","","","","3.91",",,,C"
"CA003075L48","1971-06","58.35","-119.7","579.0","RAINBOW LO, AB CA","1.7",",C","12",",C","4",",C","0",",C","","","0",",C","0",",C","0",",C","0",",C","13",",C","0",",C","4.4",",C,08,","","","0",",,C,30,+","22.9",",,C,14,","26.1",",C,21,+","","","114.1",",C","49.6",",,,C","0",",,,C","14.59",",C","20.41",",,,C","8.77",",,,C"
"CA003075L48","1971-07","58.35","-119.7","579.0","RAINBOW LO, AB CA","18.9",",C","11",",C","9",",C","0",",C","","","0",",C","0",",C","0",",C","0",",C","19",",C","0",",C","3.9",",C,09,","","","0",",,C,31,+","11.9",",,C,01,","30.6",",C,31,","80.2","","80.2",",C","50.0",",,,C","0",",,,C","16.35",",C","22.23",",,,C","10.48",",,,C"
"CA003075L48","1971-08","58.35","-119.7","579.0","RAINBOW LO, AB CA","14.3",",C","8",",C","5",",C","0",",C","","","0",",C","0",",C","0",",C","0",",C","20",",C","1",",C","2.2",",C,13,","","","0",",,C,31,+","9.1",",,C,11,","33.3",",C,01,","191.2","","111.0",",C","30.9",",,,C","0",",,,C","15.21",",C","21.85",",,,C","8.57",",,,C"
"CA003075L48","1972-05","58.35","-119.7","579.0","RAINBOW LO, AB CA","6.4","2,C","7",",C","2",",C","0",",C","","","0",",C","0","2,C","5","2,C","0","1,C","9","1,C","0","1,C","-7.8","2,C,05,","","","0",",,C,31,+","17.8",",,C,31,","31.7","1,C,29,","","","212.6","1,C","24.2",",,,C","0",",,,C","11.15","2,C","18.20","1,,,C","4.10","2,,,C"
"CA003075L48","1972-06","58.35","-119.7","579.0","RAINBOW LO, AB CA","0.0",",C","12",",C","7",",C","0",",C","","","0",",C","0",",C","0",",C","0",",C","8",",C","0",",C","0.6",",C,18,","","","0",",,C,30,+","23.9",",,C,25,","25.0",",C,24,","","","150.5",",C","89.5",",,,C","0",",,,C","13.32",",C","18.98",",,,C","7.65",",,,C"
"CA003075L48","1972-07","58.35","-119.7","579.0","RAINBOW LO, AB CA","0.0",",C","10",",C","4",",C","0",",C","","","0",",C","0",",C","0",",C","0",",C","11",",C","0",",C","5.0",",C,10,","","","0",",,C,31,+","7.1",",,C,24,","25.6",",C,19,","128.2","","128.2",",C","27.9",",,,C","0",",,,C","14.20",",C","20.04",",,,C","8.36",",,,C"
"CA003075L48","1972-08","58.35","-119.7","579.0","RAINBOW LO, AB CA","4.8",",C","9",",C","6",",C","0",",C","","","0",",C","0",",C","0",",C","0",",C","17",",C","0",",C","3.9",",C,31,","","","0",",,C,31,+","7.6",",,C,18,","27.8",",C,17,","243.5","","115.3",",C","32.8",",,,C","0",",,,C","14.77",",C","21.18",",,,C","8.35",",,,C"
"CA003075L48","1973-05","58.35","-119.7","579.0","RAINBOW LO, AB CA","","","9","5,C","5","5,C","0","5,C","","","0","5,C","","","","","","","","","","","","","","","0","5,,C,31,+","17.3","5,,C,09,","","","","","","","54.1","5,,,C","0","5,,,C","","","","","",""
"CA003075L48","1973-06","58.35","-119.7","579.0","RAINBOW LO, AB CA","0.0",",C","15",",C","12",",C","0",",C","","","0",",C","0",",C","0",",C","0",",C","9",",C","0",",C","2.8",",C,11,+","","","0",",,C,30,+","22.4",",,C,25,","24.4",",C,23,+","","","191.6",",C","119.1",",,,C","0",",,,C","11.95",",C","17.02",",,,C","6.87",",,,C"
"CA003075L48","1973-07","58.35","-119.7","579.0","RAINBOW LO, AB CA","5.5",",C","15",",C","8",",C","0",",C","","","0",",C","0",",C","0",",C","0",",C","15",",C","0",",C","4.4",",C,08,","","","0",",,C,31,+","16.0",",,C,05,","29.4",",C,20,","109.8","","109.8",",C","75.3",",,,C","0",",,,C","14.97",",C","20.63",",,,C","9.32",",,,C"
"CA003075L48","1973-08","58.35","-119.7","579.0","RAINBOW LO, AB CA","1.7","1,C","12",",C","6",",C","1",",C","","","0",",C","0",",C","2",",C","0","1,C","10","1,C","0","1,C","-2.2",",C,16,","","","0",",T,C,17,","40.1",",,C,17,","27.8","1,C,08,","298.2","","188.4","1,C","71.0",",,,C","0",",T,,C","12.08","1,C","17.84","1,,,C","6.32",",,,C"
"CA003075L48","1974-05","58.35","-119.7","579.0","RAINBOW LO, AB CA","","","7","4,C","4","4,C","0","4,C","","","0","4,C","","","","","","","","","","","","","","","5","4,,C,26,","8.9","4,,C,25,","","","","","","","26.2","4,,,C","5","4,,,C","","","","","",""
"CA003075L48","1974-06","58.35","-119.7","579.0","RAINBOW LO, AB CA","0.6","2,C","10","2,C","3","2,C","0","2,C","","","0",",C","0","1,C","0","1,C","0","1,C","5","1,C","0","1,C","3.3","1,C,10,","","","0",",,C,30,+","5.3","2,,C,09,","26.7","1,C,15,","","","154.2","1,C","30.7",",a,,C","0",",,,C","12.91","2,C","18.97","1,,,C","6.85","1,,,C"
"CA003075L48","1974-07","58.35","-119.7","579.0","RAINBOW LO, AB CA","0.0",",C","19",",C","6",",C","0",",C","","","0",",C","0",",C","0",",C","0",",C","7",",C","0",",C","3.9",",C,17,","","","0",",,C,31,+","10.9",",,C,10,","24.4",",C,22,","158.5","","158.5",",C","52.3",",,,C","0",",,,C","13.22",",C","18.70",",,,C","7.75",",,,C"
"CA003075L48","1974-08","58.35","-119.7","579.0","RAINBOW LO, AB CA","","","","","","","","","","","0",",C","","","","","","","","","","","","","","","0",",,C,31,+","","","","","","","","","","","0",",,,C","","","","","",""
"CA003075L48","1975-05","58.35","-119.7","579.0","RAINBOW LO, AB CA","","","8","4,C","4","4,C","1","4,C","","","2","4,C","","","","","","","","","","","","","","","38","4,,C,24,","35.3","4,,C,23,","","","","","","","59.0","4,,,C","79","4,,,C","","","","","",""
"CA003075L48","1975-06","58.35","-119.7","579.0","RAINBOW LO, AB CA","0.0",",C","11",",C","6",",C","1",",C","","","0",",C","0",",C","0",",C","0",",C","8",",C","0",",C","3.3",",C,12,+","","","0",",,C,30,+","29.7",",,C,26,","26.1",",C,20,","","","154.9",",C","75.0",",,,C","0",",,,C","13.17",",C","19.18",",,,C","7.15",",,,C"
"CA003075L48","1975-07","58.35","-119.7","579.0","RAINBOW LO, AB CA","34.0",",C","12",",C","8",",C","0",",C","","","0",",C","0",",C","0",",C","0",",C","23",",C","2",",C","4.4",",C,30,","","","0",",,C,31,+","15.0",",,C,27,","32.8",",C,11,","62.0","","62.0",",C","47.6",",,,C","0",",,,C","17.43",",C","23.56",",,,C","11.29",",,,C"
"CA003075L48","1975-08","58.35","-119.7","579.0","RAINBOW LO, AB CA","0.0",",C","12",",C","7",",C","1",",C","","","0",",C","0",",C","0",",C","0",",C","3",",C","0",",C","1.1",",C,31,","","","0",",,C,31,+","53.1",",,C,29,","23.9",",C,14,","253.7","","191.7",",C","84.9",",,,C","0",",,,C","12.15",",C","17.76",",,,C","6.54",",,,C"
"CA003075L48","1976-05","58.35","-119.7","579.0","RAINBOW LO, AB CA","0.0","1,C","9",",C","7",",C","0",",C","","","0",",C","0","1,C","0","1,C","0",",C","5",",C","0",",C","1.1","1,C,20,+","","","0",",T,C,18,","22.4",",,C,31,","25.0",",C,23,","","","243.0",",C","100.7",",,,C","0",",T,,C","10.25","1,C","16.53",",,,C","3.98","1,,,C"
"CA003075L48","1976-06","58.35","-119.7","579.0","RAINBOW LO, AB CA","1.8",",C","13",",C","8",",C","1",",C","","","1",",C","0",",C","3",",C","0",",C","6",",C","0",",C","0.0",",C,13,+","","","62",",,C,02,","31.0",",,C,24,","28.0",",C,29,","","","206.3",",C","103.9",",,,C","81",",,,C","11.52",",C","17.13",",,,C","5.90",",,,C"
"CA003075L48","1976-08","58.35","-119.7","579.0","RAINBOW LO, AB CA","6.2","3,C","11","3,C","9","3,C","2","3,C","","","0","3,C","0","2,C","0","2,C","0","3,C","11","3,C","0","3,C","2.0","2,C,24,","","","0","3,,C,31,+","54.7","3,,C,16,","28.0","3,C,11,","","","106.0","3,C","138.9","3,,,C","0","3,,,C","14.68","3,C","19.54","3,,,C","9.83","2,,,C"
"CA003075L48","1977-05","58.35","-119.7","579.0","RAINBOW LO, AB CA","0.0",",C","8",",C","5",",C","1",",C","","","0",",C","0",",C","5",",C","0",",C","3",",C","0",",C","-1.0",",C,01,","","","0",",T,C,12,","25.5",",,C,11,","24.0",",C,02,","","","249.8",",C","73.4",",,,C","0",",T,,C","10.27",",C","16.32",",,,C","4.23",",,,C"
"CA003075L48","1977-06","58.35","-119.7","579.0","RAINBOW LO, AB CA","0.8",",C","14",",C","10",",C","2",",C","","","0",",C","0",",C","1",",C","0",",C","8",",C","0",",C","0.0",",C,10,","","","0",",,C,30,+","75.9",",,C,08,","25.0",",C,20,+","","","158.3",",C","197.0",",,,C","0",",,,C","13.08",",C","19.07",",,,C","7.10",",,,C"
"CA003075L48","1977-07","58.35","-119.7","579.0","RAINBOW LO, AB CA","1.2",",C","15",",C","8",",C","0",",C","","","0",",C","0",",C","0",",C","0",",C","9",",C","0",",C","3.0",",C,14,","","","0",",,C,31,+","16.2",",,C,07,","26.0",",C,26,","128.0","","128.0",",C","87.1",",,,C","0",",,,C","14.24",",C","19.84",",,,C","8.65",",,,C"
"CA003075L48","1977-08","58.35","-119.7","579.0","RAINBOW LO, AB CA","0.0","2,C","12",",C","9",",C","0",",C","","","0",",C","0","1,C","0","1,C","0","2,C","7","2,C","0","2,C","1.0","1,C,27,+","","","0",",,C,31,+","12.4",",,C,10,","24.0","2,C,19,+","312.7","","184.7","2,C","51.1",",,,C","0",",,,C","11.92","2,C","18.00","2,,,C","5.83","1,,,C"
"CA003075L48","1978-05","58.35","-119.7","579.0","RAINBOW LO, AB CA","","","7",",C","3",",C","0",",C","","","2",",C","","","","","","","","","","","","","","","310",",,C,22,","25.0",",,C,22,","","","","","","","55.9",",,,C","534",",,,C","","","","","",""
"CA003075L48","1978-06","58.35","-119.7","579.0","RAINBOW LO, AB CA","3.2",",C","10",",C","7",",C","0",",C","","","0",",C","0",",C","0",",C","0",",C","14",",C","0",",C","2.0",",C,18,","","","0",",,C,30,+","16.5",",,C,17,","28.0",",C,03,","","","134.7",",C","63.3",",,,C","0",",,,C","13.95",",C","20.10",",,,C","7.80",",,,C"
"CA003075L48","1978-07","58.35","-119.7","579.0","RAINBOW LO, AB CA","0.7",",C","15",",C","6",",C","0",",C","","","0",",C","0",",C","0",",C","0",",C","13",",C","0",",C","2.0",",C,07,+","","","0",",,C,31,+","4.0",",,C,21,","26.0",",C,22,","137.0","","137.0",",C","25.9",",,,C","0",",,,C","13.94",",C","20.16",",,,C","7.71",",,,C"
"CA003075L48","1978-08","58.35","-119.7","579.0","RAINBOW LO, AB CA","1.8",",C","13",",C","9",",C","1",",C","","","0",",C","0",",C","2",",C","0",",C","8",",C","0",",C","-4.0",",C,22,","","","0",",,C,31,+","70.2",",,C,05,","29.0",",C,03,","329.2","","192.2",",C","167.1",",,,C","0",",,,C","12.19",",C","17.77",",,,C","6.61",",,,C"
"CA003075L48","1978-09","58.35","-119.7","579.0","RAINBOW LO, AB CA","0.0","2,C","9","2,C","4","2,C","0","2,C","","","0","2,C","0","1,C","5","1,C","0","2,C","0","2,C","0","2,C","-2.0","1,C,24,","","","0","2,,C,30,+","16.9","2,,C,01,","21.0","2,C,14,","594.0","","264.8","2,C","35.3","2,,,C","0","2,,,C","8.88","2,C","13.89","2,,,C","3.86","1,,,C"
"CA003075L48","1979-04","58.35","-119.7","579.0","RAINBOW LO, AB CA","","","3",",C","2",",C","0",",C","","","2",",C","","","","","","","","","","","","","","","62",",,C,09,","6.9",",,C,09,","","","","","","","11.3",",,,C","102",",,,C","","","","","",""
"CA003075L48","1979-05","58.35","-119.7","579.0","RAINBOW LO, AB CA","","","9",",C","4",",C","1",",C","","","1",",C","","","","","0","5,C","5","5,C","0","5,C","","","","","290",",,C,27,","43.2",",,C,27,","26.0","5,C,23,","","","","","92.3",",,,C","290",",,,C","","","13.65","5,,,C","",""
"CA003075L48","1979-06","58.35","-119.7","579.0","RAINBOW LO, AB CA","1.0",",C","12",",C","6",",C","0",",C","","","0",",C","0",",C","0",",C","0",",C","8",",C","0",",C","1.0",",C,06,","","","0",",,C,30,+","15.7",",,C,23,","27.0",",C,28,+","","","161.5",",C","45.6",",,,C","0",",,,C","12.98",",C","18.90",",,,C","7.07",",,,C"
"CA003075L48","1979-07","58.35","-119.7","579.0","RAINBOW LO, AB CA","17.2",",C","10",",C","8",",C","0",",C","","","0",",C","0",",C","0",",C","0",",C","20",",C","0",",C","7.0",",C,09,","","","0",",,C,31,+","24.3",",,C,21,","30.0",",C,17,","53.5","","53.5",",C","90.1",",,,C","0",",,,C","17.16",",C","23.35",",,,C","10.97",",,,C"
"CA003075L48","1979-08","58.35","-119.7","579.0","RAINBOW LO, AB CA","3.7",",C","11",",C","4",",C","0",",C","","","0",",C","0",",C","0",",C","0",",C","15",",C","0",",C","3.0",",C,04,","","","0",",,C,31,+","11.5",",,C,22,","27.0",",C,17,+","168.0","","114.5",",C","42.2",",,,C","0",",,,C","14.76",",C","20.61",",,,C","8.90",",,,C"
"CA003075L48","1979-09","58.35","-119.7","579.0","RAINBOW LO, AB CA","0.0",",C","13",",C","7",",C","0",",C","","","0",",C","0",",C","2",",C","0",",C","1",",C","0",",C","0.0",",C,30,+","","","0",",,C,30,+","12.2",",,C,08,","24.0",",C,13,","415.0","","247.0",",C","51.4",",,,C","0",",,,C","10.10",",C","14.97",",,,C","5.23",",,,C"
"CA003075L48","1980-05","58.35","-119.7","579.0","RAINBOW LO, AB CA","0.0",",C","7",",C","3",",C","0",",C","","","0",",C","0",",C","8",",C","0",",C","9",",C","0",",C","-5.0",",C,30,","","","0",",,C,31,+","20.5",",,C,24,","26.0",",C,01,","","","256.8",",C","35.1",",,,C","0",",,,C","10.05",",C","17.03",",,,C","3.06",",,,C"
"CA003075L48","1980-06","58.35","-119.7","579.0","RAINBOW LO, AB CA","5.7",",C","9",",C","5",",C","0",",C","","","0",",C","0",",C","1",",C","0",",C","15",",C","0",",C","-2.0",",C,06,","","","0",",,C,30,+","10.0",",,C,14,","30.0",",C,08,","","","118.7",",C","35.4",",,,C","0",",,,C","14.57",",C","21.23",",,,C","7.90",",,,C"
"CA003075L48","1980-07","58.35","-119.7","579.0","RAINBOW LO, AB CA","0.8",",C","13",",C","6",",C","2",",C","","","0",",C","0",",C","0",",C","0",",C","20",",C","0",",C","3.0",",C,19,","","","0",",,C,31,+","55.3",",,C,16,","26.0",",C,02,+","99.7","","99.7",",C","126.0",",,,C","0",",,,C","15.15",",C","21.35",",,,C","8.94",",,,C"
"CA003075L48","1980-08","58.35","-119.7","579.0","RAINBOW LO, AB CA","0.0",",C","11",",C","7",",C","0",",C","","","0",",C","0",",C","3",",C","0",",C","7",",C","0",",C","-4.0",",C,25,+","","","0",",,C,31,+","13.5",",,C,17,","27.0",",C,13,","291.0","","191.3",",C","47.0",",,,C","0",",,,C","12.16",",C","18.32",",,,C","6.00",",,,C"
"CA003075L48","1981-05","58.35","-119.7","579.0","RAINBOW LO, AB CA","0.7",",C","7",",C","2",",C","0",",C","0",",C","0",",C","0",",C","6",",C","0",",C","11",",C","0",",C","-2.0",",C,15,","0",",,C,31,+","0",",,C,31,+","3.9",",,C,18,","25.0",",C,26,+","","","219.5",",C","14.1",",,,C","0",",,,C","11.27",",C","17.90",",,,C","4.65",",,,C"
"CA003075L48","1981-06","58.35","-119.7","579.0","RAINBOW LO, AB CA","0.0","2,C","13",",C","8",",C","0",",C","0",",C","0",",C","0","2,C","0","2,C","0",",C","3",",C","0",",C","3.0","2,C,08,","0",",,C,30,+","0",",,C,30,+","11.7",",,C,26,","24.0",",C,02,+","","","166.3",",C","40.2",",,,C","0",",,,C","12.37","2,C","18.20",",,,C","6.54","2,,,C"
"CA003075L48","1981-07","58.35","-119.7","579.0","RAINBOW LO, AB CA","16.5",",C","6",",C","3",",C","0",",C","0",",C","0",",C","0",",C","0",",C","0",",C","19",",C","0",",C","5.0",",C,29,+","0",",,C,31,+","0",",,C,31,+","10.5",",,C,19,","32.0",",C,17,","74.8","","74.8",",C","24.9",",,,C","0",",,,C","16.45",",C","23.13",",,,C","9.77",",,,C"
"CA003075L48","1981-08","58.35","-119.7","579.0","RAINBOW LO, AB CA","16.7","1,C","6",",C","3",",C","0",",C","0",",C","0",",C","0","1,C","0","1,C","0",",C","26",",C","2",",C","1.0","1,C,31,+","0",",,C,31,+","0",",,C,31,+","9.5",",,C,31,","33.0",",C,09,+","141.0","","66.2",",C","22.8",",,,C","0",",,,C","16.83","1,C","24.16",",,,C","9.50","1,,,C"
"CA003075L48","1981-09","58.35","-119.7","579.0","RAINBOW LO, AB CA","1.8",",C","5",",C","1",",C","0",",C","0",",C","0",",C","0",",C","13",",C","0",",C","5",",C","0",",C","-3.0",",C,02,","0",",,C,30,+","0",",,C,30,+","14.4",",,C,19,","29.0",",C,07,","394.8","","253.8",",C","20.1",",,,C","0",",,,C","9.93",",C","16.47",",,,C","3.40",",,,C"
"CA003075L48","1982-05","58.35","-119.7","579.0","RAINBOW LO, AB CA","0.0",",C","12",",C","3",",C","0",",C","","","3",",C","0",",C","8",",C","2",",C","1",",C","0",",C","-5.0",",C,05,","","","150",",,C,04,","12.2",",,C,02,","24.0",",C,29,","","","339.8",",C","35.1",",,,C","275",",,,C","7.37",",C","13.16",",,,C","1.58",",,,C"
"CA003075L48","1982-06","58.35","-119.7","579.0","RAINBOW LO, AB CA","7.7",",C","5",",C","1",",C","0",",C","0",",C","0",",C","0",",C","1",",C","0",",C","20",",C","0",",C","-1.0",",C,06,","0",",,C,30,+","0",",,C,30,+","7.6",",,C,20,","29.0",",C,12,","","","106.7",",C","13.0",",,,C","0",",,,C","15.03",",C","22.53",",,,C","7.53",",,,C"
"CA003075L48","1982-07","58.35","-119.7","579.0","RAINBOW LO, AB CA","10.7",",C","10",",C","5",",C","0",",C","0",",C","0",",C","0",",C","0",",C","0",",C","25",",C","0",",C","4.0",",C,21,","0",",,C,31,+","0",",,C,31,+","8.5",",,C,23,","31.0",",C,26,","48.5","","48.5",",C","38.1",",,,C","0",",,,C","17.11",",C","23.65",",,,C","10.58",",,,C"
"CA003075L48","1982-08","58.35","-119.7","579.0","RAINBOW LO, AB CA","4.5",",C","23",",C","14",",C","1",",C","0",",C","0",",C","0",",C","4",",C","0",",C","4",",C","0",",C","-3.0",",C,27,","0",",,C,31,+","0",",T,C,27,","27.4",",,C,02,","30.0",",C,09,","295.3","","246.8",",C","134.9",",,,C","0",",T,,C","10.52",",C","15.48",",,,C","5.55",",,,C"
"CA003075L48","1982-09","58.35","-119.7","579.0","RAINBOW LO, AB CA","","","7",",C","3",",C","0",",C","0",",C","0",",C","0","4,C","3","4,C","0","4,C","4","4,C","0","4,C","-1.0","4,C,13,+","0",",,C,30,+","0",",,C,30,+","20.0",",,C,09,","25.0","4,C,19,+","","","","","36.6",",,,C","0",",,,C","10.35","6,C","16.58","4,,,C","4.12","4,,,C"
"CA003075L48","1982-10","58.35","-119.7","579.0","RAINBOW LO, AB CA","","","","","","","","","0",",C","","","","","","","","","","","","","","","0",",,C,31,+","","","","","","","","","","","","","","","","","","","",""
"CA003075L48","1983-05","58.35","-119.7","579.0","RAINBOW LO, AB CA","0.0","3,C","10",",C","3",",C","0",",C","","","2",",C","0","2,C","17","2,C","2","1,C","3","1,C","0","1,C","-10.0","2,C,03,+","","","50",",,C,01,","11.6",",,C,20,","28.0","1,C,28,","","","341.8","1,C","33.4",",,,C","80",",,,C","5.98","3,C","12.37","1,,,C","-0.41","2,,,C"
"CA003075L48","1983-06","58.35","-119.7","579.0","RAINBOW LO, AB CA","4.8",",C","9",",C","5",",C","0",",C","0",",C","0",",C","0",",C","0",",C","0",",C","11",",C","0",",C","3.0",",C,04,+","0",",,C,30,+","0",",,C,30,+","10.0",",,C,08,","27.0",",C,29,+","","","138.3",",C","43.2",",,,C","0",",,,C","13.88",",C","19.57",",,,C","8.20",",,,C"
"CA003075L48","1983-07","58.35","-119.7","579.0","RAINBOW LO, AB CA","5.8",",C","9",",C","5",",C","0",",C","0",",C","0",",C","0",",C","0",",C","0",",C","18",",C","0",",C","3.0",",C,08,","0",",,C,31,+","0",",,C,31,+","9.0",",,C,25,","30.0",",C,31,","88.2","","88.2",",C","39.0",",,,C","0",",,,C","15.68",",C","21.81",",,,C","9.55",",,,C"
"CA003075L48","1983-08","58.35","-119.7","579.0","RAINBOW LO, AB CA","4.7","1,C","7",",C","5",",C","0",",C","0",",C","0",",C","0","1,C","0","1,C","0",",C","17",",C","0",",C","4.0","1,C,17,","0",",,C,31,+","0",",,C,31,+","13.2",",,C,17,","31.0",",C,10,","211.9","","123.7",",C","41.0",",,,C","0",",,,C","14.38","1,C","21.03",",,,C","7.73","1,,,C"
"CA003075L48","1984-05","58.35","-119.7","579.0","RAINBOW LO, AB CA","0.0","1,C","16",",C","10",",C","1",",C","","","0",",C","0","1,C","10","1,C","0",",C","0",",C","0",",C","-6.0","1,C,10,","","","0",",T,C,09,","35.4",",,C,30,","20.0",",C,27,","","","322.0",",C","112.0",",,,C","0",",T,,C","7.61","1,C","13.42",",,,C","1.80","1,,,C"
"CA003075L48","1984-06","58.35","-119.7","579.0","RAINBOW LO, AB CA","0.0",",C","14",",C","9",",C","1",",C","0",",C","0",",C","0",",C","0",",C","0",",C","9",",C","0",",C","3.0",",C,01,","0",",,C,30,+","0",",,C,30,+","29.5",",,C,29,","26.0",",C,23,+","","","149.5",",C","127.0",",,,C","0",",,,C","13.35",",C","19.60",",,,C","7.10",",,,C"
"CA003075L48","1984-07","58.35","-119.7","579.0","RAINBOW LO, AB CA","16.8",",C","17",",C","10",",C","0",",C","0",",C","0",",C","0",",C","0",",C","0",",C","11",",C","0",",C","4.0",",C,18,","0",",,C,31,+","0",",,C,31,+","20.4",",,C,01,","31.0",",C,26,+","108.2","","108.2",",C","94.2",",,,C","0",",,,C","15.39",",C","21.61",",,,C","9.16",",,,C"
"CA003075L48","1984-08","58.35","-119.7","579.0","RAINBOW LO, AB CA","15.5","2,C","14",",C","7",",C","1",",C","0",",C","1",",C","0","1,C","3","1,C","0","2,C","12","2,C","0","2,C","-1.0","1,C,30,+","0",",,C,31,+","40",",,C,28,","26.2",",,C,22,","30.0","2,C,05,+","245.4","","137.2","2,C","78.3",",,,C","60",",,,C","13.99","2,C","20.10","2,,,C","7.87","1,,,C"
"CA003075L48","1985-06","58.35","-119.7","579.0","RAINBOW LO, AB CA","3.2",",C","9",",C","4",",C","0",",C","0",",C","0",",C","0",",C","1",",C","0",",C","11",",C","0",",C","-2.0",",C,08,","0",",,C,30,+","0",",,C,30,+","14.0",",,C,22,","28.0",",C,30,+","","","167.2",",C","43.9",",,,C","0",",,,C","12.87",",C","19.77",",,,C","5.97",",,,C"
"CA003075L48","1985-07","58.35","-119.7","579.0","RAINBOW LO, AB CA","4.0",",C","15",",C","6",",C","0",",C","0",",C","0",",C","0",",C","0",",C","0",",C","15",",C","0",",C","1.0",",C,19,","0",",,C,31,+","0",",,C,31,+","15.6",",,C,21,","29.0",",C,31,","115.8","","115.8",",C","49.1",",,,C","0",",,,C","14.73",",C","21.39",",,,C","8.06",",,,C"
"CA003075L48","1985-08","58.35","-119.7","579.0","RAINBOW LO, AB CA","","","11",",C","7",",C","1",",C","0","4,C","0",",C","","","","","","","","","","","","","0","4,,C,31,+","0",",,C,31,+","37.0",",,C,14,","","","","","","","100.4",",,,C","0",",,,C","","","","","",""
"CA003075L48","1986-06","58.35","-119.7","579.0","RAINBOW LO, AB CA","3.3",",C","14",",C","4",",C","1",",C","0",",C","0",",C","0",",C","1",",C","0",",C","11",",C","0",",C","0.0",",C,13,","0",",,C,30,+","0",",,C,30,+","29.2",",,C,19,","30.0",",C,30,+","","","167.3",",C","86.0",",,,C","0",",,,C","12.87",",C","19.47",",,,C","6.27",",,,C"
"CA003075L48","1986-07","58.35","-119.7","579.0","RAINBOW LO, AB CA","2.0",",C","17",",C","10",",C","0",",C","0",",C","0",",C","0",",C","0",",C","0",",C","14",",C","0",",C","4.0",",C,03,","0",",,C,31,+","0",",,C,31,+","10.8",",,C,29,+","25.0",",C,31,+","98.8","","98.8",",C","76.6",",,,C","0",",,,C","15.21",",C","21.13",",,,C","9.29",",,,C"
"CA003075L48","1986-08","58.35","-119.7","579.0","RAINBOW LO, AB CA","","","9","5,C","4","5,C","1","5,C","0","4,C","1","5,C","","","","","","","","","","","","","0","4,,C,31,+","40","5,,C,23,","27.0","5,,C,14,","","","","","","","54.4","5,,,C","40","5,,,C","","","","","",""
"CA003075L48","1987-05","58.35","-119.7","579.0","RAINBOW LO, AB CA","","","12","3,C","6","3,C","0","3,C","0","4,C","0","3,C","","","","","0","3,C","3","3,C","0","3,C","","","0","4,,C,31,+","0","3,T,C,15,","22.0","3,,C,17,","25.0","3,C,28,+","","","","","70.5","3,,,C","0","3,T,,C","","","15.68","3,,,C","",""
"CA003075L48","1987-06","58.35","-119.7","579.0","RAINBOW LO, AB CA","0.3",",C","11",",C","8",",C","0",",C","0",",C","0",",C","0",",C","0",",C","0",",C","12",",C","0",",C","2.0",",C,16,+","0",",,C,30,+","0",",,C,30,+","11.6",",,C,15,","25.0",",C,28,+","","","144.8",",C","71.6",",,,C","0",",,,C","13.52",",C","19.77",",,,C","7.27",",,,C"
"CA003075L48","1987-07","58.35","-119.7","579.0","RAINBOW LO, AB CA","0.2",",C","16",",C","6",",C","1",",C","0",",C","0",",C","0",",C","0",",C","0",",C","15",",C","0",",C","4.0",",C,21,","0",",,C,31,+","0",",,C,31,+","58.2",",,C,31,","27.0",",C,25,","93.0","","93.0",",C","122.5",",,,C","0",",,,C","15.34",",C","21.03",",,,C","9.65",",,,C"
"CA003075L48","1987-08","58.35","-119.7","579.0","RAINBOW LO, AB CA","","","","","","","","","0","5,C","","","","","","","","","","","","","","","0","5,,C,31,+","","","","","","","","","","","","","","","","","","","",""
"CA003075L48","1988-05","58.35","-119.7","579.0","RAINBOW LO, AB CA","0.0","3,C","11",",C","6",",C","0",",C","0","4,C","0",",C","0","3,C","7","3,C","0","2,C","1","2,C","0","2,C","-4.0","3,C,06,","0","4,,C,31,+","4",",,C,14,","20.0",",,C,28,","24.0","2,C,12,","","","256.8","2,C","62.7",",,,C","4",",,,C","9.06","3,C","15.38","2,,,C","2.75","3,,,C"
"CA003075L48","1988-06","58.35","-119.7","579.0","RAINBOW LO, AB CA","0.0",",C","11",",C","7",",C","2",",C","0",",C","0",",C","0",",C","1",",C","0",",C","10",",C","0",",C","-1.0",",C,13,","0",",,C,30,+","0",",,C,30,+","60.8",",,C,30,","25.0",",C,16,+","","","168.5",",C","144.0",",,,C","0",",,,C","12.72",",C","18.53",",,,C","6.90",",,,C"
"CA003075L48","1988-07","58.35","-119.7","579.0","RAINBOW LO, AB CA","1.7",",C","16",",C","8",",C","0",",C","0",",C","0",",C","0",",C","0",",C","0",",C","9",",C","0",",C","5.0",",C,23,","0",",,C,31,+","0",",,C,31,+","11.6",",,C,22,","30.0",",C,20,","128.5","","128.5",",C","51.2",",,,C","0",",,,C","14.24",",C","19.74",",,,C","8.74",",,,C"
"CA003075L48","1989-05","58.35","-119.7","579.0","RAINBOW LO, AB CA","0.0","2,C","10",",C","6",",C","1",",C","","","2",",C","0","2,C","9","2,C","0","1,C","6","1,C","0","1,C","-3.0","2,C,27,+","","","204",",,C,20,","36.0",",,C,20,","25.0","1,C,30,","","","261.2","1,C","62.4",",,,C","253",",,,C","9.37","2,C","15.80","1,,,C","2.93","2,,,C"
"CA003075L48","1989-06","58.35","-119.7","579.0","RAINBOW LO, AB CA","12.3",",C","11",",C","2",",C","0",",C","0",",C","0",",C","0",",C","0",",C","0",",C","9",",C","0",",C","3.0",",C,24,","0",",,C,30,+","0",",,C,30,+","21.2",",,C,05,","30.0",",C,13,","","","114.3",",C","34.6",",,,C","0",",,,C","14.93",",C","21.43",",,,C","8.43",",,,C"
"CA003075L48","1989-07","58.35","-119.7","579.0","RAINBOW LO, AB CA","16.2",",C","14",",C","8",",C","0",",C","0",",C","0",",C","0",",C","0",",C","0",",C","22",",C","0",",C","4.0",",C,04,","0",",,C,31,+","0",",,C,31,+","19.4",",,C,16,","31.0",",C,13,","76.0","","76.0",",C","77.8",",,,C","0",",,,C","16.40",",C","22.84",",,,C","9.97",",,,C"
"CA003075L48","1990-05","58.35","-119.7","579.0","RAINBOW LO, AB CA","2.5","2,C","12",",C","5",",C","0",",C","0","2,C","1",",C","0","2,C","11","2,C","0","1,C","7","1,C","0","1,C","-2.0","2,C,20,+","0","2,,C,31,+","30",",,C,06,","21.4",",,C,31,","27.0","1,C,30,+","","","247.2","1,C","64.2",",,,C","30",",,,C","9.82","2,C","16.27","1,,,C","3.38","2,,,C"
"CA003075L48","1990-06","58.35","-119.7","579.0","RAINBOW LO, AB CA","2.8",",C","14",",C","3",",C","0",",C","0",",C","0",",C","0",",C","2",",C","0",",C","10",",C","0",",C","0.0",",C,08,+","0",",,C,30,+","22",",,C,01,","12.2",",,C,27,","30.0",",C,22,","","","152.3",",C","34.3",",,,C","22",",,,C","13.35",",C","20.10",",,,C","6.60",",,,C"
"CA003075L48","1990-07","58.35","-119.7","579.0","RAINBOW LO, AB CA","16.3","2,C","12",",C","4",",C","0",",C","0",",C","0",",C","0","1,C","0","1,C","0","1,C","20","1,C","0","1,C","4.0","1,C,19,+","0",",,C,31,+","0",",,C,31,+","24.3",",,C,12,","30.0","1,C,30,","77.0","","77.0","1,C","71.6",",,,C","0",",,,C","16.38","2,C","23.00","1,,,C","9.77","1,,,C"
"CA003075L48","1990-08","58.35","-119.7","579.0","RAINBOW LO, AB CA","16.3","1,C","5","1,C","3","1,C","0","1,C","0",",C","0",",C","0",",C","0",",C","0","1,C","14","1,C","0","1,C","2.0",",C,24,","0",",,C,31,+","0",",,C,31,+","15.0","1,,C,22,","32.0","1,C,05,","193.3","","116.3","1,C","28.2","1,,,C","0",",,,C","14.95","1,C","21.60","1,,,C","8.29",",,,C"
"CA003075L48","1991-05","58.35","-119.7","579.0","RAINBOW LO, AB CA","","","11",",C","6",",C","0",",C","","","1",",C","","","","","","","","","","","","","","","62",",,C,21,","14.4",",,C,13,","","","","","","","44.3",",,,C","62",",,,C","","","","","",""
"CA003075L48","1991-06","58.35","-119.7","579.0","RAINBOW LO, AB CA","3.0",",C","9",",C","8",",C","1",",C","0",",C","0",",C","0",",C","0",",C","0",",C","14",",C","0",",C","1.0",",C,02,+","0",",,C,30,+","0",",,C,30,+","35.2",",,C,12,","28.0",",C,07,","","","146.5",",C","130.2",",,,C","0",",,,C","13.55",",C","19.60",",,,C","7.50",",,,C"
"CA003075L48","1991-07","58.35","-119.7","579.0","RAINBOW LO, AB CA","7.2",",C","20",",C","14",",C","2",",C","0",",C","0",",C","0",",C","0",",C","0",",C","10",",C","0",",C","2.0",",C,07,","0",",,C,31,+","0",",,C,31,+","37.6",",,C,09,","30.0",",C,25,+","123.0","","123.0",",C","170.9",",,,C","0",",,,C","14.60",",C","20.32",",,,C","8.87",",,,C"
"CA003075L48","1991-08","58.35","-119.7","579.0","RAINBOW LO, AB CA","","","11","5,C","7","5,C","0","5,C","0","4,C","0","5,C","","","","","","","","","","","","","0","4,,C,31,+","0","5,,C,31,+","7.0","5,,C,26,","","","","","","","42.4","5,,,C","0","5,,,C","","","","","",""
"CA003075L48","1992-05","58.35","-119.7","579.0","RAINBOW LO, AB CA","","","13","4,C","2","4,C","0","4,C","","","0","4,C","","","","","","","","","","","","","","","10","4,,C,18,","8.4","4,,C,26,","","","","","","","26.7","4,,,C","16","4,,,C","","","","","",""
"CA003075L48","1992-06","58.35","-119.7","579.0","RAINBOW LO, AB CA","1.7",",C","11",",C","5",",C","0",",C","0",",C","0",",C","0",",C","0",",C","0",",C","8",",C","0",",C","2.0",",C,11,","0",",,C,30,+","0",",,C,30,+","21.4",",,C,16,","26.0",",C,15,+","","","149.7",",C","56.0",",,,C","0",",,,C","13.40",",C","19.50",",,,C","7.30",",,,C"
"CA003075L48","1992-07","58.35","-119.7","579.0","RAINBOW LO, AB CA","0.0","1,C","17",",C","8",",C","0",",C","0",",C","0",",C","0","1,C","0","1,C","0",",C","12",",C","0",",C","4.0","1,C,09,","0",",,C,31,+","0",",,C,31,+","10.4",",,C,26,","26.0",",C,05,","134.5","","134.5",",C","57.9",",,,C","0",",,,C","13.85","1,C","19.94",",,,C","7.77","1,,,C"
"CA003075L48","1993-06","58.35","-119.7","579.0","RAINBOW LO, AB CA","0.0","1,C","9",",C","5",",C","0",",C","0",",C","0",",C","0","1,C","0","1,C","0",",C","9",",C","0",",C","4.0","1,C,24,+","0",",,C,30,+","0",",,C,30,+","12.6",",,C,22,","27.0",",C,06,","","","156.7",",C","44.0",",,,C","0",",,,C","13.04","1,C","19.40",",,,C","6.69","1,,,C"
"CA003075L48","1993-07","58.35","-119.7","579.0","RAINBOW LO, AB CA","0.0","2,C","16",",C","10",",C","0",",C","","","0",",C","0","2,C","0","2,C","0",",C","11",",C","0",",C","3.0","2,C,16,+","","","0",",,C,31,+","16.6",",,C,29,","25.0",",C,22,","134.7","","134.7",",C","82.8",",,,C","0",",,,C","13.57","2,C","19.61",",,,C","7.52","2,,,C"
"CA003075L48","1994-06","58.35","-119.7","579.0","RAINBOW LO, AB CA","1.7",",C","11",",C","6",",C","1",",C","","","0",",C","0",",C","0",",C","0",",C","14",",C","0",",C","1.0",",C,15,","","","0",",,C,30,+","26.2",",,C,09,","27.0",",C,22,","","","140.2",",C","60.0",",,,C","0",",,,C","13.72",",C","20.10",",,,C","7.33",",,,C"
"CA003075L48","1994-07","58.35","-119.7","579.0","RAINBOW LO, AB CA","15.0","1,C","13",",C","11",",C","1",",C","","","0",",C","0",",C","0",",C","0","1,C","17","1,C","0","1,C","6.0",",C,05,+","","","0",",,C,31,+","40.0",",,C,30,","31.0","1,C,25,","70.5","","70.5","1,C","123.4",",,,C","0",",,,C","16.59","1,C","22.37","1,,,C","10.81",",,,C"
"CA003075L48","1995-05","58.35","-119.7","579.0","RAINBOW LO, AB CA","3.3","1,C","7",",C","3",",C","0",",C","","","0",",C","0","1,C","8","1,C","0","1,C","9","1,C","0","1,C","-6.0","1,C,04,","","","0",",,C,31,+","17.4",",,C,16,","30.0","1,C,27,","","","230.8","1,C","32.7",",,,C","0",",,,C","10.75","1,C","17.83","1,,,C","3.67","1,,,C"
"CA003075L48","1995-06","58.35","-119.7","579.0","RAINBOW LO, AB CA","0.2",",C","9",",C","4",",C","1",",C","0",",C","0",",C","0",",C","0",",C","0",",C","18",",C","0",",C","4.0",",C,15,+","0",",,C,30,+","0",",,C,30,+","28.4",",,C,20,","27.0",",C,09,+","","","105.7",",C","57.0",",,,C","0",",,,C","14.82",",C","21.90",",,,C","7.73",",,,C"
"CA003075L48","1995-07","58.35","-119.7","579.0","RAINBOW LO, AB CA","0.0",",C","19",",C","7",",C","0",",C","0",",C","0",",C","0",",C","0",",C","0",",C","13",",C","0",",C","3.0",",C,28,+","0",",,C,31,+","0",",,C,31,+","14.4",",,C,27,","25.0",",C,18,+","137.8","","137.8",",C","77.9",",,,C","0",",,,C","13.89",",C","20.00",",,,C","7.77",",,,C"
"CA003075L48","1996-06","58.35","-119.7","579.0","RAINBOW LO, AB CA","0.0",",C","11",",C","4",",C","1",",C","","","0",",C","0",",C","0",",C","0",",C","11",",C","0",",C","3.0",",C,15,","","","0",",,C,30,+","39.4",",,C,16,","25.0",",C,27,","","","161.5",",C","58.2",",,,C","0",",,,C","12.95",",C","19.43",",,,C","6.47",",,,C"
"CA003075L48","1996-07","58.35","-119.7","579.0","RAINBOW LO, AB CA","8.2","1,C","14","1,C","9","1,C","0","1,C","","","0",",C","0",",C","0",",C","0","1,C","12","1,C","0","1,C","4.0",",C,05,","","","0",",,C,31,+","15.0","1,,C,09,","30.0","1,C,29,","100.2","","100.2","1,C","73.8","1,,,C","0",",,,C","15.30","1,C","20.90","1,,,C","9.71",",,,C"
"CA003075L48","1997-05","58.35","-119.7","579.0","RAINBOW LO, AB CA","","","7","5,C","4","5,C","0","5,C","","","3","5,C","","","","","","","","","","","","","","","124","5,,C,25,","12.4","5,,C,25,","","","","","","","34.2","5,,,C","204","5,,,C","","","","","",""
"CA003075L48","1997-06","58.35","-119.7","579.0","RAINBOW LO, AB CA","0.0",",C","14",",C","10",",C","0",",C","0",",C","0",",C","0",",C","0",",C","0",",C","8",",C","0",",C","1.0",",C,28,","0",",,C,30,+","0",",,C,30,+","19.2",",,C,18,","24.0",",C,11,","","","151.0",",C","92.0",",,,C","0",",,,C","13.30",",C","18.87",",,,C","7.73",",,,C"
"CA003075L48","1997-07","58.35","-119.7","579.0","RAINBOW LO, AB CA","0.9",",C","22",",C","12",",C","1",",C","0","1,C","0",",C","0",",C","0",",C","0",",C","15",",C","0",",C","6.0",",C,24,","0","1,,C,31,+","0",",,C,31,+","30.4",",,C,30,","28.0",",C,05,","82.0","","82.0",",C","101.4",",,,C","0",",,,C","15.72",",C","21.19",",,,C","10.24",",,,C"
"CA003075L48","1997-08","58.35","-119.7","579.0","RAINBOW LO, AB CA","3.0","5,C","13","2,C","7","2,C","0","2,C","0",",C","0",",C","0","3,C","0","3,C","0","4,C","15","4,C","0","4,C","6.0","3,C,20,+","0",",,C,31,+","0",",,C,31,+","22.2","2,,C,07,","27.0","4,C,06,+","168.2","","86.2","4,C","72.0","2,,,C","0",",,,C","15.04","5,C","21.19","4,,,C","8.89","3,,,C"
"CA003075L48","1998-06","58.35","-119.7","579.0","RAINBOW LO, AB CA","6.3","2,C","9",",C","3",",C","1",",C","","","0",",C","0","1,C","0","1,C","0","1,C","17","1,C","0","1,C","2.0","1,C,14,","","","0",",,C,30,+","25.4",",,C,25,","28.0","1,C,22,+","","","119.2","1,C","43.2",",,,C","0",",,,C","14.46","2,C","20.86","1,,,C","8.05","1,,,C"
"CA003075L48","1998-07","58.35","-119.7","579.0","RAINBOW LO, AB CA","12.3",",C","8",",C","5",",C","1",",C","0",",C","0",",C","0",",C","0",",C","0",",C","25",",C","0",",C","5.0",",C,14,","0",",,C,31,+","0",",,C,31,+","98.0",",,C,13,","29.0",",C,06,+","47.2","","47.2",",C","136.6",",,,C","0",",,,C","17.21",",C","23.68",",,,C","10.74",",,,C"
"CA003075L48","1998-08","58.35","-119.7","579.0","RAINBOW LO, AB CA","3.7","3,C","11",",C","1",",C","0",",C","0",",C","0",",C","0","1,C","0","1,C","0","2,C","14","2,C","0","2,C","2.0","1,C,31,","0",",,C,31,+","0",",,C,31,+","4.8",",,C,06,","29.0","2,C,03,","143.4","","96.2","2,C","19.0",",,,C","0",",,,C","14.84","3,C","21.66","2,,,C","8.02","1,,,C"
"CA003075L48","1999-05","58.35","-119.7","579.0","RAINBOW LO, AB CA","","","13","5,C","6","5,C","0","5,C","","","0","5,C","","","","","","","","","","","","","","","0","5,T,C,16,","14.0","5,,C,12,","","","","","","","54.2","5,,,C","0","5,T,,C","","","","","",""
"CA003075L48","1999-06","58.35","-119.7","579.0","RAINBOW LO, AB CA","7.7",",C","15",",C","8",",C","0",",C","0",",C","0",",C","0",",C","2",",C","0",",C","8",",C","0",",C","0.0",",C,08,+","0",",,C,30,+","0",",T,C,07,","23.0",",,C,22,","28.0",",C,16,+","","","187.4",",C","101.4",",,,C","0",",T,,C","12.34",",C","18.27",",,,C","6.42",",,,C"
"CA003075L48","1999-07","58.35","-119.7","579.0","RAINBOW LO, AB CA","6.3",",C","14",",C","9",",C","3",",C","0",",C","0",",C","0",",C","0",",C","0",",C","14",",C","0",",C","1.0",",C,05,","0",",,C,31,+","0",",,C,31,+","40.0",",,C,29,","28.0",",C,10,","145.9","","145.9",",C","145.6",",,,C","0",",,,C","13.83",",C","19.29",",,,C","8.37",",,,C"
"CA003075L48","2000-05","58.35","-119.7","579.0","RAINBOW LO, AB CA","","","9","4,C","6","4,C","0","4,C","","","0","4,C","","","","","","","","","","","","","","","2","4,,C,14,","21.2","4,,C,23,","","","","","","","63.2","4,,,C","2","4,,,C","","","","","",""
"CA003075L48","2000-06","58.35","-119.7","579.0","RAINBOW LO, AB CA","1.2",",C","13",",C","7",",C","0",",C","0",",C","0",",C","0",",C","1",",C","0",",C","6",",C","0",",C","-7.0",",C,05,","0",",,C,30,+","0",",,C,30,+","10.4",",,C,09,","28.0",",C,28,","","","190.7",",C","48.0",",,,C","0",",,,C","12.02",",C","17.87",",,,C","6.17",",,,C"
"CA003075L48","2000-07","58.35","-119.7","579.0","RAINBOW LO, AB CA","1.3",",C","7",",C","2",",C","0",",C","","","0",",C","0",",C","0",",C","0",",C","17",",C","0",",C","3.0",",C,17,+","","","0",",,C,31,+","17.4",",,C,14,","27.0",",C,31,+","95.2","","95.2",",C","27.0",",,,C","0",",,,C","15.31",",C","21.84",",,,C","8.77",",,,C"
"CA003075L48","2001-05","58.35","-119.7","579.0","RAINBOW LO, AB CA","0.0","2,C","11",",C","8",",C","0",",C","","","1",",C","0","2,C","9","2,C","0","1,C","0","1,C","0","1,C","-5.0","2,C,10,","","","25",",,C,30,","9.3",",,C,29,","21.0","1,C,22,","","","301.3","1,C","40.8",",,,C","54",",,,C","7.92","2,C","14.17","1,,,C","1.68","2,,,C"
"CA003075L48","2001-06","58.35","-119.7","579.0","RAINBOW LO, AB CA","0.0",",C","10",",C","6",",C","0",",C","0",",C","0",",C","0",",C","0",",C","0",",C","9",",C","0",",C","3.0",",C,25,+","0",",,C,30,+","0",",,C,30,+","13.2",",,C,10,","26.0",",C,19,","","","163.7",",C","46.8",",,,C","0",",,,C","12.88",",C","19.27",",,,C","6.48",",,,C"
"CA003075L48","2001-07","58.35","-119.7","579.0","RAINBOW LO, AB CA","2.2",",C","15",",C","8",",C","0",",C","0",",C","0",",C","0",",C","0",",C","0",",C","16",",C","0",",C","6.0",",C,12,+","0",",,C,31,+","0",",,C,31,+","13.8",",,C,19,","29.0",",C,09,","79.2","","79.2",",C","69.8",",,,C","0",",,,C","15.85",",C","21.97",",,,C","9.73",",,,C"
"CA003075L48","2001-08","58.35","-119.7","579.0","RAINBOW LO, AB CA","6.5","2,C","15",",C","7",",C","1",",C","0",",C","0",",C","0","1,C","0","1,C","0","2,C","13","2,C","0","2,C","1.0","1,C,21,","0",",,C,31,+","0",",,C,31,+","33.6",",,C,02,","31.0","2,C,17,","202.4","","123.2","2,C","74.8",",,,C","0",",,,C","14.25","2,C","20.72","2,,,C","7.77","1,,,C"
"CA003075L48","2002-06","58.35","-119.7","579.0","RAINBOW LO, AB CA","1.8",",C","10",",C","5",",C","0",",C","","","0",",C","0",",C","0",",C","0",",C","18",",C","0",",C","2.0",",C,19,+","","","0",",,C,30,+","20.2",",,C,30,","28.0",",C,22,","","","98.8",",C","52.4",",,,C","0",",,,C","15.10",",C","21.90",",,,C","8.30",",,,C"
"CA003075L48","2002-07","58.35","-119.7","579.0","RAINBOW LO, AB CA","5.8","1,C","18",",C","10",",C","2",",C","0",",C","0",",C","0",",C","0",",C","0","1,C","11","1,C","0","1,C","3.0",",C,31,","0",",,C,31,+","0",",,C,31,+","43.0",",,C,26,","28.0","1,C,11,","120.1","","120.1","1,C","147.4",",,,C","0",",,,C","14.59","1,C","19.83","1,,,C","9.34",",,,C"
"CA003075L48","2003-05","58.35","-119.7","579.0","RAINBOW LO, AB CA","","","2","5,C","1","5,C","0","5,C","","","1","5,C","","","","","","","","","","","","","","","50","5,,C,15,","12.0","5,,C,15,","","","","","","","13.2","5,,,C","60","5,,,C","","","","","",""
"CA003075L48","2003-06","58.35","-119.7","579.0","RAINBOW LO, AB CA","1.7",",C","7","2,C","6","2,C","0","2,C","","","0",",C","0",",C","3",",C","0",",C","7",",C","0",",C","-1.0",",C,14,","","","5",",,C,12,+","6.2","2,,C,30,","28.0",",C,18,","","","188.7",",C","28.4","2,,,C","10",",,,C","12.10",",C","18.50",",,,C","5.70",",,,C"
"CA003075L48","2003-07","58.35","-119.7","579.0","RAINBOW LO, AB CA","7.9",",C","16",",C","10",",C","0",",C","0",",C","0",",C","0",",C","0",",C","0",",C","16",",C","0",",C","4.0",",C,03,","0",",,C,31,+","0",",,C,31,+","22.0",",,C,18,","29.0",",C,31,+","83.7","","83.7",",C","94.3",",,,C","0",",,,C","15.89",",C","21.90",",,,C","9.87",",,,C"
"CA003075L48","2004-06","58.35","-119.7","579.0","RAINBOW LO, AB CA","3.5",",C","5",",C","2",",C","0",",C","0",",C","0",",C","0",",C","0",",C","0",",C","15",",C","0",",C","3.0",",C,12,+","0",",,C,30,+","2",",,C,10,","8.2",",,C,01,","31.0",",C,19,","","","115.2",",C","15.1",",,,C","2",",,,C","14.61",",C","21.53",",,,C","7.68",",,,C"
"CA003075L48","2004-07","58.35","-119.7","579.0","RAINBOW LO, AB CA","17.7",",C","13",",C","6",",C","0",",C","0",",C","0",",C","0",",C","0",",C","0",",C","21",",C","0",",C","5.0",",C,03,","0",",,C,31,+","0",",,C,31,+","21.4",",,C,11,","32.0",",C,24,","68.0","","68.0",",C","85.9",",,,C","0",",,,C","16.71",",C","22.74",",,,C","10.68",",,,C"
"CA003075L48","2004-08","58.35","-119.7","579.0","RAINBOW LO, AB CA","1.8",",C","8",",C","2",",C","0",",C","0",",C","0",",C","0",",C","4",",C","0",",C","10",",C","0",",C","-1.0",",C,24,","0",",,C,31,+","0",",,C,31,+","7.0",",,C,20,","28.0",",C,11,","247.4","","179.4",",C","17.7",",,,C","0",",,,C","12.60",",C","18.52",",,,C","6.69",",,,C"
"CA003075L48","2005-05","58.35","-119.7","579.0","RAINBOW LO, AB CA","","","5",",C","3",",C","1",",C","","","0",",C","","","","","","","","","","","","","","","6",",,C,17,","32.9",",,C,17,","","","","","","","43.1",",,,C","6",",,,C","","","","","",""
"CA003075L48","2005-06","58.35","-119.7","579.0","RAINBOW LO, AB CA","0.0",",C","13",",C","5",",C","0",",C","0",",C","0",",C","0",",C","0",",C","0",",C","12",",C","0",",C","2.0",",C,26,+","0",",,C,30,+","0",",,C,30,+","11.0",",,C,13,","26.0",",C,07,","","","169.0",",C","37.2",",,,C","0",",,,C","12.70",",C","18.93",",,,C","6.47",",,,C"
"CA003075L48","2005-07","58.35","-119.7","579.0","RAINBOW LO, AB CA","0.0",",C","22",",C","13",",C","1",",C","0",",C","0",",C","0",",C","0",",C","0",",C","13",",C","0",",C","5.0",",C,26,+","0",",,C,31,+","0",",,C,31,+","40.0",",,C,02,","25.0",",C,17,+","129.3","","129.3",",C","130.8",",,,C","0",",,,C","14.16",",C","19.85",",,,C","8.47",",,,C"
"CA003075L48","2005-08","58.35","-119.7","579.0","RAINBOW LO, AB CA","0.7",",C","14",",C","6",",C","0",",C","0",",C","0",",C","0",",C","0",",C","0",",C","9",",C","0",",C","1.0",",C,31,+","0",",,C,31,+","0",",,C,31,+","12.4",",,C,02,","30.0",",C,25,","301.8","","172.5",",C","59.6",",,,C","0",",,,C","12.79",",C","19.00",",,,C","6.58",",,,C"
"CA003075L48","2006-05","58.35","-119.7","579.0","RAINBOW LO, AB CA","0.0",",C","13","5,C","3","5,C","0","5,C","","","0","5,C","0",",C","3",",C","0",",C","4",",C","0",",C","-1.0",",C,15,","","","0","5,,C,31,+","6.2","5,,C,20,","24.0",",C,16,","","","263.3",",C","24.2","5,,,C","0","5,,,C","9.84",",C","16.29",",,,C","3.39",",,,C"
"CA003075L48","2006-06","58.35","-119.7","579.0","RAINBOW LO, AB CA","5.7",",C","16",",C","4",",C","0",",C","0",",C","0",",C","0",",C","2",",C","0",",C","15",",C","0",",C","-1.5",",C,06,","0",",,C,30,+","0",",,C,30,+","14.4",",,C,20,","31.0",",C,14,","","","117.9",",C","56.8",",,,C","0",",,,C","14.59",",C","20.95",",,,C","8.23",",,,C"
"CA003075L48","2006-07","58.35","-119.7","579.0","RAINBOW LO, AB CA","4.8","1,C","16",",C","8",",C","1",",C","0",",C","0",",C","0",",C","0",",C","0","1,C","12","1,C","0","1,C","6.5",",C,31,+","0",",,C,31,+","0",",,C,31,+","34.6",",,C,10,","27.0","1,C,20,","92.3","","92.3","1,C","108.0",",,,C","0",",,,C","15.46","1,C","20.67","1,,,C","10.26",",,,C"
"CA003075L48","2006-08","58.35","-119.7","579.0","RAINBOW LO, AB CA","0.0","3,C","18",",C","4",",C","0",",C","0",",C","0",",C","0","2,C","0","2,C","0","3,C","7","3,C","0","3,C","5.5","2,C,07,","0",",,C,31,+","0",",,C,31,+","17.0",",,C,02,","26.5","3,C,21,","219.4","","127.1","3,C","49.2",",,,C","0",",,,C","13.79","3,C","20.02","3,,,C","7.57","2,,,C"
"CA003075L48","2007-06","58.35","-119.7","579.0","RAINBOW LO, AB CA","1.2",",C","19",",C","11",",C","1",",C","0",",C","0",",C","0",",C","1",",C","0",",C","11",",C","0",",C","-1.5",",C,06,","0",",,C,30,+","0",",,C,30,+","62.6",",,C,30,","27.5",",C,04,","","","154.2",",C","119.0",",,,C","0",",,,C","13.23",",C","19.73",",,,C","6.73",",,,C"
"CA003075L48","2007-07","58.35","-119.7","579.0","RAINBOW LO, AB CA","21.9","4,C","18","2,C","10","2,C","0","2,C","0",",C","0","2,C","0","2,C","0","2,C","0","2,C","15","2,C","1","2,C","5.5","2,C,03,","0",",,C,31,+","0","2,,C,31,+","21.6","2,,C,16,","33.5","2,C,13,","67.4","","67.4","2,C","89.6","2,,,C","0","2,,,C","16.60","4,C","22.38","2,,,C","10.83","2,,,C"
"CA003075L48","2007-08","58.35","-119.7","579.0","RAINBOW LO, AB CA","0.0","3,C","20","1,C","5","1,C","0","1,C","0",",C","0","1,C","0","2,C","0","2,C","0","3,C","5","3,C","0","3,C","1.0","2,C,10,+","0",",,C,31,+","0","1,,C,31,+","20.4","1,,C,20,","25.0","3,C,06,","249.2","","181.8","3,C","52.0","1,,,C","0","1,,,C","11.78","3,C","17.34","3,,,C","6.22","2,,,C"
"CA003075L48","2008-05","58.35","-119.7","579.0","RAINBOW LO, AB CA","0.0","4,C","6","3,C","4","3,C","0","3,C","","","0","3,C","0","4,C","6","4,C","0","3,C","6","3,C","0","3,C","-3.0","4,C,08,","","","0","3,,C,31,+","21.6","3,,C,21,","25.5","3,C,17,","","","219.2","3,C","50.2","3,,,C","0","3,,,C","10.17","4,C","16.88","3,,,C","3.46","4,,,C"
"CA003075L48","2008-06","58.35","-119.7","579.0","RAINBOW LO, AB CA","0.0","5,C","14","5,C","12","5,C","2","5,C","","","0","5,C","0","5,C","0","5,C","0","5,C","7","5,C","0","5,C","2.0","5,C,09,","","","0","5,,C,30,+","49.0","5,,C,13,","26.5","5,C,02,","","","134.8","5,C","151.3","5,,,C","0","5,,,C","12.94","5,C","18.78","5,,,C","7.10","5,,,C"
"CA003075L48","2010-06","58.35","-119.7","579.0","RAINBOW LO, AB CA","0.0","5,C","10","5,C","6","5,C","0","5,C","","","0","5,C","0","5,C","0","5,C","0","5,C","9","5,C","0","5,C","1.3","5,C,07,","","","0","5,,C,30,+","7.4","5,,C,21,+","25.0","5,C,20,+","","","109.9","5,C","36.6","5,,,C","0","5,,,C","13.94","5,C","20.02","5,,,C","7.85","5,,,C"
