"STATION","DATE","LATITUDE","LONGITUDE","ELEVATION","NAME","DP01","DP01_ATTRIBUTES","DP10","DP10_ATTRIBUTES","DP1X","DP1X_ATTRIBUTES","DT00","DT00_ATTRIBUTES","DT32","DT32_ATTRIBUTES","DX32","DX32_ATTRIBUTES","DX70","DX70_ATTRIBUTES","DX90","DX90_ATTRIBUTES","EMNT","EMNT_ATTRIBUTES","EMXP","EMXP_ATTRIBUTES","EMXT","EMXT_ATTRIBUTES","PRCP","PRCP_ATTRIBUTES","TMAX","TMAX_ATTRIBUTES","TMIN","TMIN_ATTRIBUTES"
"FP000091958","1973-06","-27.617","-144.333","2.0","RAPA, FP","3","4,I","3","4,I","0","4,I","","","","","","","","","","","","","8.6","4,,I,11,","","","21.3","4,,,I","","","",""
"FP000091958","1973-08","-27.617","-144.333","2.0","RAPA, FP","1","2,I","1","2,I","1","2,I","","","","","","","","","","","","","66.0","2,,I,06,","","","66.0","2,,,I","","","",""
"FP000091958","1973-09","-27.617","-144.333","2.0","RAPA, FP","0","1,I","0","1,I","0","1,I","","","","","","","","","","","","","0.0","1,,I,30,+","","","0.0","1,,,I","","","",""
"FP000091958","1973-10","-27.617","-144.333","2.0","RAPA, FP","1","2,I","0","2,I","0","2,I","","","","","","","","","","","","","2.0","2,,I,08,","","","2.0","2,,,I","","","",""
"FP000091958","1973-11","-27.617","-144.333","2.0","RAPA, FP","2","4,I","2","4,I","1","4,I","","","","","","","","","","","","","127.5","4,,I,06,","","","150.6","4,,,I","","","",""
"FP000091958","1973-12","-27.617","-144.333","2.0","RAPA, FP","0","4,I","0","4,I","0","4,I","","","","","","","","","","","","","0.0","4,,I,31,+","","","0.0","4,,,I","","","",""
"FP000091958","1974-01","-27.617","-144.333","2.0","RAPA, FP","0","1,I","0","1,I","0","1,I","","","","","","","","","","","","","0.0","1,,I,31,+","","","0.0","1,,,I","","","",""
"FP000091958","1974-02","-27.617","-144.333","2.0","RAPA, FP","2","4,I","0","4,I","0","4,I","","","","","","","","","","","","","2.0","4,,I,15,","","","3.0","4,,,I","","","",""
"FP000091958","1974-03","-27.617","-144.333","2.0","RAPA, FP","3","5,I","3","5,I","0","5,I","","","","","","","","","","","","","22.1","5,,I,17,","","","41.9","5,,,I","","","",""
"FP000091958","1974-05","-27.617","-144.333","2.0","RAPA, FP","2","5,I","1","5,I","1","5,I","","","","","","","","","","","","","34.0","5,,I,13,","","","35.0","5,,,I","","","",""
"FP000091958","1974-08","-27.617","-144.333","2.0","RAPA, FP","0","3,I","0","3,I","0","3,I","","","","","","","","","","","","","0.0","3,,I,31,+","","","0.0","3,,,I","","","",""
"FP000091958","1974-09","-27.617","-144.333","2.0","RAPA, FP","0","5,I","0","5,I","0","5,I","","","","","","","","","","","","","0.0","5,,I,30,+","","","0.0","5,,,I","","","",""
"FP000091958","1974-10","-27.617","-144.333","2.0","RAPA, FP","1","3,I","1","3,I","1","3,I","","","","","","","","","","","","","29.0","3,,I,07,","","","29.0","3,,,I","","","",""
"FP000091958","1974-11","-27.617","-144.333","2.0","RAPA, FP","0","1,I","0","1,I","0","1,I","","","","","","","","","","","","","0.0","1,,I,30,+","","","0.0","1,,,I","","","",""
"FP000091958","1976-10","-27.617","-144.333","2.0","RAPA, FP","0","2,I","0","2,I","0","2,I","","","","","","","","","","","","","0.0","2,,I,31,+","","","0.0","2,,,I","","","",""
"FP000091958","1976-11","-27.617","-144.333","2.0","RAPA, FP","1","4,I","0","4,I","0","4,I","","","","","","","","","","","","","1.0","4,,I,08,","","","1.0","4,,,I","","","",""
"FP000091958","1977-01","-27.617","-144.333","2.0","RAPA, FP","1","3,I","1","3,I","0","3,I","","","","","","","","","","","","","4.1","3,,I,10,","","","4.1","3,,,I","","","",""
"FP000091958","1977-02","-27.617","-144.333","2.0","RAPA, FP","0","5,I","0","5,I","0","5,I","","","","","","","","","","","","","0.0","5,,I,28,+","","","0.0","5,,,I","","","",""
"FP000091958","1977-06","-27.617","-144.333","2.0","RAPA, FP","1","3,I","1","3,I","0","3,I","","","","","","","","","","","","","9.9","3,,I,27,","","","9.9","3,,,I","","","",""
"FP000091958","1977-07","-27.617","-144.333","2.0","RAPA, FP","2","4,I","2","4,I","0","4,I","","","","","","","","","","","","","10.9","4,,I,17,","","","20.8","4,,,I","","","",""
"FP000091958","1977-09","-27.617","-144.333","2.0","RAPA, FP","1","5,I","1","5,I","0","5,I","","","","","","","","","","","","","8.9","5,,I,10,","","","8.9","5,,,I","","","",""
"FP000091958","1977-10","-27.617","-144.333","2.0","RAPA, FP","0","4,I","0","4,I","0","4,I","","","","","","","","","","","","","0.0","4,,I,31,+","","","0.0","4,,,I","","","",""
"FP000091958","1977-11","-27.617","-144.333","2.0","RAPA, FP","1","4,I","1","4,I","0","4,I","","","","","","","","","","","","","8.9","4,,I,13,","","","8.9","4,,,I","","","",""
"FP000091958","1977-12","-27.617","-144.333","2.0","RAPA, FP","0","3,I","0","3,I","0","3,I","","","","","","","","","","","","","0.0","3,,I,31,+","","","0.0","3,,,I","","","",""
"FP000091958","1978-01","-27.617","-144.333","2.0","RAPA, FP","2","3,I","2","3,I","0","3,I","","","","","","","","","","","","","10.9","3,,I,08,+","","","21.8","3,,,I","","","",""
"FP000091958","1978-03","-27.617","-144.333","2.0","RAPA, FP","0","2,I","0","2,I","0","2,I","","","","","","","","","","","","","0.0","2,,I,31,+","","","0.0","2,,,I","","","",""
"FP000091958","1978-04","-27.617","-144.333","2.0","RAPA, FP","0","4,I","0","4,I","0","4,I","","","","","","","","","","","","","0.0","4,,I,30,+","","","0.0","4,,,I","","","",""
"FP000091958","1978-05","-27.617","-144.333","2.0","RAPA, FP","0","2,I","0","2,I","0","2,I","","","","","","","","","","","","","0.0","2,,I,31,+","","","0.0","2,,,I","","","",""
"FP000091958","1978-08","-27.617","-144.333","2.0","RAPA, FP","1","3,I","1","3,I","0","3,I","","","","","","","","","","","","","8.9","3,,I,25,","","","8.9","3,,,I","","","",""
"FP000091958","1978-09","-27.617","-144.333","2.0","RAPA, FP","1","5,I","1","5,I","0","5,I","","","","","","","","","","","","","8.9","5,,I,10,","","","8.9","5,,,I","","","",""
"FP000091958","1978-11","-27.617","-144.333","2.0","RAPA, FP","0","3,I","0","3,I","0","3,I","","","","","","","","","","","","","0.0","3,,I,30,+","","","0.0","3,,,I","","","",""
"FP000091958","1978-12","-27.617","-144.333","2.0","RAPA, FP","1","3,I","1","3,I","0","3,I","","","","","","","","","","","","","7.9","3,,I,31,","","","7.9","3,,,I","","","",""
"FP000091958","1979-01","-27.617","-144.333","2.0","RAPA, FP","","","","","","","","","","","0","4,I","27","4,I","0","4,I","","","","","27.0","4,I,27,","","","24.52","4,,,I","",""
"FP000091958","1979-02","-27.617","-144.333","2.0","RAPA, FP","0","2,I","0","2,I","0","2,I","","","","","","","","","","","","","0.0","2,,I,28,+","","","0.0","2,,,I","","","",""
"FP000091958","1979-04","-27.617","-144.333","2.0","RAPA, FP","1","4,I","1","4,I","0","4,I","","","","","0","5,I","25","5,I","0","5,I","","","8.9","4,,I,20,","26.0","5,I,09,","8.9","4,,,I","23.40","5,,,I","",""
"FP000091958","1979-05","-27.617","-144.333","2.0","RAPA, FP","","","","","","","","","","","0","4,I","23","4,I","0","4,I","","","","","24.0","4,I,21,+","","","22.56","4,,,I","",""
"FP000091958","1979-06","-27.617","-144.333","2.0","RAPA, FP","1","4,I","0","4,I","0","4,I","","","","","","","","","","","","","0.5","4,,I,10,","","","0.5","4,,,I","","","",""
"FP000091958","1979-08","-27.617","-144.333","2.0","RAPA, FP","0","3,I","0","3,I","0","3,I","","","","","","","","","","","","","0.0","3,,I,31,+","","","0.0","3,,,I","","","",""
"FP000091958","1979-11","-27.617","-144.333","2.0","RAPA, FP","0","5,I","0","5,I","0","5,I","","","","","","","","","","","","","0.0","5,,I,30,+","","","0.0","5,,,I","","","",""
"FP000091958","1980-04","-27.617","-144.333","2.0","RAPA, FP","1","5,I","1","5,I","0","5,I","","","","","0","4,I","26","4,I","0","4,I","","","8.9","5,,I,26,","27.0","4,I,14,","8.9","5,,,I","24.27","4,,,I","",""
"FP000091958","1980-06","-27.617","-144.333","2.0","RAPA, FP","1","5,I","1","5,I","0","5,I","","","","","","","","","","","","","7.9","5,,I,01,","","","7.9","5,,,I","","","",""
"FP000091958","1980-07","-27.617","-144.333","2.0","RAPA, FP","2","5,I","2","5,I","0","5,I","","","","","","","","","","","","","7.9","5,,I,22,","","","13.0","5,,,I","","","",""
"FP000091958","1980-10","-27.617","-144.333","2.0","RAPA, FP","0","5,I","0","5,I","0","5,I","","","","","0","5,I","5","5,I","0","5,I","","","0.0","5,,I,31,+","23.0","5,I,16,+","0.0","5,,,I","20.46","5,,,I","",""
"FP000091958","1980-11","-27.617","-144.333","2.0","RAPA, FP","0","4,I","0","4,I","0","4,I","","","","","0","5,I","18","5,I","0","5,I","","","0.0","4,,I,30,+","25.0","5,I,22,+","0.0","4,,,I","22.16","5,,,I","",""
"FP000091958","1980-12","-27.617","-144.333","2.0","RAPA, FP","2","5,I","2","5,I","0","5,I","","","","","","","","","","","","","8.9","5,,I,07,","","","14.0","5,,,I","","","",""
"FP000091958","1981-01","-27.617","-144.333","2.0","RAPA, FP","","","","","","","","","","","0","5,I","26","5,I","0","5,I","","","","","28.0","5,I,20,+","","","25.50","5,,,I","",""
"FP000091958","1981-03","-27.617","-144.333","2.0","RAPA, FP","","","","","","","","","","","0","5,I","26","5,I","0","5,I","","","","","28.0","5,I,06,","","","25.35","5,,,I","",""
"FP000091958","1981-04","-27.617","-144.333","2.0","RAPA, FP","2","3,I","1","3,I","0","3,I","","","","","","","","","","","","","7.9","3,,I,08,","","","8.9","3,,,I","","","",""
"FP000091958","1981-05","-27.617","-144.333","2.0","RAPA, FP","1","2,I","1","2,I","0","2,I","","","","","","","","","","","","","8.9","2,,I,28,","","","8.9","2,,,I","","","",""
"FP000091958","1981-07","-27.617","-144.333","2.0","RAPA, FP","3","4,I","3","4,I","0","4,I","","","","","","","","","","","","","13.0","4,,I,05,","","","28.0","4,,,I","","","",""
"FP000091958","1981-08","-27.617","-144.333","2.0","RAPA, FP","3","3,I","3","3,I","0","3,I","","","","","","","","","","","","","9.9","3,,I,26,","","","24.1","3,,,I","","","",""
"FP000091958","1981-11","-27.617","-144.333","2.0","RAPA, FP","","","","","","","","","","","0","2,I","22","2,I","0","2,I","","","","","25.0","2,I,29,+","","","22.57","2,,,I","",""
"FP000091958","1981-12","-27.617","-144.333","2.0","RAPA, FP","1","5,I","1","5,I","0","5,I","0","4,I","0","4,I","","","","","","","14.0","4,I,02,","7.9","5,,I,20,","","","7.9","5,,,I","","","19.74","4,,,I"
"FP000091958","1982-04","-27.617","-144.333","2.0","RAPA, FP","22","3,I","17","3,I","10","3,I","","","","","","","","","","","","","109.0","3,,I,14,","","","613.2","3,,,I","","","",""
"FP000091958","1982-11","-27.617","-144.333","2.0","RAPA, FP","16","2,I","10","2,I","2","2,I","","","","","","","","","","","","","52.1","2,,I,12,","","","179.9","2,,,I","","","",""
"FP000091958","1983-01","-27.617","-144.333","2.0","RAPA, FP","13","5,I","4","5,I","0","5,I","","","","","","","","","","","","","9.9","5,,I,07,","","","28.4","5,,,I","","","",""
"FP000091958","1983-02","-27.617","-144.333","2.0","RAPA, FP","13","2,I","11","2,I","5","2,I","","","","","","","","","","","","","268.0","2,,I,28,","","","589.1","2,,,I","","","",""
"FP000091958","1983-04","-27.617","-144.333","2.0","RAPA, FP","12","3,I","3","3,I","1","3,I","","","","","","","","","","","","","49.0","3,,I,14,","","","89.2","3,,,I","","","",""
"FP000091958","1983-05","-27.617","-144.333","2.0","RAPA, FP","16","4,I","9","4,I","4","4,I","","","","","","","","","","","","","57.9","4,,I,03,","","","217.4","4,,,I","","","",""
"FP000091958","1983-06","-27.617","-144.333","2.0","RAPA, FP","20","1,I","13","1,I","2","1,I","","","","","","","","","","","","","35.1","1,,I,15,","","","189.8","1,,,I","","","",""
"FP000091958","1983-09","-27.617","-144.333","2.0","RAPA, FP","8","5,I","6","5,I","2","5,I","","","","","","","","","","","","","47.0","5,,I,22,","","","122.0","5,,,I","","","",""
"FP000091958","1983-11","-27.617","-144.333","2.0","RAPA, FP","","","","","","","0","4,I","0","4,I","","","","","","","14.0","4,I,12,","","","","","","","","","18.37","4,,,I"
"FP000091958","1983-12","-27.617","-144.333","2.0","RAPA, FP","19","2,I","11","2,I","4","2,I","","","","","0","5,I","24","5,I","0","5,I","","","68.1","2,,I,31,","25.2","5,I,13,","247.3","2,,,I","23.05","5,,,I","",""
"FP000091958","1984-01","-27.617","-144.333","2.0","RAPA, FP","16","5,I","12","5,I","0","5,I","","","","","","","","","","","","","20.1","5,,I,23,+","","","136.6","5,,,I","","","",""
"FP000091958","1984-03","-27.617","-144.333","2.0","RAPA, FP","12","4,I","8","4,I","2","4,I","","","","","","","","","","","","","206.0","4,,I,30,","","","318.0","4,,,I","","","",""
"FP000091958","1984-04","-27.617","-144.333","2.0","RAPA, FP","21",",I","11",",I","2",",I","","","","","","","","","","","","","46.0",",,I,07,","","","158.6",",,,I","","","",""
"FP000091958","1984-05","-27.617","-144.333","2.0","RAPA, FP","16","4,I","11","4,I","2","4,I","","","","","","","","","","","","","41.4","4,,I,22,","","","169.0","4,,,I","","","",""
"FP000091958","1984-06","-27.617","-144.333","2.0","RAPA, FP","20","3,I","9","3,I","0","3,I","","","","","","","","","","","","","21.1","3,,I,17,","","","85.9","3,,,I","","","",""
"FP000091958","1984-07","-27.617","-144.333","2.0","RAPA, FP","20","4,I","12","4,I","4","4,I","","","","","","","","","","","","","153.9","4,,I,25,","","","364.8","4,,,I","","","",""
"FP000091958","1984-09","-27.617","-144.333","2.0","RAPA, FP","14","4,I","6","4,I","1","4,I","","","","","","","","","","","","","37.1","4,,I,07,","","","89.3","4,,,I","","","",""
"FP000091958","1984-10","-27.617","-144.333","2.0","RAPA, FP","21","4,I","14","4,I","1","4,I","","","","","","","","","","","","","32.0","4,,I,22,","","","117.9","4,,,I","","","",""
"FP000091958","1984-11","-27.617","-144.333","2.0","RAPA, FP","22","3,I","14","3,I","4","3,I","","","","","","","","","","","","","83.1","3,,I,09,","","","326.9","3,,,I","","","",""
"FP000091958","1984-12","-27.617","-144.333","2.0","RAPA, FP","6","5,I","2","5,I","0","5,I","","","","","","","","","","","","","19.1","5,,I,28,","","","31.9","5,,,I","","","",""
"FP000091958","1985-02","-27.617","-144.333","2.0","RAPA, FP","10","4,I","6","4,I","1","4,I","","","","","0","5,I","23","5,I","0","5,I","","","43.9","4,,I,19,","30.4","5,I,07,","102.0","4,,,I","27.20","5,,,I","",""
"FP000091958","1985-05","-27.617","-144.333","2.0","RAPA, FP","17","1,I","9","1,I","5","1,I","","","","","","","","","","","","","95.0","1,,I,29,","","","309.2","1,,,I","","","",""
"FP000091958","1985-06","-27.617","-144.333","2.0","RAPA, FP","20","4,I","12","4,I","4","4,I","","","","","","","","","","","","","82.0","4,,I,07,","","","280.6","4,,,I","","","",""
"FP000091958","1985-10","-27.617","-144.333","2.0","RAPA, FP","14","5,I","4","5,I","1","5,I","","","","","","","","","","","","","30.0","5,,I,09,","","","55.8","5,,,I","","","",""
"FP000091958","1985-11","-27.617","-144.333","2.0","RAPA, FP","21","3,I","13","3,I","3","3,I","","","","","","","","","","","","","140.0","3,,I,11,","","","331.6","3,,,I","","","",""
"FP000091958","1986-01","-27.617","-144.333","2.0","RAPA, FP","23","1,I","15","1,I","7","1,I","","","","","","","","","","","","","62.0","1,,I,07,","","","342.8","1,,,I","","","",""
"FP000091958","1986-02","-27.617","-144.333","2.0","RAPA, FP","16","1,I","5","1,I","1","1,I","","","","","","","","","","","","","31.0","1,,I,01,","","","78.1","1,,,I","","","",""
"FP000091958","1986-03","-27.617","-144.333","2.0","RAPA, FP","17","4,I","11","4,I","3","4,I","","","","","","","","","","","","","89.9","4,,I,15,","","","285.2","4,,,I","","","",""
"FP000091958","1986-04","-27.617","-144.333","2.0","RAPA, FP","13","5,I","7","5,I","1","5,I","","","","","","","","","","","","","73.9","5,,I,27,","","","128.3","5,,,I","","","",""
"FP000091958","1986-09","-27.617","-144.333","2.0","RAPA, FP","19","1,I","13","1,I","1","1,I","","","","","","","","","","","","","27.9","1,,I,12,","","","124.7","1,,,I","","","",""
"FP000091958","1986-12","-27.617","-144.333","2.0","RAPA, FP","21","3,I","15","3,I","5","3,I","","","","","","","","","","","","","90.9","3,,I,21,","","","330.4","3,,,I","","","",""
"FP000091958","1987-01","-27.617","-144.333","2.0","RAPA, FP","14","4,I","8","4,I","2","4,I","","","","","","","","","","","","","72.9","4,,I,04,","","","173.9","4,,,I","","","",""
"FP000091958","1987-05","-27.617","-144.333","2.0","RAPA, FP","15","3,I","8","3,I","3","3,I","","","","","","","","","","","","","40.9","3,,I,24,","","","171.8","3,,,I","","","",""
"FP000091958","1987-06","-27.617","-144.333","2.0","RAPA, FP","15","2,I","6","2,I","1","2,I","","","","","","","","","","","","","57.9","2,,I,10,","","","111.0","2,,,I","","","",""
"FP000091958","1987-07","-27.617","-144.333","2.0","RAPA, FP","25",",I","15",",I","0",",I","","","","","0","5,I","6","5,I","0","5,I","","","23.1",",,I,01,","22.5","5,I,04,","166.6",",,,I","20.22","5,,,I","",""
"FP000091958","1987-08","-27.617","-144.333","2.0","RAPA, FP","19","4,I","11","4,I","0","4,I","","","","","","","","","","","","","23.1","4,,I,20,+","","","137.1","4,,,I","","","",""
"FP000091958","1987-11","-27.617","-144.333","2.0","RAPA, FP","","","","","","","","","","","0","5,I","22","5,I","0","5,I","","","","","24.3","5,I,20,","","","22.05","5,,,I","",""
"FP000091958","1987-12","-27.617","-144.333","2.0","RAPA, FP","14","4,I","9","4,I","1","4,I","","","","","","","","","","","","","32.0","4,,I,31,","","","87.0","4,,,I","","","",""
"FP000091958","1988-02","-27.617","-144.333","2.0","RAPA, FP","","","","","","","","","","","0","3,I","26","3,I","0","3,I","","","","","26.2","3,I,06,","","","25.05","3,,,I","",""
"FP000091958","1988-03","-27.617","-144.333","2.0","RAPA, FP","24",",I","14",",I","3",",I","","","","","","","","","","","","","111.0",",,I,10,","","","313.4",",,,I","","","",""
"FP000091958","1988-05","-27.617","-144.333","2.0","RAPA, FP","17","2,I","8","2,I","2","2,I","","","","","","","","","","","","","106.9","2,,I,31,","","","215.2","2,,,I","","","",""
"FP000091958","1988-08","-27.617","-144.333","2.0","RAPA, FP","15","3,I","10","3,I","4","3,I","","","","","","","","","","","","","61.5","3,,I,24,","","","267.3","3,,,I","","","",""
"FP000091958","1988-09","-27.617","-144.333","2.0","RAPA, FP","16","2,I","7","2,I","1","2,I","","","","","","","","","","","","","42.9","2,,I,01,","","","105.7","2,,,I","","","",""
"FP000091958","1988-10","-27.617","-144.333","2.0","RAPA, FP","18","3,I","8","3,I","0","3,I","","","","","","","","","","","","","16.0","3,,I,18,","","","70.4","3,,,I","","","",""
"FP000091958","1988-11","-27.617","-144.333","2.0","RAPA, FP","22","4,I","13","4,I","3","4,I","","","","","","","","","","","","","117.1","4,,I,27,","","","388.7","4,,,I","","","",""
"FP000091958","1988-12","-27.617","-144.333","2.0","RAPA, FP","14","3,I","9","3,I","3","3,I","","","","","","","","","","","","","150.1","3,,I,28,","","","310.4","3,,,I","","","",""
"FP000091958","1989-01","-27.617","-144.333","2.0","RAPA, FP","20","1,I","13","1,I","3","1,I","","","","","","","","","","","","","47.0","1,,I,20,","","","232.7","1,,,I","","","",""
"FP000091958","1989-02","-27.617","-144.333","2.0","RAPA, FP","13","5,I","7","5,I","0","5,I","","","","","0","5,I","23","5,I","0","5,I","","","21.1","5,,I,05,","28.6","5,I,28,","73.8","5,,,I","26.78","5,,,I","",""
"FP000091958","1989-03","-27.617","-144.333","2.0","RAPA, FP","19","1,I","12","1,I","5","1,I","","","","","","","","","","","","","169.9","1,,I,17,","","","428.6","1,,,I","","","",""
"FP000091958","1989-04","-27.617","-144.333","2.0","RAPA, FP","18","4,I","13","4,I","2","4,I","","","","","","","","","","","","","55.9","4,,I,23,","","","199.5","4,,,I","","","",""
"FP000091958","1989-12","-27.617","-144.333","2.0","RAPA, FP","20","3,I","16","3,I","5","3,I","","","","","","","","","","","","","84.1","3,,I,06,","","","425.9","3,,,I","","","",""
"FP000091958","1990-01","-27.617","-144.333","2.0","RAPA, FP","9","5,I","4","5,I","0","5,I","","","","","","","","","","","","","9.9","5,,I,04,","","","27.1","5,,,I","","","",""
"FP000091958","1990-03","-27.617","-144.333","2.0","RAPA, FP","18","5,I","9","5,I","1","5,I","","","","","","","","","","","","","35.1","5,,I,18,","","","133.0","5,,,I","","","",""
"FP000091958","1990-06","-27.617","-144.333","2.0","RAPA, FP","20","1,I","13","1,I","3","1,I","","","","","","","","","","","","","58.9","1,,I,02,","","","252.6","1,,,I","","","",""
"FP000091958","1990-07","-27.617","-144.333","2.0","RAPA, FP","25",",I","11",",I","5",",I","","","","","","","","","","","","","80.0",",,I,11,","","","295.0",",,,I","","","",""
"FP000091958","1990-08","-27.617","-144.333","2.0","RAPA, FP","19",",I","13",",I","1",",I","","","","","","","","","","","","","26.9",",,I,03,","","","126.1",",,,I","","","",""
"FP000091958","1990-09","-27.617","-144.333","2.0","RAPA, FP","18","3,I","10","3,I","2","3,I","","","","","","","","","","","","","66.0","3,,I,04,","","","174.0","3,,,I","","","",""
"FP000091958","1990-10","-27.617","-144.333","2.0","RAPA, FP","18","1,I","13","1,I","2","1,I","","","","","","","","","","","","","87.9","1,,I,27,","","","228.6","1,,,I","","","",""
"FP000091958","1990-11","-27.617","-144.333","2.0","RAPA, FP","19",",I","12",",I","3",",I","","","","","","","","","","","","","55.1",",,I,04,","","","201.3",",,,I","","","",""
"FP000091958","1990-12","-27.617","-144.333","2.0","RAPA, FP","9","1,I","4","1,I","1","1,I","","","","","","","","","","","","","47.0","1,,I,02,","","","66.5","1,,,I","","","",""
"FP000091958","1991-01","-27.617","-144.333","2.0","RAPA, FP","8","2,I","7","2,I","2","2,I","","","","","","","","","","","","","64.0","2,,I,17,","","","145.6","2,,,I","","","",""
"FP000091958","1991-02","-27.617","-144.333","2.0","RAPA, FP","15",",I","10",",I","1",",I","","","","","","","","","","","","","26.9",",,I,04,","","","83.0",",,,I","","","",""
"FP000091958","1991-03","-27.617","-144.333","2.0","RAPA, FP","18",",I","11",",I","2",",I","","","","","","","","","","","","","54.1",",,I,02,","","","213.5",",,,I","","","",""
"FP000091958","1991-04","-27.617","-144.333","2.0","RAPA, FP","24",",I","12",",I","1",",I","","","","","","","","","","","","","25.9",",,I,04,","","","139.1",",,,I","","","",""
"FP000091958","1991-05","-27.617","-144.333","2.0","RAPA, FP","19",",I","14",",I","3",",I","","","","","","","","","","","","","67.1",",,I,11,","","","220.5",",,,I","","","",""
"FP000091958","1991-06","-27.617","-144.333","2.0","RAPA, FP","17","1,I","9","1,I","0","1,I","","","","","","","","","","","","","23.9","1,,I,22,","","","88.8","1,,,I","","","",""
"FP000091958","1991-07","-27.617","-144.333","2.0","RAPA, FP","21",",I","12",",I","1",",I","","","","","","","","","","","","","38.1",",,I,10,","","","108.9",",,,I","","","",""
"FP000091958","1991-08","-27.617","-144.333","2.0","RAPA, FP","15",",I","9",",I","1",",I","","","","","","","","","","","","","48.0",",,I,08,","","","130.1",",,,I","","","",""
"FP000091958","1991-09","-27.617","-144.333","2.0","RAPA, FP","21",",I","16",",I","1",",I","","","","","","","","","","","","","42.9",",,I,30,","","","162.6",",,,I","","","",""
"FP000091958","1991-10","-27.617","-144.333","2.0","RAPA, FP","19",",I","13",",I","1",",I","","","","","","","","","","","","","42.9",",,I,16,","","","147.9",",,,I","","","",""
"FP000091958","1991-11","-27.617","-144.333","2.0","RAPA, FP","9","2,I","4","2,I","1","2,I","","","","","","","","","","","","","27.9","2,,I,22,","","","64.5","2,,,I","","","",""
"FP000091958","1991-12","-27.617","-144.333","2.0","RAPA, FP","11","1,I","7","1,I","0","1,I","","","","","","","","","","","","","13.0","1,,I,18,","","","52.8","1,,,I","","","",""
"FP000091958","1992-01","-27.617","-144.333","2.0","RAPA, FP","9",",I","4",",I","0",",I","","","","","","","","","","","","","23.9",",,I,23,","","","51.0",",,,I","","","",""
"FP000091958","1992-02","-27.617","-144.333","2.0","RAPA, FP","9",",I","4",",I","2",",I","","","","","","","","","","","","","57.9",",,I,21,","","","113.9",",,,I","","","",""
"FP000091958","1992-03","-27.617","-144.333","2.0","RAPA, FP","23",",I","17",",I","4",",I","","","","","","","","","","","","","43.9",",,I,22,","","","285.0",",,,I","","","",""
"FP000091958","1992-04","-27.617","-144.333","2.0","RAPA, FP","16",",I","11",",I","3",",I","","","","","","","","","","","","","56.9",",,I,12,","","","228.1",",,,I","","","",""
"FP000091958","1992-05","-27.617","-144.333","2.0","RAPA, FP","13",",I","5",",I","1",",I","","","","","","","","","","","","","63.0",",,I,21,","","","101.9",",,,I","","","",""
"FP000091958","1992-06","-27.617","-144.333","2.0","RAPA, FP","23",",I","16",",I","3",",I","","","","","","","","","","","","","48.0",",,I,25,","","","249.7",",,,I","","","",""
"FP000091958","1992-07","-27.617","-144.333","2.0","RAPA, FP","20","1,I","15","1,I","3","1,I","","","","","","","","","","","","","190.0","1,,I,07,","","","461.0","1,,,I","","","",""
"FP000091958","1992-08","-27.617","-144.333","2.0","RAPA, FP","19",",I","15",",I","3",",I","","","","","","","","","","","","","66.0",",,I,20,","","","251.1",",,,I","","","",""
"FP000091958","1992-09","-27.617","-144.333","2.0","RAPA, FP","17",",I","12",",I","3",",I","","","","","","","","","","","","","61.0",",,I,07,","","","248.2",",,,I","","","",""
"FP000091958","1992-10","-27.617","-144.333","2.0","RAPA, FP","14","1,I","9","1,I","3","1,I","","","","","","","","","","","","","58.9","1,,I,29,","","","184.9","1,,,I","","","",""
"FP000091958","1992-11","-27.617","-144.333","2.0","RAPA, FP","17","3,I","10","3,I","3","3,I","","","","","","","","","","","","","65.0","3,,I,01,","","","197.9","3,,,I","","","",""
"FP000091958","1992-12","-27.617","-144.333","2.0","RAPA, FP","13","3,I","7","3,I","2","3,I","","","","","","","","","","","","","89.9","3,,I,17,","","","194.0","3,,,I","","","",""
"FP000091958","1993-01","-27.617","-144.333","2.0","RAPA, FP","11","2,I","10","2,I","2","2,I","","","","","","","","","","","","","39.1","2,,I,04,","","","153.4","2,,,I","","","",""
"FP000091958","1993-02","-27.617","-144.333","2.0","RAPA, FP","15","2,I","9","2,I","1","2,I","","","","","","","","","","","","","38.1","2,,I,09,","","","117.0","2,,,I","","","",""
"FP000091958","1993-04","-27.617","-144.333","2.0","RAPA, FP","20","1,I","14","1,I","3","1,I","","","","","","","","","","","","","45.0","1,,I,06,","","","208.1","1,,,I","","","",""
"FP000091958","1993-05","-27.617","-144.333","2.0","RAPA, FP","17","5,I","10","5,I","2","5,I","","","","","","","","","","","","","35.1","5,,I,12,","","","133.6","5,,,I","","","",""
"FP000091958","1993-07","-27.617","-144.333","2.0","RAPA, FP","20","4,I","12","4,I","4","4,I","","","","","","","","","","","","","81.0","4,,I,28,","","","344.5","4,,,I","","","",""
"FP000091958","1993-08","-27.617","-144.333","2.0","RAPA, FP","15","4,I","8","4,I","3","4,I","","","","","","","","","","","","","38.1","4,,I,05,","","","140.5","4,,,I","","","",""
"FP000091958","1993-09","-27.617","-144.333","2.0","RAPA, FP","12",",I","6",",I","2",",I","","","","","","","","","","","","","46.0",",,I,24,","","","141.2",",,,I","","","",""
"FP000091958","1993-11","-27.617","-144.333","2.0","RAPA, FP","9","4,I","1","4,I","0","4,I","","","","","","","","","","","","","4.1","4,,I,24,","","","13.7","4,,,I","","","",""
"FP000091958","1993-12","-27.617","-144.333","2.0","RAPA, FP","18","2,I","9","2,I","4","2,I","","","","","","","","","","","","","65.0","2,,I,28,","","","255.5","2,,,I","","","",""
"FP000091958","1994-01","-27.617","-144.333","2.0","RAPA, FP","24",",I","17",",I","4",",I","","","","","","","","","","","","","75.9",",,I,07,","","","384.3",",,,I","","","",""
"FP000091958","1994-02","-27.617","-144.333","2.0","RAPA, FP","18","1,I","10","1,I","6","1,I","","","","","","","","","","","","","74.9","1,,I,18,","","","281.9","1,,,I","","","",""
"FP000091958","1994-03","-27.617","-144.333","2.0","RAPA, FP","18","2,I","11","2,I","5","2,I","","","","","","","","","","","","","125.0","2,,I,22,","","","385.9","2,,,I","","","",""
"FP000091958","1994-04","-27.617","-144.333","2.0","RAPA, FP","19","2,I","12","2,I","3","2,I","","","","","","","","","","","","","147.1","2,,I,02,","","","382.0","2,,,I","","","",""
"FP000091958","1994-05","-27.617","-144.333","2.0","RAPA, FP","16","2,I","9","2,I","3","2,I","","","","","","","","","","","","","48.0","2,,I,13,","","","161.9","2,,,I","","","",""
"FP000091958","1994-06","-27.617","-144.333","2.0","RAPA, FP","15","2,I","8","2,I","1","2,I","","","","","","","","","","","","","55.1","2,,I,26,","","","105.0","2,,,I","","","",""
"FP000091958","1994-07","-27.617","-144.333","2.0","RAPA, FP","21","2,I","12","2,I","2","2,I","","","","","","","","","","","","","136.9","2,,I,25,","","","261.5","2,,,I","","","",""
"FP000091958","1994-08","-27.617","-144.333","2.0","RAPA, FP","21","1,I","16","1,I","6","1,I","","","","","","","","","","","","","91.9","1,,I,27,","","","379.1","1,,,I","","","",""
"FP000091958","1994-09","-27.617","-144.333","2.0","RAPA, FP","16",",I","6",",I","1",",I","","","","","","","","","","","","","81.0",",,I,01,","","","143.8",",,,I","","","",""
"FP000091958","1994-10","-27.617","-144.333","2.0","RAPA, FP","12",",I","5",",I","0",",I","","","","","","","","","","","","","22.1",",,I,12,","","","47.8",",,,I","","","",""
"FP000091958","1994-11","-27.617","-144.333","2.0","RAPA, FP","14","3,I","11","3,I","3","3,I","","","","","","","","","","","","","62.0","3,,I,29,","","","230.7","3,,,I","","","",""
"FP000091958","1995-01","-27.617","-144.333","2.0","RAPA, FP","21",",I","13",",I","5",",I","","","","","","","","","","","","","89.9",",,I,03,","","","319.6",",,,I","","","",""
"FP000091958","1995-02","-27.617","-144.333","2.0","RAPA, FP","21",",I","13",",I","4",",I","","","","","","","","","","","","","126.0",",,I,07,","","","389.6",",,,I","","","",""
"FP000091958","1995-03","-27.617","-144.333","2.0","RAPA, FP","15","2,I","7","2,I","1","2,I","","","","","","","","","","","","","117.1","2,,I,26,","","","182.2","2,,,I","","","",""
"FP000091958","1995-04","-27.617","-144.333","2.0","RAPA, FP","16",",I","11",",I","2",",I","","","","","","","","","","","","","41.9",",,I,01,","","","175.0",",,,I","","","",""
"FP000091958","1995-05","-27.617","-144.333","2.0","RAPA, FP","17","1,I","9","1,I","1","1,I","","","","","","","","","","","","","34.0","1,,I,27,","","","89.6","1,,,I","","","",""
"FP000091958","1995-06","-27.617","-144.333","2.0","RAPA, FP","20",",I","11",",I","2",",I","","","","","","","","","","","","","200.9",",,I,29,","","","348.5",",,,I","","","",""
"FP000091958","1995-07","-27.617","-144.333","2.0","RAPA, FP","17",",I","12",",I","2",",I","","","","","","","","","","","","","33.0",",,I,06,+","","","149.9",",,,I","","","",""
"FP000091958","1995-08","-27.617","-144.333","2.0","RAPA, FP","22",",I","14",",I","5",",I","","","","","","","","","","","","","65.0",",,I,26,","","","362.9",",,,I","","","",""
"FP000091958","1995-09","-27.617","-144.333","2.0","RAPA, FP","19",",I","12",",I","1",",I","","","","","","","","","","","","","50.0",",,I,02,","","","184.0",",,,I","","","",""
"FP000091958","1995-10","-27.617","-144.333","2.0","RAPA, FP","19","3,I","14","3,I","5","3,I","","","","","","","","","","","","","89.9","3,,I,27,","","","407.8","3,,,I","","","",""
"FP000091958","1995-11","-27.617","-144.333","2.0","RAPA, FP","14",",I","5",",I","3",",I","","","","","","","","","","","","","103.9",",,I,21,","","","220.5",",,,I","","","",""
"FP000091958","1995-12","-27.617","-144.333","2.0","RAPA, FP","20",",I","12",",I","2",",I","","","","","","","","","","","","","87.1",",,I,06,","","","202.1",",,,I","","","",""
"FP000091958","1996-01","-27.617","-144.333","2.0","RAPA, FP","19",",I","13",",I","2",",I","","","","","","","","","","","","","129.0",",,I,31,","","","256.0",",,,I","","","",""
"FP000091958","1996-02","-27.617","-144.333","2.0","RAPA, FP","20",",I","16",",I","2",",I","","","","","","","","","","","","","63.0",",,I,13,","","","261.9",",,,I","","","",""
"FP000091958","1996-03","-27.617","-144.333","2.0","RAPA, FP","17","1,I","14","1,I","2","1,I","","","","","","","","","","","","","73.9","1,,I,19,","","","228.9","1,,,I","","","",""
"FP000091958","1996-04","-27.617","-144.333","2.0","RAPA, FP","21",",I","13",",I","4",",I","","","","","","","","","","","","","78.0",",,I,23,","","","302.0",",,,I","","","",""
"FP000091958","1996-05","-27.617","-144.333","2.0","RAPA, FP","16",",I","10",",I","3",",I","","","","","","","","","","","","","38.1",",,I,23,","","","180.3",",,,I","","","",""
"FP000091958","1996-06","-27.617","-144.333","2.0","RAPA, FP","18",",I","11",",I","3",",I","","","","","","","","","","","","","51.1",",,I,05,","","","238.6",",,,I","","","",""
"FP000091958","1996-07","-27.617","-144.333","2.0","RAPA, FP","21",",I","12",",I","4",",I","","","","","","","","","","","","","94.0",",,I,29,","","","306.9",",,,I","","","",""
"FP000091958","1996-08","-27.617","-144.333","2.0","RAPA, FP","14",",I","13",",I","3",",I","","","","","","","","","","","","","35.6",",,I,16,","","","184.6",",,,I","","","",""
"FP000091958","1996-09","-27.617","-144.333","2.0","RAPA, FP","18",",I","9",",I","1",",I","","","","","","","","","","","","","64.0",",,I,24,","","","151.0",",,,I","","","",""
"FP000091958","1996-10","-27.617","-144.333","2.0","RAPA, FP","11","3,I","6","3,I","1","3,I","","","","","","","","","","","","","55.9","3,,I,04,","","","113.6","3,,,I","","","",""
"FP000091958","1996-11","-27.617","-144.333","2.0","RAPA, FP","16",",I","10",",I","3",",I","","","","","","","","","","","","","131.1",",,I,16,","","","329.8",",,,I","","","",""
"FP000091958","1996-12","-27.617","-144.333","2.0","RAPA, FP","7","1,I","5","1,I","1","1,I","","","","","","","","","","","","","55.1","1,,I,29,","","","86.0","1,,,I","","","",""
"FP000091958","1997-01","-27.617","-144.333","2.0","RAPA, FP","11",",I","6",",I","3",",I","","","","","","","","","","","","","54.1",",,I,03,","","","190.2",",,,I","","","",""
"FP000091958","1997-02","-27.617","-144.333","2.0","RAPA, FP","7","1,I","4","1,I","0","1,I","","","","","","","","","","","","","13.0","1,,I,06,","","","28.2","1,,,I","","","",""
"FP000091958","1997-03","-27.617","-144.333","2.0","RAPA, FP","22",",I","13",",I","4",",I","","","","","","","","","","","","","150.1",",,I,09,","","","437.4",",,,I","","","",""
"FP000091958","1997-04","-27.617","-144.333","2.0","RAPA, FP","24","1,I","14","1,I","2","1,I","","","","","","","","","","","","","37.1","1,,I,04,","","","220.2","1,,,I","","","",""
"FP000091958","1997-05","-27.617","-144.333","2.0","RAPA, FP","20",",I","11",",I","2",",I","","","","","","","","","","","","","96.0",",,I,01,","","","230.4",",,,I","","","",""
"FP000091958","1997-06","-27.617","-144.333","2.0","RAPA, FP","22",",I","13",",I","2",",I","","","","","","","","","","","","","55.9",",,I,11,","","","190.4",",,,I","","","",""
"FP000091958","1997-07","-27.617","-144.333","2.0","RAPA, FP","15","1,I","8","1,I","1","1,I","","","","","","","","","","","","","26.9","1,,I,18,","","","126.9","1,,,I","","","",""
"FP000091958","1997-08","-27.617","-144.333","2.0","RAPA, FP","18",",I","8",",I","3",",I","","","","","","","","","","","","","71.9",",,I,11,","","","213.8",",,,I","","","",""
"FP000091958","1997-09","-27.617","-144.333","2.0","RAPA, FP","16","1,I","7","1,I","1","1,I","","","","","","","","","","","","","43.9","1,,I,23,","","","108.3","1,,,I","","","",""
"FP000091958","1997-10","-27.617","-144.333","2.0","RAPA, FP","16",",I","9",",I","2",",I","","","","","","","","","","","","","108.0",",,I,20,","","","221.8",",,,I","","","",""
"FP000091958","1997-11","-27.617","-144.333","2.0","RAPA, FP","16","1,I","15","1,I","4","1,I","","","","","","","","","","","","","77.0","1,,I,20,","","","296.1","1,,,I","","","",""
"FP000091958","1997-12","-27.617","-144.333","2.0","RAPA, FP","13","1,I","7","1,I","0","1,I","","","","","","","","","","","","","20.1","1,,I,12,","","","59.4","1,,,I","","","",""
"FP000091958","1998-01","-27.617","-144.333","2.0","RAPA, FP","11",",I","7",",I","1",",I","","","","","","","","","","","","","191.0",",,I,25,","","","244.3",",,,I","","","",""
"FP000091958","1998-02","-27.617","-144.333","2.0","RAPA, FP","12",",I","11",",I","4",",I","","","","","","","","","","","","","65.0",",,I,14,","","","266.7",",,,I","","","",""
"FP000091958","1998-03","-27.617","-144.333","2.0","RAPA, FP","15","2,I","8","2,I","2","2,I","","","","","","","","","","","","","126.0","2,,I,02,","","","198.5","2,,,I","","","",""
"FP000091958","1998-04","-27.617","-144.333","2.0","RAPA, FP","17",",I","8",",I","0",",I","","","","","","","","","","","","","7.1",",,I,23,","","","44.4",",,,I","","","",""
"FP000091958","1998-05","-27.617","-144.333","2.0","RAPA, FP","17",",I","8",",I","3",",I","","","","","","","","","","","","","39.9",",,I,17,","","","144.0",",,,I","","","",""
"FP000091958","1998-06","-27.617","-144.333","2.0","RAPA, FP","17","1,I","11","1,I","1","1,I","","","","","","","","","","","","","42.9","1,,I,28,","","","166.7","1,,,I","","","",""
"FP000091958","1998-07","-27.617","-144.333","2.0","RAPA, FP","23",",I","8",",I","1",",I","","","","","","","","","","","","","27.9",",,I,02,","","","107.5",",,,I","","","",""
"FP000091958","1998-08","-27.617","-144.333","2.0","RAPA, FP","21","1,I","12","1,I","2","1,I","","","","","","","","","","","","","43.9","1,,I,09,","","","133.6","1,,,I","","","",""
"FP000091958","1998-09","-27.617","-144.333","2.0","RAPA, FP","17",",I","10",",I","1",",I","","","","","","","","","","","","","64.0",",,I,13,","","","150.0",",,,I","","","",""
"FP000091958","1998-10","-27.617","-144.333","2.0","RAPA, FP","15",",I","9",",I","3",",I","","","","","","","","","","","","","135.9",",,I,10,","","","297.1",",,,I","","","",""
"FP000091958","1998-11","-27.617","-144.333","2.0","RAPA, FP","10",",I","7",",I","1",",I","","","","","","","","","","","","","43.9",",,I,30,","","","119.9",",,,I","","","",""
"FP000091958","1998-12","-27.617","-144.333","2.0","RAPA, FP","11","3,I","5","3,I","3","3,I","","","","","","","","","","","","","57.9","3,,I,29,","","","170.1","3,,,I","","","",""
"FP000091958","1999-10","-27.617","-144.333","2.0","RAPA, FP","8","3,I","2","3,I","0","3,I","","","","","","","","","","","","","15.0","3,,I,19,","","","24.3","3,,,I","","","",""
"FP000091958","1999-11","-27.617","-144.333","2.0","RAPA, FP","6","3,I","1","3,I","0","3,I","","","","","","","","","","","","","3.0","3,,I,10,","","","9.8","3,,,I","","","",""
"FP000091958","1999-12","-27.617","-144.333","2.0","RAPA, FP","4","3,I","2","3,I","0","3,I","","","","","","","","","","","","","18.0","3,,I,21,","","","34.0","3,,,I","","","",""
"FP000091958","2000-12","-27.617","-144.333","2.0","RAPA, FP","","","","","","","","","","","0","4,I","27","4,I","0","4,I","","","","","28.8","4,I,03,","","","24.67","4,,,I","",""
"FP000091958","2001-03","-27.617","-144.333","2.0","RAPA, FP","","","","","","","","","","","0","5,I","26","5,I","0","5,I","","","","","29.1","5,I,08,","","","27.22","5,,,I","",""
"FP000091958","2001-04","-27.617","-144.333","2.0","RAPA, FP","","","","","","","","","","","0","5,I","25","5,I","0","5,I","","","","","27.2","5,I,07,","","","24.75","5,,,I","",""
"FP000091958","2002-02","-27.617","-144.333","2.0","RAPA, FP","","","","","","","","","","","0","5,I","23","5,I","0","5,I","","","","","30.8","5,I,24,","","","28.63","5,,,I","",""
"FP000091958","2002-05","-27.617","-144.333","2.0","RAPA, FP","16","2,I","8","2,I","0","2,I","","","","","","","","","","","","","23.1","2,,I,19,","","","113.1","2,,,I","","","",""
"FP000091958","2002-09","-27.617","-144.333","2.0","RAPA, FP","16",",I","7",",I","1",",I","","","","","","","","","","","","","87.1",",,I,07,","","","151.8",",,,I","","","",""
"FP000091958","2002-10","-27.617","-144.333","2.0","RAPA, FP","14","1,I","10","1,I","2","1,I","","","","","","","","","","","","","48.0","1,,I,10,","","","150.8","1,,,I","","","",""
"FP000091958","2002-11","-27.617","-144.333","2.0","RAPA, FP","10",",I","4",",I","0",",I","","","","","","","","","","","","","14.0",",,I,11,","","","42.1",",,,I","","","",""
"FP000091958","2002-12","-27.617","-144.333","2.0","RAPA, FP","13","1,I","6","1,I","3","1,I","","","","","","","","","","","","","99.1","1,,I,09,","","","222.0","1,,,I","","","",""
"FP000091958","2003-01","-27.617","-144.333","2.0","RAPA, FP","19","1,I","17","1,I","6","1,I","","","","","","","","","","","","","82.0","1,,I,08,","","","383.1","1,,,I","","","",""
"FP000091958","2003-02","-27.617","-144.333","2.0","RAPA, FP","16",",I","10",",I","1",",I","","","","","0","4,I","24","4,I","0","4,I","","","25.9",",,I,23,","28.8","4,I,25,","109.3",",,,I","26.00","4,,,I","",""
"FP000091958","2003-03","-27.617","-144.333","2.0","RAPA, FP","21",",I","18",",I","4",",I","","","","","0","5,I","26","5,I","0","5,I","","","91.9",",,I,15,","27.8","5,I,16,","345.8",",,,I","25.47","5,,,I","",""
"FP000091958","2003-04","-27.617","-144.333","2.0","RAPA, FP","16",",I","9",",I","4",",I","","","","","0","5,I","25","5,I","0","5,I","","","39.1",",,I,25,","28.0","5,I,12,","216.3",",,,I","24.90","5,,,I","",""
"FP000091958","2003-05","-27.617","-144.333","2.0","RAPA, FP","17","3,I","10","3,I","1","3,I","","","","","","","","","","","","","32.0","3,,I,28,","","","112.8","3,,,I","","","",""
"FP000091958","2003-06","-27.617","-144.333","2.0","RAPA, FP","16",",I","8",",I","2",",I","","","","","","","","","","","","","69.1",",,I,23,","","","169.4",",,,I","","","",""
"FP000091958","2003-07","-27.617","-144.333","2.0","RAPA, FP","15",",I","4",",I","2",",I","","","","","","","","","","","","","47.0",",,I,15,","","","102.5",",,,I","","","",""
"FP000091958","2003-08","-27.617","-144.333","2.0","RAPA, FP","19","2,I","13","2,I","2","2,I","","","","","","","","","","","","","32.0","2,,I,08,","","","173.8","2,,,I","","","",""
"FP000091958","2003-09","-27.617","-144.333","2.0","RAPA, FP","13","2,I","5","2,I","0","2,I","","","","","","","","","","","","","18.0","2,,I,08,","","","43.6","2,,,I","","","",""
"FP000091958","2003-10","-27.617","-144.333","2.0","RAPA, FP","16","1,I","9","1,I","1","1,I","","","","","","","","","","","","","59.9","1,,I,20,","","","132.7","1,,,I","","","",""
"FP000091958","2003-11","-27.617","-144.333","2.0","RAPA, FP","16",",I","10",",I","2",",I","","","","","","","","","","","","","35.1",",,I,14,","","","153.4",",,,I","","","",""
"FP000091958","2003-12","-27.617","-144.333","2.0","RAPA, FP","20",",I","13",",I","3",",I","","","","","","","","","","","","","118.1",",,I,27,","","","327.2",",,,I","","","",""
"FP000091958","2004-01","-27.617","-144.333","2.0","RAPA, FP","","","","","","","","","","","0","3,S","28","3,S","0","3,S","","","","","27.4","3,S,10,","","","24.70","3,,,S","",""
"FP000091958","2004-03","-27.617","-144.333","2.0","RAPA, FP","","","","","","","","","","","0","4,S","27","4,S","0","4,S","","","","","28.3","4,S,09,","","","26.51","4,,,S","",""
"FP000091958","2004-04","-27.617","-144.333","2.0","RAPA, FP","14","5,S","10","5,S","1","5,S","","","","","","","","","","","","","89.9","5,,S,07,","","","166.8","5,,,S","","","",""
"FP000091958","2004-05","-27.617","-144.333","2.0","RAPA, FP","11","4,S","5","4,S","1","4,S","","","","","","","","","","","","","52.1","4,,S,04,","","","115.4","4,,,S","","","",""
"FP000091958","2004-06","-27.617","-144.333","2.0","RAPA, FP","20","4,S","13","4,S","2","4,S","","","","","","","","","","","","","66.0","4,,S,17,","","","220.4","4,,,S","","","",""
"FP000091958","2004-07","-27.617","-144.333","2.0","RAPA, FP","24","1,S","13","1,S","1","1,S","","","","","","","","","","","","","39.9","1,,S,08,","","","131.6","1,,,S","","","",""
"FP000091958","2004-09","-27.617","-144.333","2.0","RAPA, FP","20","1,S","15","1,S","1","1,S","","","","","","","","","","","","","30.0","1,,S,16,","","","151.4","1,,,S","","","",""
"FP000091958","2004-12","-27.617","-144.333","2.0","RAPA, FP","17","1,S","12","1,S","5","1,S","","","","","","","","","","","","","45.0","1,,S,27,","","","248.4","1,,,S","","","",""
"FP000091958","2005-01","-27.617","-144.333","2.0","RAPA, FP","21","2,S","16","2,S","5","2,S","","","","","","","","","","","","","70.1","2,,S,31,","","","290.4","2,,,S","","","",""
"FP000091958","2005-02","-27.617","-144.333","2.0","RAPA, FP","12","2,S","10","2,S","3","2,S","","","","","0","4,S","24","4,S","0","4,S","","","97.0","2,,S,07,","26.9","4,S,28,","245.4","2,,,S","25.29","4,,,S","",""
"FP000091958","2005-03","-27.617","-144.333","2.0","RAPA, FP","","","","","","","","","","","0","5,S","26","5,S","0","5,S","","","","","28.0","5,S,25,+","","","25.22","5,,,S","",""
"FP000091958","2005-04","-27.617","-144.333","2.0","RAPA, FP","17","4,S","9","4,S","2","4,S","","","","","","","","","","","","","50.5","4,,S,28,","","","161.3","4,,,S","","","",""
"FP000091958","2005-05","-27.617","-144.333","2.0","RAPA, FP","19","5,S","8","5,S","1","5,S","","","","","0","5,S","19","5,S","0","5,S","","","35.1","5,,S,17,","23.2","5,S,19,","83.9","5,,,S","21.75","5,,,S","",""
"FP000091958","2005-07","-27.617","-144.333","2.0","RAPA, FP","21","4,S","11","4,S","2","4,S","","","","","","","","","","","","","40.9","4,,S,01,","","","194.5","4,,,S","","","",""
"FP000091958","2005-08","-27.617","-144.333","2.0","RAPA, FP","","","","","","","","","","","0","5,S","6","5,S","0","5,S","","","","","22.0","5,S,07,","","","19.91","5,,,S","",""
"FP000091958","2006-01","-27.617","-144.333","2.0","RAPA, FP","","","","","","","","","","","0","5,S","26","5,S","0","5,S","","","","","28.6","5,S,17,","","","26.77","5,,,S","",""
"FP000091958","2006-03","-27.617","-144.333","2.0","RAPA, FP","17","1,S","13","1,S","4","1,S","","","","","","","","","","","","","64.0","1,,S,16,","","","287.3","1,,,S","","","",""
"FP000091958","2006-04","-27.617","-144.333","2.0","RAPA, FP","","","","","","","","","","","0","4,S","26","4,S","0","4,S","","","","","28.3","4,S,17,+","","","25.79","4,,,S","",""
"FP000091958","2006-05","-27.617","-144.333","2.0","RAPA, FP","21",",S","12",",S","3",",S","","","","","","","","","","","","","40.9",",,S,25,","","","198.2",",,,S","","","",""
"FP000091958","2006-06","-27.617","-144.333","2.0","RAPA, FP","20",",S","11",",S","3",",S","","","","","0","4,S","21","4,S","0","4,S","","","83.1",",,S,22,","24.0","4,S,15,","242.1",",,,S","22.12","4,,,S","",""
"FP000091958","2006-07","-27.617","-144.333","2.0","RAPA, FP","20",",S","12",",S","4",",S","","","","","","","","","","","","","212.1",",,S,03,","","","538.1",",,,S","","","",""
"FP000091958","2006-08","-27.617","-144.333","2.0","RAPA, FP","18",",S","9",",S","3",",S","","","","","","","","","","","","","104.9",",,S,02,","","","282.1",",,,S","","","",""
"FP000091958","2006-09","-27.617","-144.333","2.0","RAPA, FP","20",",S","10",",S","4",",S","","","","","","","","","","","","","62.0",",,S,24,","","","225.1",",,,S","","","",""
"FP000091958","2006-10","-27.617","-144.333","2.0","RAPA, FP","15","1,S","9","1,S","0","1,S","","","","","","","","","","","","","20.1","1,,S,22,","","","93.1","1,,,S","","","",""
"FP000091958","2006-11","-27.617","-144.333","2.0","RAPA, FP","14",",S","12",",S","1",",S","","","","","","","","","","","","","31.0",",,S,08,","","","150.0",",,,S","","","",""
"FP000091958","2006-12","-27.617","-144.333","2.0","RAPA, FP","15",",S","10",",S","4",",S","","","","","","","","","","","","","75.9",",,S,02,","","","270.9",",,,S","","","",""
"FP000091958","2007-01","-27.617","-144.333","2.0","RAPA, FP","19",",S","16",",S","6",",S","","","","","","","","","","","","","103.9",",,S,30,","","","409.4",",,,S","","","",""
"FP000091958","2007-02","-27.617","-144.333","2.0","RAPA, FP","13",",S","6",",S","1",",S","","","","","","","","","","","","","30.0",",,S,13,","","","95.9",",,,S","","","",""
"FP000091958","2007-03","-27.617","-144.333","2.0","RAPA, FP","21","1,S","10","1,S","5","1,S","","","","","","","","","","","","","50.0","1,,S,07,","","","244.9","1,,,S","","","",""
"FP000091958","2007-04","-27.617","-144.333","2.0","RAPA, FP","20",",S","7",",S","1",",S","","","","","","","","","","","","","68.1",",,S,11,","","","150.5",",,,S","","","",""
"FP000091958","2007-05","-27.617","-144.333","2.0","RAPA, FP","19",",S","8",",S","1",",S","","","","","","","","","","","","","51.1",",,S,26,","","","133.6",",,,S","","","",""
"FP000091958","2007-06","-27.617","-144.333","2.0","RAPA, FP","19",",S","10",",S","3",",S","","","","","","","","","","","","","65.0",",,S,29,","","","244.2",",,,S","","","",""
"FP000091958","2007-07","-27.617","-144.333","2.0","RAPA, FP","18",",S","7",",S","1",",S","","","","","","","","","","","","","27.9",",,S,20,","","","107.4",",,,S","","","",""
"FP000091958","2007-08","-27.617","-144.333","2.0","RAPA, FP","17","3,S","14","3,S","5","3,S","","","","","","","","","","","","","80.0","3,,S,20,","","","305.8","3,,,S","","","",""
"FP000091958","2007-09","-27.617","-144.333","2.0","RAPA, FP","13",",S","7",",S","1",",S","","","","","","","","","","","","","41.9",",,S,03,","","","85.2",",,,S","","","",""
"FP000091958","2007-10","-27.617","-144.333","2.0","RAPA, FP","16",",S","7",",S","2",",S","","","","","","","","","","","","","65.0",",,S,28,","","","145.5",",,,S","","","",""
"FP000091958","2007-11","-27.617","-144.333","2.0","RAPA, FP","18",",S","11",",S","2",",S","","","","","","","","","","","","","71.9",",,S,24,","","","209.8",",,,S","","","",""
"FP000091958","2007-12","-27.617","-144.333","2.0","RAPA, FP","14",",S","9",",S","2",",S","","","","","","","","","","","","","47.0",",,S,15,","","","133.2",",,,S","","","",""
"FP000091958","2008-01","-27.617","-144.333","2.0","RAPA, FP","17",",S","13",",S","5",",S","","","","","","","","","","","","","156.0",",,S,23,","","","449.8",",,,S","","","",""
"FP000091958","2008-02","-27.617","-144.333","2.0","RAPA, FP","16",",S","7",",S","0",",S","","","","","0","5,S","24","5,S","0","5,S","","","9.9",",,S,13,","30.5","5,S,23,","42.5",",,,S","27.71","5,,,S","",""
"FP000091958","2008-03","-27.617","-144.333","2.0","RAPA, FP","15",",S","9",",S","1",",S","","","","","0","5,S","26","5,S","0","5,S","","","39.9",",,S,10,","30.0","5,S,02,","102.1",",,,S","27.90","5,,,S","",""
"FP000091958","2008-04","-27.617","-144.333","2.0","RAPA, FP","15",",S","14",",S","6",",S","","","","","","","","","","","","","165.1",",,S,29,","","","517.3",",,,S","","","",""
"FP000091958","2008-05","-27.617","-144.333","2.0","RAPA, FP","23",",S","17",",S","6",",S","","","","","0","5,S","25","5,S","0","5,S","","","68.1",",,S,02,","27.7","5,S,14,","400.3",",,,S","24.76","5,,,S","",""
"FP000091958","2008-06","-27.617","-144.333","2.0","RAPA, FP","17",",S","10",",S","2",",S","","","","","","","","","","","","","36.1",",,S,23,","","","163.0",",,,S","","","",""
"FP000091958","2008-07","-27.617","-144.333","2.0","RAPA, FP","23",",S","18",",S","2",",S","","","","","","","","","","","","","150.1",",,S,13,","","","367.2",",,,S","","","",""
"FP000091958","2008-08","-27.617","-144.333","2.0","RAPA, FP","14",",S","9",",S","1",",S","","","","","","","","","","","","","42.9",",,S,31,","","","110.1",",,,S","","","",""
"FP000091958","2008-09","-27.617","-144.333","2.0","RAPA, FP","16",",S","7",",S","0",",S","","","","","","","","","","","","","7.1",",,S,01,","","","43.6",",,,S","","","",""
"FP000091958","2008-10","-27.617","-144.333","2.0","RAPA, FP","16",",S","10",",S","3",",S","","","","","","","","","","","","","54.1",",,S,25,","","","181.0",",,,S","","","",""
"FP000091958","2008-11","-27.617","-144.333","2.0","RAPA, FP","17",",S","11",",S","2",",S","","","","","","","","","","","","","49.0",",,S,17,","","","125.8",",,,S","","","",""
"FP000091958","2008-12","-27.617","-144.333","2.0","RAPA, FP","16",",S","11",",S","1",",S","","","","","","","","","","","","","41.9",",,S,19,","","","112.5",",,,S","","","",""
"FP000091958","2009-01","-27.617","-144.333","2.0","RAPA, FP","9",",S","5",",S","1",",S","","","","","","","","","","","","","51.1",",,S,11,","","","108.9",",,,S","","","",""
"FP000091958","2009-02","-27.617","-144.333","2.0","RAPA, FP","16",",S","9",",S","1",",S","","","","","0","5,S","23","5,S","0","5,S","","","75.9",",,S,10,","29.2","5,S,18,+","138.3",",,,S","28.65","5,,,S","",""
"FP000091958","2009-03","-27.617","-144.333","2.0","RAPA, FP","18",",S","11",",S","5",",S","","","","","0","5,S","26","5,S","0","5,S","","","103.1",",,S,30,","30.2","5,S,23,","370.7",",,,S","28.60","5,,,S","",""
"FP000091958","2009-04","-27.617","-144.333","2.0","RAPA, FP","22",",S","13",",S","3",",S","","","","","","","","","","","","","120.9",",,S,21,","","","312.1",",,,S","","","",""
"FP000091958","2009-05","-27.617","-144.333","2.0","RAPA, FP","23",",S","15",",S","4",",S","","","","","","","","","","","","","269.0",",,S,01,","","","601.6",",,,S","","","",""
"FP000091958","2009-06","-27.617","-144.333","2.0","RAPA, FP","21",",S","14",",S","3",",S","","","","","","","","","","","","","80.0",",,S,09,","","","257.0",",,,S","","","",""
"FP000091958","2009-07","-27.617","-144.333","2.0","RAPA, FP","16",",S","11",",S","2",",S","","","","","","","","","","","","","77.0",",,S,24,","","","199.4",",,,S","","","",""
"FP000091958","2009-08","-27.617","-144.333","2.0","RAPA, FP","21",",S","7",",S","2",",S","","","","","","","","","","","","","70.1",",,S,27,","","","160.3",",,,S","","","",""
"FP000091958","2009-09","-27.617","-144.333","2.0","RAPA, FP","13",",S","7",",S","2",",S","","","","","","","","","","","","","85.1",",,S,13,","","","208.6",",,,S","","","",""
"FP000091958","2009-10","-27.617","-144.333","2.0","RAPA, FP","16",",S","9",",S","1",",S","","","","","","","","","","","","","90.9",",,S,28,","","","199.0",",,,S","","","",""
"FP000091958","2009-11","-27.617","-144.333","2.0","RAPA, FP","14",",S","9",",S","2",",S","","","","","","","","","","","","","66.0",",,S,11,","","","143.9",",,,S","","","",""
"FP000091958","2009-12","-27.617","-144.333","2.0","RAPA, FP","17",",S","8",",S","2",",S","","","","","","","","","","","","","58.9",",,S,16,","","","135.9",",,,S","","","",""
"FP000091958","2010-01","-27.617","-144.333","2.0","RAPA, FP","16",",S","8",",S","1",",S","","","","","","","","","","","","","27.9",",,S,24,","","","101.9",",,,S","","","",""
"FP000091958","2010-02","-27.617","-144.333","2.0","RAPA, FP","15",",S","6",",S","1",",S","","","","","","","","","","","","","117.1",",,S,05,","","","160.2",",,,S","","","",""
"FP000091958","2010-03","-27.617","-144.333","2.0","RAPA, FP","17",",S","8",",S","3",",S","","","","","","","","","","","","","87.1",",,S,04,","","","205.3",",,,S","","","",""
"FP000091958","2010-04","-27.617","-144.333","2.0","RAPA, FP","16","1,S","9","1,S","2","1,S","","","","","","","","","","","","","48.0","1,,S,24,","","","165.3","1,,,S","","","",""
"FP000091958","2010-05","-27.617","-144.333","2.0","RAPA, FP","18",",S","9",",S","1",",S","","","","","","","","","","","","","47.0",",,S,24,","","","106.3",",,,S","","","",""
"FP000091958","2010-06","-27.617","-144.333","2.0","RAPA, FP","22",",S","12",",S","1",",S","","","","","","","","","","","","","58.9",",,S,07,","","","184.3",",,,S","","","",""
"FP000091958","2010-07","-27.617","-144.333","2.0","RAPA, FP","13",",S","10",",S","3",",S","","","","","","","","","","","","","51.1",",,S,21,","","","174.4",",,,S","","","",""
"FP000091958","2010-08","-27.617","-144.333","2.0","RAPA, FP","12","2,S","8","2,S","1","2,S","","","","","","","","","","","","","38.1","2,,S,05,","","","91.0","2,,,S","","","",""
"FP000091958","2010-09","-27.617","-144.333","2.0","RAPA, FP","10","3,S","4","3,S","0","3,S","","","","","","","","","","","","","8.9","3,,S,08,","","","29.1","3,,,S","","","",""
"FP000091958","2010-10","-27.617","-144.333","2.0","RAPA, FP","16",",S","6",",S","1",",S","","","","","","","","","","","","","39.9",",,S,26,","","","109.5",",,,S","","","",""
"FP000091958","2010-11","-27.617","-144.333","2.0","RAPA, FP","11",",S","7",",S","1",",S","","","","","","","","","","","","","46.0",",,S,18,","","","120.9",",,,S","","","",""
"FP000091958","2010-12","-27.617","-144.333","2.0","RAPA, FP","19",",S","18",",S","5",",S","","","","","","","","","","","","","67.1",",,S,02,","","","358.0",",,,S","","","",""
"FP000091958","2011-01","-27.617","-144.333","2.0","RAPA, FP","12","2,S","3","2,S","1","2,S","","","","","","","","","","","","","156.0","2,,S,25,","","","180.0","2,,,S","","","",""
"FP000091958","2011-02","-27.617","-144.333","2.0","RAPA, FP","14",",S","8",",S","1",",S","","","","","","","","","","","","","32.0",",,S,15,","","","82.0",",,,S","","","",""
"FP000091958","2011-03","-27.617","-144.333","2.0","RAPA, FP","20",",S","16",",S","4",",S","","","","","0","5,S","26","5,S","0","5,S","","","71.9",",,S,16,","29.6","5,S,04,","308.7",",,,S","27.23","5,,,S","",""
"FP000091958","2011-04","-27.617","-144.333","2.0","RAPA, FP","20",",S","10",",S","1",",S","","","","","","","","","","","","","33.0",",,S,11,","","","141.1",",,,S","","","",""
"FP000091958","2011-05","-27.617","-144.333","2.0","RAPA, FP","19","2,S","9","2,S","1","2,S","","","","","","","","","","","","","35.1","2,,S,01,","","","103.9","2,,,S","","","",""
"FP000091958","2011-06","-27.617","-144.333","2.0","RAPA, FP","21",",S","11",",S","3",",S","","","","","","","","","","","","","39.1",",,S,17,","","","181.7",",,,S","","","",""
"FP000091958","2011-07","-27.617","-144.333","2.0","RAPA, FP","17",",S","9",",S","2",",S","","","","","","","","","","","","","96.0",",,S,11,","","","187.7",",,,S","","","",""
"FP000091958","2011-08","-27.617","-144.333","2.0","RAPA, FP","17",",S","11",",S","3",",S","","","","","","","","","","","","","68.1",",,S,30,","","","211.9",",,,S","","","",""
"FP000091958","2011-09","-27.617","-144.333","2.0","RAPA, FP","15",",S","11",",S","3",",S","","","","","","","","","","","","","53.1",",,S,13,","","","208.0",",,,S","","","",""
"FP000091958","2011-10","-27.617","-144.333","2.0","RAPA, FP","14","2,S","10","2,S","4","2,S","","","","","","","","","","","","","176.0","2,,S,04,","","","407.7","2,,,S","","","",""
"FP000091958","2011-11","-27.617","-144.333","2.0","RAPA, FP","14",",S","11",",S","5",",S","","","","","","","","","","","","","73.9",",,S,03,","","","318.4",",,,S","","","",""
"FP000091958","2011-12","-27.617","-144.333","2.0","RAPA, FP","13",",S","8",",S","0",",S","","","","","","","","","","","","","17.0",",,S,02,","","","67.6",",,,S","","","",""
"FP000091958","2012-01","-27.617","-144.333","2.0","RAPA, FP","23",",S","14",",S","2",",S","","","","","0","4,S","27","4,S","0","4,S","","","64.0",",,S,05,","28.4","4,S,03,","225.9",",,,S","25.92","4,,,S","",""
"FP000091958","2012-02","-27.617","-144.333","2.0","RAPA, FP","16",",S","12",",S","2",",S","","","","","","","","","","","","","51.1",",,S,16,","","","179.6",",,,S","","","",""
"FP000091958","2012-03","-27.617","-144.333","2.0","RAPA, FP","12",",S","7",",S","3",",S","","","","","","","","","","","","","72.9",",,S,26,","","","184.9",",,,S","","","",""
"FP000091958","2012-04","-27.617","-144.333","2.0","RAPA, FP","19",",S","13",",S","1",",S","","","","","","","","","","","","","27.9",",,S,24,","","","146.7",",,,S","","","",""
"FP000091958","2012-05","-27.617","-144.333","2.0","RAPA, FP","18",",S","10",",S","3",",S","","","","","","","","","","","","","70.1",",,S,31,","","","291.8",",,,S","","","",""
"FP000091958","2012-06","-27.617","-144.333","2.0","RAPA, FP","17",",S","13",",S","4",",S","","","","","","","","","","","","","47.0",",,S,12,","","","232.8",",,,S","","","",""
"FP000091958","2012-07","-27.617","-144.333","2.0","RAPA, FP","19",",S","12",",S","5",",S","","","","","0","5,S","11","5,S","0","5,S","","","33.0",",,S,22,+","22.6","5,S,01,","259.6",",,,S","20.78","5,,,S","",""
"FP000091958","2012-08","-27.617","-144.333","2.0","RAPA, FP","14","1,S","8","1,S","2","1,S","","","","","","","","","","","","","31.0","1,,S,15,","","","152.6","1,,,S","","","",""
"FP000091958","2012-09","-27.617","-144.333","2.0","RAPA, FP","12",",S","6",",S","1",",S","","","","","","","","","","","","","68.1",",,S,03,","","","144.8",",,,S","","","",""
"FP000091958","2012-10","-27.617","-144.333","2.0","RAPA, FP","8",",S","4",",S","2",",S","","","","","","","","","","","","","71.1",",,S,14,","","","110.2",",,,S","","","",""
"FP000091958","2012-11","-27.617","-144.333","2.0","RAPA, FP","10","2,S","5","2,S","1","2,S","","","","","","","","","","","","","63.0","2,,S,27,","","","102.7","2,,,S","","","",""
"FP000091958","2012-12","-27.617","-144.333","2.0","RAPA, FP","17",",S","9",",S","2",",S","","","","","","","","","","","","","34.0",",,S,03,","","","127.3",",,,S","","","",""
"FP000091958","2013-01","-27.617","-144.333","2.0","RAPA, FP","15","1,S","11","1,S","0","1,S","","","","","","","","","","","","","15.0","1,,S,31,","","","74.3","1,,,S","","","",""
"FP000091958","2013-02","-27.617","-144.333","2.0","RAPA, FP","9",",S","6",",S","4",",S","","","","","","","","","","","","","95.0",",,S,01,","","","237.5",",,,S","","","",""
"FP000091958","2013-03","-27.617","-144.333","2.0","RAPA, FP","17",",S","4",",S","0",",S","","","","","","","","","","","","","8.9",",,S,20,","","","33.4",",,,S","","","",""
"FP000091958","2013-04","-27.617","-144.333","2.0","RAPA, FP","19",",S","14",",S","5",",S","","","","","","","","","","","","","105.9",",,S,28,","","","487.0",",,,S","","","",""
"FP000091958","2013-05","-27.617","-144.333","2.0","RAPA, FP","14",",S","6",",S","1",",S","","","","","","","","","","","","","43.9",",,S,26,","","","72.0",",,,S","","","",""
"FP000091958","2013-06","-27.617","-144.333","2.0","RAPA, FP","18",",S","9",",S","1",",S","","","","","","","","","","","","","39.9",",,S,18,","","","117.6",",,,S","","","",""
"FP000091958","2013-07","-27.617","-144.333","2.0","RAPA, FP","21",",S","10",",S","2",",S","","","","","","","","","","","","","43.9",",,S,05,","","","144.0",",,,S","","","",""
"FP000091958","2013-08","-27.617","-144.333","2.0","RAPA, FP","21",",S","8",",S","2",",S","","","","","","","","","","","","","32.0",",,S,24,","","","150.6",",,,S","","","",""
"FP000091958","2013-09","-27.617","-144.333","2.0","RAPA, FP","19",",S","7",",S","2",",S","","","","","","","","","","","","","29.0",",,S,22,","","","113.9",",,,S","","","",""
"FP000091958","2013-10","-27.617","-144.333","2.0","RAPA, FP","16",",S","7",",S","3",",S","","","","","","","","","","","","","41.9",",,S,08,","","","150.6",",,,S","","","",""
"FP000091958","2013-11","-27.617","-144.333","2.0","RAPA, FP","12",",S","4",",S","0",",S","","","","","","","","","","","","","17.0",",,S,07,","","","45.6",",,,S","","","",""
"FP000091958","2013-12","-27.617","-144.333","2.0","RAPA, FP","22",",S","13",",S","3",",S","","","","","","","","","","","","","51.1",",,S,30,","","","229.8",",,,S","","","",""
"FP000091958","2014-01","-27.617","-144.333","2.0","RAPA, FP","17",",S","6",",S","0",",S","","","","","","","","","","","","","9.9",",,S,19,","","","39.1",",,,S","","","",""
"FP000091958","2014-02","-27.617","-144.333","2.0","RAPA, FP","13",",S","11",",S","1",",S","","","","","","","","","","","","","37.1",",,S,21,","","","136.8",",,,S","","","",""
"FP000091958","2014-03","-27.617","-144.333","2.0","RAPA, FP","16",",S","8",",S","3",",S","","","","","","","","","","","","","77.0",",,S,17,","","","199.0",",,,S","","","",""
"FP000091958","2014-04","-27.617","-144.333","2.0","RAPA, FP","20",",S","9",",S","1",",S","","","","","","","","","","","","","50.0",",,S,27,","","","127.3",",,,S","","","",""
"FP000091958","2014-05","-27.617","-144.333","2.0","RAPA, FP","19",",S","12",",S","2",",S","","","","","","","","","","","","","49.0",",,S,07,","","","174.6",",,,S","","","",""
"FP000091958","2014-06","-27.617","-144.333","2.0","RAPA, FP","19",",S","13",",S","4",",S","","","","","","","","","","","","","164.1",",,S,09,","","","377.4",",,,S","","","",""
"FP000091958","2014-07","-27.617","-144.333","2.0","RAPA, FP","24",",S","15",",S","3",",S","","","","","","","","","","","","","52.1",",,S,25,","","","250.1",",,,S","","","",""
"FP000091958","2014-08","-27.617","-144.333","2.0","RAPA, FP","22",",S","17",",S","4",",S","","","","","","","","","","","","","66.0",",,S,27,","","","324.7",",,,S","","","",""
"FP000091958","2014-09","-27.617","-144.333","2.0","RAPA, FP","19",",S","12",",S","2",",S","","","","","","","","","","","","","87.9",",,S,12,","","","227.2",",,,S","","","",""
"FP000091958","2014-10","-27.617","-144.333","2.0","RAPA, FP","17",",S","10",",S","3",",S","","","","","","","","","","","","","49.0",",,S,17,","","","205.7",",,,S","","","",""
"FP000091958","2014-11","-27.617","-144.333","2.0","RAPA, FP","13",",S","5",",S","0",",S","","","","","","","","","","","","","19.1",",,S,17,","","","45.0",",,,S","","","",""
"FP000091958","2014-12","-27.617","-144.333","2.0","RAPA, FP","19",",S","10",",S","3",",S","","","","","","","","","","","","","113.0",",,S,28,","","","280.0",",,,S","","","",""
"FP000091958","2015-01","-27.617","-144.333","2.0","RAPA, FP","23",",S","15",",S","3",",S","","","","","","","","","","","","","112.0",",,S,11,","","","281.8",",,,S","","","",""
"FP000091958","2015-02","-27.617","-144.333","2.0","RAPA, FP","18",",S","6",",S","2",",S","","","","","","","","","","","","","58.9",",,S,05,","","","125.9",",,,S","","","",""
"FP000091958","2015-03","-27.617","-144.333","2.0","RAPA, FP","24",",S","15",",S","3",",S","","","","","","","","","","","","","49.0",",,S,06,","","","244.4",",,,S","","","",""
"FP000091958","2015-04","-27.617","-144.333","2.0","RAPA, FP","16",",S","8",",S","0",",S","","","","","","","","","","","","","24.9",",,S,02,","","","113.1",",,,S","","","",""
"FP000091958","2015-05","-27.617","-144.333","2.0","RAPA, FP","23",",S","13",",S","5",",S","","","","","","","","","","","","","80.0",",,S,10,","","","307.7",",,,S","","","",""
"FP000091958","2015-06","-27.617","-144.333","2.0","RAPA, FP","24",",S","14",",S","3",",S","","","","","","","","","","","","","80.0",",,S,20,","","","257.9",",,,S","","","",""
"FP000091958","2015-07","-27.617","-144.333","2.0","RAPA, FP","19",",S","13",",S","3",",S","","","","","","","","","","","","","77.0",",,S,09,","","","239.6",",,,S","","","",""
"FP000091958","2015-08","-27.617","-144.333","2.0","RAPA, FP","22",",S","11",",S","3",",S","","","","","","","","","","","","","36.1",",,S,14,","","","153.1",",,,S","","","",""
"FP000091958","2015-09","-27.617","-144.333","2.0","RAPA, FP","19",",S","12",",S","1",",S","","","","","","","","","","","","","81.0",",,S,10,","","","183.3",",,,S","","","",""
"FP000091958","2015-10","-27.617","-144.333","2.0","RAPA, FP","12",",S","6",",S","2",",S","","","","","","","","","","","","","42.9",",,S,13,","","","110.7",",,,S","","","",""
"FP000091958","2015-11","-27.617","-144.333","2.0","RAPA, FP","14",",S","7",",S","1",",S","","","","","","","","","","","","","27.9",",,S,03,","","","72.6",",,,S","","","",""
"FP000091958","2015-12","-27.617","-144.333","2.0","RAPA, FP","15",",S","11",",S","4",",S","","","","","","","","","","","","","74.9",",,S,04,","","","245.5",",,,S","","","",""
"FP000091958","2016-01","-27.617","-144.333","2.0","RAPA, FP","21",",S","11",",S","1",",S","","","","","","","","","","","","","32.0",",,S,08,","","","129.2",",,,S","","","",""
"FP000091958","2016-02","-27.617","-144.333","2.0","RAPA, FP","25",",S","17",",S","8",",S","","","","","","","","","","","","","157.0",",,S,21,","","","809.1",",,,S","","","",""
"FP000091958","2016-03","-27.617","-144.333","2.0","RAPA, FP","22","1,S","16","1,S","4","1,S","","","","","","","","","","","","","91.9","1,,S,04,","","","453.1","1,,,S","","","",""
"FP000091958","2016-04","-27.617","-144.333","2.0","RAPA, FP","16",",S","5",",S","0",",S","","","","","","","","","","","","","15.0",",,S,29,","","","49.1",",,,S","","","",""
"FP000091958","2016-05","-27.617","-144.333","2.0","RAPA, FP","13",",S","7",",S","0",",S","","","","","","","","","","","","","9.9",",,S,21,+","","","52.0",",,,S","","","",""
"FP000091958","2016-06","-27.617","-144.333","2.0","RAPA, FP","14",",S","9",",S","3",",S","","","","","","","","","","","","","83.1",",,S,07,","","","216.1",",,,S","","","",""
"FP000091958","2016-07","-27.617","-144.333","2.0","RAPA, FP","19",",S","9",",S","2",",S","","","","","","","","","","","","","53.1",",,S,15,","","","143.7",",,,S","","","",""
"FP000091958","2016-08","-27.617","-144.333","2.0","RAPA, FP","21",",S","11",",S","4",",S","","","","","","","","","","","","","58.9",",,S,16,","","","219.7",",,,S","","","",""
"FP000091958","2016-09","-27.617","-144.333","2.0","RAPA, FP","15","1,S","7","1,S","1","1,S","","","","","","","","","","","","","28.7","1,,S,13,","","","96.6","1,,,S","","","",""
"FP000091958","2016-10","-27.617","-144.333","2.0","RAPA, FP","18",",S","10",",S","2",",S","","","","","","","","","","","","","87.1",",,S,27,","","","215.5",",,,S","","","",""
"FP000091958","2016-11","-27.617","-144.333","2.0","RAPA, FP","13","1,S","4","1,S","1","1,S","","","","","","","","","","","","","26.9","1,,S,08,","","","64.9","1,,,S","","","",""
"FP000091958","2016-12","-27.617","-144.333","2.0","RAPA, FP","17",",S","13",",S","5",",S","","","","","","","","","","","","","246.1",",,S,13,","","","445.2",",,,S","","","",""
"FP000091958","2017-01","-27.617","-144.333","2.0","RAPA, FP","24",",S","13",",S","3",",S","","","","","","","","","","","","","185.9",",,S,22,","","","387.9",",,,S","","","",""
"FP000091958","2017-02","-27.617","-144.333","2.0","RAPA, FP","20",",S","13",",S","2",",S","","","","","","","","","","","","","75.9",",,S,06,","","","265.1",",,,S","","","",""
"FP000091958","2017-03","-27.617","-144.333","2.0","RAPA, FP","23",",S","15",",S","3",",S","","","","","","","","","","","","","73.9",",,S,05,","","","315.8",",,,S","","","",""
"FP000091958","2017-04","-27.617","-144.333","2.0","RAPA, FP","19",",S","12",",S","4",",S","","","","","","","","","","","","","38.1",",,S,04,","","","218.5",",,,S","","","",""
"FP000091958","2017-05","-27.617","-144.333","2.0","RAPA, FP","14","2,S","10","2,S","2","2,S","","","","","","","","","","","","","64.0","2,,S,01,","","","171.0","2,,,S","","","",""
"FP000091958","2017-06","-27.617","-144.333","2.0","RAPA, FP","22",",S","14",",S","4",",S","","","","","","","","","","","","","54.1",",,S,11,","","","267.2",",,,S","","","",""
"FP000091958","2017-07","-27.617","-144.333","2.0","RAPA, FP","20",",S","11",",S","2",",S","","","","","","","","","","","","","117.1",",,S,02,","","","262.1",",,,S","","","",""
"FP000091958","2017-08","-27.617","-144.333","2.0","RAPA, FP","15","1,S","9","1,S","2","1,S","","","","","","","","","","","","","29.0","1,,S,25,","","","157.7","1,,,S","","","",""
"FP000091958","2017-09","-27.617","-144.333","2.0","RAPA, FP","19",",S","8",",S","0",",S","","","","","","","","","","","","","16.0",",,S,08,","","","76.0",",,,S","","","",""
"FP000091958","2017-10","-27.617","-144.333","2.0","RAPA, FP","12",",S","1",",S","0",",S","","","","","","","","","","","","","16.0",",,S,24,","","","24.5",",,,S","","","",""
"FP000091958","2017-11","-27.617","-144.333","2.0","RAPA, FP","21",",S","11",",S","3",",S","","","","","","","","","","","","","66.0",",,S,29,","","","223.3",",,,S","","","",""
"FP000091958","2017-12","-27.617","-144.333","2.0","RAPA, FP","18","1,S","10","1,S","4","1,S","","","","","","","","","","","","","71.9","1,,S,04,","","","274.1","1,,,S","","","",""
"FP000091958","2018-01","-27.617","-144.333","2.0","RAPA, FP","16",",S","9",",S","5",",S","","","","","","","","","","","","","97.0",",,S,31,","","","325.5",",,,S","","","",""
"FP000091958","2018-02","-27.617","-144.333","2.0","RAPA, FP","19",",S","12",",S","3",",S","","","","","","","","","","","","","141.0",",,S,12,","","","317.5",",,,S","","","",""
"FP000091958","2018-03","-27.617","-144.333","2.0","RAPA, FP","16",",S","9",",S","1",",S","","","","","","","","","","","","","32.0",",,S,14,","","","122.9",",,,S","","","",""
"FP000091958","2018-04","-27.617","-144.333","2.0","RAPA, FP","21",",S","17",",S","4",",S","","","","","","","","","","","","","83.1",",,S,24,","","","377.6",",,,S","","","",""
"FP000091958","2018-05","-27.617","-144.333","2.0","RAPA, FP","19",",S","8",",S","1",",S","","","","","","","","","","","","","63.0",",,S,10,","","","135.9",",,,S","","","",""
"FP000091958","2018-06","-27.617","-144.333","2.0","RAPA, FP","18",",S","13",",S","3",",S","","","","","","","","","","","","","58.9",",,S,29,","","","184.6",",,,S","","","",""
"FP000091958","2018-07","-27.617","-144.333","2.0","RAPA, FP","18",",S","9",",S","2",",S","","","","","","","","","","","","","55.1",",,S,03,","","","169.9",",,,S","","","",""
"FP000091958","2018-08","-27.617","-144.333","2.0","RAPA, FP","22",",S","12",",S","1",",S","","","","","","","","","","","","","46.0",",,S,10,","","","182.1",",,,S","","","",""
"FP000091958","2018-10","-27.617","-144.333","2.0","RAPA, FP","14","2,S","5","2,S","1","2,S","","","","","","","","","","","","","55.9","2,,S,10,","","","91.9","2,,,S","","","",""
"FP000091958","2018-11","-27.617","-144.333","2.0","RAPA, FP","16",",S","8",",S","1",",S","","","","","","","","","","","","","55.9",",,S,08,","","","113.3",",,,S","","","",""
"FP000091958","2018-12","-27.617","-144.333","2.0","RAPA, FP","20",",S","14",",S","2",",S","","","","","","","","","","","","","61.0",",,S,08,","","","199.2",",,,S","","","",""
"FP000091958","2019-01","-27.617","-144.333","2.0","RAPA, FP","24",",S","20",",S","6",",S","","","","","","","","","","","","","108.0",",,S,13,","","","549.2",",,,S","","","",""
"FP000091958","2019-02","-27.617","-144.333","2.0","RAPA, FP","19",",S","13",",S","5",",S","","","","","","","","","","","","","71.9",",,S,07,","","","291.7",",,,S","","","",""
"FP000091958","2019-03","-27.617","-144.333","2.0","RAPA, FP","14","2,S","6","2,S","2","2,S","","","","","","","","","","","","","68.1","2,,S,26,","","","198.4","2,,,S","","","",""
"FP000091958","2019-04","-27.617","-144.333","2.0","RAPA, FP","16","3,S","8","3,S","1","3,S","","","","","","","","","","","","","132.1","3,,S,21,","","","200.2","3,,,S","","","",""
"FP000091958","2019-05","-27.617","-144.333","2.0","RAPA, FP","17","1,S","9","1,S","2","1,S","","","","","","","","","","","","","59.9","1,,S,12,","","","170.6","1,,,S","","","",""
"FP000091958","2019-06","-27.617","-144.333","2.0","RAPA, FP","15",",S","5",",S","1",",S","","","","","","","","","","","","","69.1",",,S,22,","","","108.6",",,,S","","","",""
"FP000091958","2019-07","-27.617","-144.333","2.0","RAPA, FP","23",",S","10",",S","1",",S","","","","","","","","","","","","","73.9",",,S,15,","","","161.6",",,,S","","","",""
"FP000091958","2019-08","-27.617","-144.333","2.0","RAPA, FP","21",",S","11",",S","4",",S","","","","","","","","","","","","","55.9",",,S,31,","","","231.7",",,,S","","","",""
"FP000091958","2019-09","-27.617","-144.333","2.0","RAPA, FP","18",",S","8",",S","1",",S","","","","","","","","","","","","","70.1",",,S,19,","","","166.5",",,,S","","","",""
"FP000091958","2019-10","-27.617","-144.333","2.0","RAPA, FP","13",",S","5",",S","0",",S","","","","","","","","","","","","","10.9",",,S,06,","","","35.0",",,,S","","","",""
"FP000091958","2019-11","-27.617","-144.333","2.0","RAPA, FP","14",",S","8",",S","4",",S","","","","","","","","","","","","","80.0",",,S,27,","","","242.0",",,,S","","","",""
"FP000091958","2019-12","-27.617","-144.333","2.0","RAPA, FP","19",",S","4",",S","0",",S","","","","","","","","","","","","","19.1",",,S,27,","","","66.6",",,,S","","","",""
"FP000091958","2020-01","-27.617","-144.333","2.0","RAPA, FP","14",",S","7",",S","0",",S","","","","","","","","","","","","","6.1",",,S,27,","","","38.2",",,,S","","","",""
"FP000091958","2020-02","-27.617","-144.333","2.0","RAPA, FP","17",",S","8",",S","0",",S","","","","","","","","","","","","","17.0",",,S,24,","","","65.5",",,,S","","","",""
"FP000091958","2020-03","-27.617","-144.333","2.0","RAPA, FP","22",",S","13",",S","1",",S","","","","","","","","","","","","","75.9",",,S,19,","","","154.9",",,,S","","","",""
"FP000091958","2020-04","-27.617","-144.333","2.0","RAPA, FP","19",",S","8",",S","3",",S","","","","","","","","","","","","","72.9",",,S,03,","","","200.0",",,,S","","","",""
"FP000091958","2020-05","-27.617","-144.333","2.0","RAPA, FP","21",",S","9",",S","2",",S","","","","","","","","","","","","","62.0",",,S,27,","","","150.9",",,,S","","","",""
"FP000091958","2020-06","-27.617","-144.333","2.0","RAPA, FP","22",",S","10",",S","4",",S","","","","","","","","","","","","","73.9",",,S,05,","","","265.0",",,,S","","","",""
"FP000091958","2020-07","-27.617","-144.333","2.0","RAPA, FP","18",",S","12",",S","2",",S","","","","","","","","","","","","","112.0",",,S,15,","","","306.2",",,,S","","","",""
"FP000091958","2020-08","-27.617","-144.333","2.0","RAPA, FP","20",",S","10",",S","0",",S","","","","","","","","","","","","","23.9",",,S,09,","","","101.0",",,,S","","","",""
"FP000091958","2020-09","-27.617","-144.333","2.0","RAPA, FP","18","4,S","9","4,S","2","4,S","","","","","","","","","","","","","46.0","4,,S,19,","","","161.1","4,,,S","","","",""
"FP000091958","2020-10","-27.617","-144.333","2.0","RAPA, FP","17",",S","13",",S","4",",S","","","","","","","","","","","","","61.0",",,S,05,","","","263.2",",,,S","","","",""
"FP000091958","2020-11","-27.617","-144.333","2.0","RAPA, FP","13",",S","4",",S","1",",S","","","","","","","","","","","","","50.0",",,S,14,","","","72.4",",,,S","","","",""
"FP000091958","2020-12","-27.617","-144.333","2.0","RAPA, FP","17",",S","10",",S","3",",S","","","","","","","","","","","","","72.9",",,S,19,","","","206.2",",,,S","","","",""
"FP000091958","2021-01","-27.617","-144.333","2.0","RAPA, FP","17",",S","8",",S","0",",S","","","","","","","","","","","","","9.9",",,S,12,","","","58.7",",,,S","","","",""
"FP000091958","2021-03","-27.617","-144.333","2.0","RAPA, FP","22",",S","12",",S","1",",S","","","","","","","","","","","","","25.9",",,S,09,","","","123.6",",,,S","","","",""
"FP000091958","2021-04","-27.617","-144.333","2.0","RAPA, FP","16","1,S","6","1,S","0","1,S","","","","","","","","","","","","","23.1","1,,S,24,","","","64.0","1,,,S","","","",""
"FP000091958","2021-05","-27.617","-144.333","2.0","RAPA, FP","18",",S","10",",S","3",",S","","","","","","","","","","","","","36.1",",,S,29,","","","135.6",",,,S","","","",""
"FP000091958","2021-06","-27.617","-144.333","2.0","RAPA, FP","17",",S","10",",S","5",",S","","","","","","","","","","","","","55.9",",,S,06,","","","312.7",",,,S","","","",""
"FP000091958","2021-07","-27.617","-144.333","2.0","RAPA, FP","16",",S","8",",S","0",",S","","","","","","","","","","","","","17.0",",,S,23,+","","","82.9",",,,S","","","",""
"FP000091958","2021-08","-27.617","-144.333","2.0","RAPA, FP","22",",S","10",",S","2",",S","","","","","","","","","","","","","32.0",",,S,04,","","","177.7",",,,S","","","",""
"FP000091958","2021-09","-27.617","-144.333","2.0","RAPA, FP","20",",S","10",",S","0",",S","","","","","","","","","","","","","18.0",",,S,05,","","","99.6",",,,S","","","",""
"FP000091958","2021-10","-27.617","-144.333","2.0","RAPA, FP","19",",S","10",",S","4",",S","","","","","","","","","","","","","37.1",",,S,09,","","","212.5",",,,S","","","",""
"FP000091958","2021-11","-27.617","-144.333","2.0","RAPA, FP","14","1,S","10","1,S","2","1,S","","","","","","","","","","","","","36.1","1,,S,24,","","","121.0","1,,,S","","","",""
