"STATION","DATE","LATITUDE","LONGITUDE","ELEVATION","NAME","CLDD","CLDD_ATTRIBUTES","DP01","DP01_ATTRIBUTES","DP10","DP10_ATTRIBUTES","DP1X","DP1X_ATTRIBUTES","DT00","DT00_ATTRIBUTES","DT32","DT32_ATTRIBUTES","DX32","DX32_ATTRIBUTES","DX70","DX70_ATTRIBUTES","DX90","DX90_ATTRIBUTES","EMNT","EMNT_ATTRIBUTES","EMXP","EMXP_ATTRIBUTES","EMXT","EMXT_ATTRIBUTES","HDSD","HDSD_ATTRIBUTES","HTDD","HTDD_ATTRIBUTES","PRCP","PRCP_ATTRIBUTES","TAVG","TAVG_ATTRIBUTES","TMAX","TMAX_ATTRIBUTES","TMIN","TMIN_ATTRIBUTES"
"ID000096925","1962-12","-5.85","112.633","3.0","SANGKAPURA BAWEAN, ID","","","27","3,I","21","3,I","3","3,I","","","","","","","","","","","","","97.0","3,,I,23,","","","","","","","414.1","3,,,I","","","","","",""
"ID000096925","1973-10","-5.85","112.633","3.0","SANGKAPURA BAWEAN, ID","","","1","5,I","0","5,I","0","5,I","","","","","","","","","","","","","2.0","5,,I,23,","","","","","","","2.0","5,,,I","","","","","",""
"ID000096925","1974-10","-5.85","112.633","3.0","SANGKAPURA BAWEAN, ID","","","0","3,I","0","3,I","0","3,I","","","","","","","","","","","","","0.0","3,,I,31,+","","","","","","","0.0","3,,,I","","","","","",""
"ID000096925","1976-10","-5.85","112.633","3.0","SANGKAPURA BAWEAN, ID","","","1","5,I","1","5,I","0","5,I","","","","","","","","","","","","","7.1","5,,I,25,","","","","","","","7.1","5,,,I","","","","","",""
"ID000096925","1977-04","-5.85","112.633","3.0","SANGKAPURA BAWEAN, ID","","","0","4,I","0","4,I","0","4,I","","","","","","","","","","","","","0.0","4,,I,30,+","","","","","","","0.0","4,,,I","","","","","",""
"ID000096925","1977-05","-5.85","112.633","3.0","SANGKAPURA BAWEAN, ID","","","0","4,I","0","4,I","0","4,I","","","","","","","","","","","","","0.0","4,,I,31,+","","","","","","","0.0","4,,,I","","","","","",""
"ID000096925","1977-07","-5.85","112.633","3.0","SANGKAPURA BAWEAN, ID","","","0","4,I","0","4,I","0","4,I","","","","","","","","","","","","","0.0","4,,I,31,+","","","","","","","0.0","4,,,I","","","","","",""
"ID000096925","1977-08","-5.85","112.633","3.0","SANGKAPURA BAWEAN, ID","","","1","3,I","1","3,I","0","3,I","","","","","","","","","","","","","7.9","3,,I,29,","","","","","","","7.9","3,,,I","","","","","",""
"ID000096925","1977-09","-5.85","112.633","3.0","SANGKAPURA BAWEAN, ID","","","1","3,I","1","3,I","0","3,I","","","","","","","","","","","","","9.9","3,,I,02,","","","","","","","9.9","3,,,I","","","","","",""
"ID000096925","1978-06","-5.85","112.633","3.0","SANGKAPURA BAWEAN, ID","","","4","3,I","4","3,I","0","3,I","","","","","","","","","","","","","7.9","3,,I,26,+","","","","","","","28.8","3,,,I","","","","","",""
"ID000096925","1978-08","-5.85","112.633","3.0","SANGKAPURA BAWEAN, ID","","","0",",I","0",",I","0",",I","","","","","","","","","","","","","0.0",",,I,31,+","","","","","","","0.0",",,,I","","","","","",""
"ID000096925","1978-10","-5.85","112.633","3.0","SANGKAPURA BAWEAN, ID","","","1","4,I","1","4,I","0","4,I","","","","","","","","","","","","","7.9","4,,I,04,","","","","","","","7.9","4,,,I","","","","","",""
"ID000096925","1979-01","-5.85","112.633","3.0","SANGKAPURA BAWEAN, ID","","","16","2,I","13","2,I","1","2,I","","","","","","","","","","","","","41.9","2,,I,26,","","","","","","","158.7","2,,,I","","","","","",""
"ID000096925","1979-02","-5.85","112.633","3.0","SANGKAPURA BAWEAN, ID","","","14","3,I","9","3,I","3","3,I","","","","","0","5,I","23","5,I","0","5,I","","","59.9","3,,I,24,","32.0","5,I,23,","","","","","206.4","3,,,I","","","29.83","5,,,I","",""
"ID000096925","1979-03","-5.85","112.633","3.0","SANGKAPURA BAWEAN, ID","","","14","1,I","9","1,I","2","1,I","","","","","","","","","","","","","42.9","1,,I,14,","","","","","","","146.5","1,,,I","","","","","",""
"ID000096925","1979-04","-5.85","112.633","3.0","SANGKAPURA BAWEAN, ID","","","12",",I","11",",I","1",",I","","","","","0","1,I","29","1,I","0","1,I","","","80.0",",,I,14,","31.0","1,I,30,+","","","","","162.9",",,,I","","","30.76","1,,,I","",""
"ID000096925","1979-05","-5.85","112.633","3.0","SANGKAPURA BAWEAN, ID","","","17","4,I","11","4,I","6","4,I","","","","","","","","","","","","","89.9","4,,I,14,","","","","","","","344.0","4,,,I","","","","","",""
"ID000096925","1979-07","-5.85","112.633","3.0","SANGKAPURA BAWEAN, ID","","","5","3,I","3","3,I","0","3,I","","","","","","","","","","","","","5.1","3,,I,04,","","","","","","","15.2","3,,,I","","","","","",""
"ID000096925","1979-08","-5.85","112.633","3.0","SANGKAPURA BAWEAN, ID","","","0","4,I","0","4,I","0","4,I","0","5,I","0","5,I","","","","","","","25.0","5,I,31,+","0.0","4,,I,31,+","","","","","","","0.0","4,,,I","","","","","25.88","5,,,I"
"ID000096925","1979-09","-5.85","112.633","3.0","SANGKAPURA BAWEAN, ID","","","2","2,I","1","2,I","0","2,I","","","","","0","3,I","27","3,I","0","3,I","","","10.9","2,,I,29,","31.0","3,I,30,+","","","","","11.9","2,,,I","","","30.44","3,,,I","",""
"ID000096925","1979-10","-5.85","112.633","3.0","SANGKAPURA BAWEAN, ID","","","5","5,I","5","5,I","0","5,I","","","","","0","4,I","27","4,I","1","4,I","","","7.9","5,,I,31,","34.0","4,I,08,","","","","","28.2","5,,,I","","","31.11","4,,,I","",""
"ID000096925","1979-11","-5.85","112.633","3.0","SANGKAPURA BAWEAN, ID","","","7","1,I","5","1,I","0","1,I","","","","","0","3,I","27","3,I","4","3,I","","","23.9","1,,I,30,+","33.0","3,I,26,+","","","","","72.9","1,,,I","","","31.85","3,,,I","",""
"ID000096925","1979-12","-5.85","112.633","3.0","SANGKAPURA BAWEAN, ID","","","16","4,I","13","4,I","2","4,I","","","","","","","","","","","","","34.0","4,,I,18,","","","","","","","206.2","4,,,I","","","","","",""
"ID000096925","1980-01","-5.85","112.633","3.0","SANGKAPURA BAWEAN, ID","222.5","4,I","23",",I","19",",I","8",",I","0","2,I","0","2,I","0","3,I","28","3,I","0","3,I","22.0","2,I,17,","89.9",",,I,16,+","31.0","3,I,26,","0.0","I","0.0","3,I","612.9",",,,I","26.56","4,I","29.32","3,,,I","23.79","2,,,I"
"ID000096925","1980-02","-5.85","112.633","3.0","SANGKAPURA BAWEAN, ID","","","11","1,I","7","1,I","0","1,I","","","","","0","5,I","24","5,I","0","5,I","","","23.1","1,,I,07,","31.0","5,I,26,+","","","","","90.4","1,,,I","","","29.88","5,,,I","",""
"ID000096925","1980-03","-5.85","112.633","3.0","SANGKAPURA BAWEAN, ID","","","15","3,I","11","3,I","2","3,I","","","","","0","2,I","29","2,I","0","2,I","","","80.0","3,,I,11,","32.0","2,I,05,","","","","","234.4","3,,,I","","","30.45","2,,,I","",""
"ID000096925","1980-04","-5.85","112.633","3.0","SANGKAPURA BAWEAN, ID","","","","","","","","","","","","","0","5,I","25","5,I","0","5,I","","","","","31.0","5,I,30,+","","","","","","","","","30.20","5,,,I","",""
"ID000096925","1980-05","-5.85","112.633","3.0","SANGKAPURA BAWEAN, ID","","","11","1,I","8","1,I","2","1,I","0","4,I","0","4,I","0","3,I","28","3,I","0","3,I","23.0","4,I,30,","45.0","1,,I,06,","32.0","3,I,31,","","","","","119.4","1,,,I","28.01","6,I","30.43","3,,,I","25.59","4,,,I"
"ID000096925","1980-06","-5.85","112.633","3.0","SANGKAPURA BAWEAN, ID","","","6","2,I","2","2,I","0","2,I","","","","","0","3,I","27","3,I","0","3,I","","","7.9","2,,I,21,","31.0","3,I,06,+","","","","","17.3","2,,,I","","","29.78","3,,,I","",""
"ID000096925","1980-07","-5.85","112.633","3.0","SANGKAPURA BAWEAN, ID","","","1","4,I","1","4,I","1","4,I","","","","","0","2,I","29","2,I","1","2,I","","","35.1","4,,I,17,","33.0","2,I,22,","","","","","35.1","4,,,I","","","29.45","2,,,I","",""
"ID000096925","1980-08","-5.85","112.633","3.0","SANGKAPURA BAWEAN, ID","","","0","5,I","0","5,I","0","5,I","","","","","","","","","","","","","0.0","5,,I,31,+","","","","","","","0.0","5,,,I","","","","","",""
"ID000096925","1980-09","-5.85","112.633","3.0","SANGKAPURA BAWEAN, ID","","","1","3,I","1","3,I","0","3,I","0","5,I","0","5,I","","","","","","","23.0","5,I,30,+","3.0","3,,I,02,","","","","","","","3.0","3,,,I","","","","","25.64","5,,,I"
"ID000096925","1981-02","-5.85","112.633","3.0","SANGKAPURA BAWEAN, ID","","","17","3,I","12","3,I","2","3,I","","","","","","","","","","","","","55.1","3,,I,28,","","","","","","","181.8","3,,,I","","","","","",""
"ID000096925","1981-12","-5.85","112.633","3.0","SANGKAPURA BAWEAN, ID","","","19","3,I","12","3,I","6","3,I","","","","","0","4,I","27","4,I","0","4,I","","","119.9","3,,I,02,","31.0","4,I,31,+","","","","","431.2","3,,,I","","","29.96","4,,,I","",""
"ID000096925","1992-12","-5.85","112.633","3.0","SANGKAPURA BAWEAN, ID","","","","","","","","","","","","","0","4,I","27","4,I","2","4,I","","","","","34.2","4,I,10,","","","","","","","","","30.65","4,,,I","",""
"ID000096925","1993-02","-5.85","112.633","3.0","SANGKAPURA BAWEAN, ID","","","","","","","","","","","","","0","4,I","24","4,I","0","4,I","","","","","31.8","4,I,19,","","","","","","","","","30.39","4,,,I","",""
"ID000096925","1993-03","-5.85","112.633","3.0","SANGKAPURA BAWEAN, ID","","","","","","","","","","","","","0","2,I","29","2,I","1","2,I","","","","","32.2","2,I,25,","","","","","","","","","30.70","2,,,I","",""
"ID000096925","1993-04","-5.85","112.633","3.0","SANGKAPURA BAWEAN, ID","","","","","","","","","0","5,I","0","5,I","0","3,I","27","3,I","0","3,I","22.4","5,I,13,","","","32.0","3,I,09,","","","","","","","27.70","8,I","30.73","3,,,I","24.67","5,,,I"
"ID000096925","1993-05","-5.85","112.633","3.0","SANGKAPURA BAWEAN, ID","","","","","","","","","0","4,I","0","4,I","0","4,I","27","4,I","0","4,I","22.7","4,I,29,","","","31.5","4,I,07,","","","","","","","28.35","8,I","30.91","4,,,I","25.79","4,,,I"
"ID000096925","1993-06","-5.85","112.633","3.0","SANGKAPURA BAWEAN, ID","","","","","","","","","","","","","0","5,I","25","5,I","0","5,I","","","","","31.1","5,I,15,","","","","","","","","","30.11","5,,,I","",""
"ID000096925","1993-11","-5.85","112.633","3.0","SANGKAPURA BAWEAN, ID","","","","","","","","","","","","","0","1,I","29","1,I","17","1,I","","","","","33.2","1,I,10,+","","","","","","","","","32.06","1,,,I","",""
"ID000096925","1993-12","-5.85","112.633","3.0","SANGKAPURA BAWEAN, ID","","","","","","","","","","","","","0","5,I","26","5,I","4","5,I","","","","","32.8","5,I,03,","","","","","","","","","30.83","5,,,I","",""
"ID000096925","1994-01","-5.85","112.633","3.0","SANGKAPURA BAWEAN, ID","","","","","","","","","","","","","0","5,I","26","5,I","0","5,I","","","","","30.9","5,I,09,+","","","","","","","","","29.77","5,,,I","",""
"ID000096925","1994-02","-5.85","112.633","3.0","SANGKAPURA BAWEAN, ID","","","","","","","","","","","","","0","5,I","23","5,I","0","5,I","","","","","31.6","5,I,25,+","","","","","","","","","30.32","5,,,I","",""
"ID000096925","1994-04","-5.85","112.633","3.0","SANGKAPURA BAWEAN, ID","","","","","","","","","","","","","0","4,I","26","4,I","0","4,I","","","","","31.7","4,I,04,","","","","","","","","","30.33","4,,,I","",""
"ID000096925","1994-05","-5.85","112.633","3.0","SANGKAPURA BAWEAN, ID","","","","","","","","","","","","","0","2,I","29","2,I","0","2,I","","","","","31.7","2,I,02,","","","","","","","","","30.44","2,,,I","",""
"ID000096925","1994-06","-5.85","112.633","3.0","SANGKAPURA BAWEAN, ID","","","","","","","","","0","5,I","0","5,I","0","5,I","25","5,I","0","5,I","22.0","5,I,09,","","","30.8","5,I,03,","","","","","","","27.65","9,I","29.90","5,,,I","25.40","5,,,I"
"ID000096925","1994-07","-5.85","112.633","3.0","SANGKAPURA BAWEAN, ID","","","","","","","","","","","","","0","4,I","27","4,I","1","4,I","","","","","32.4","4,I,21,","","","","","","","","","29.63","4,,,I","",""
"ID000096925","1994-08","-5.85","112.633","3.0","SANGKAPURA BAWEAN, ID","","","","","","","","","0","4,I","0","4,I","0","5,I","26","5,I","0","5,I","22.2","4,I,01,","","","30.6","5,I,28,","","","","","","","27.41","7,I","29.67","5,,,I","25.16","4,,,I"
"ID000096925","1994-09","-5.85","112.633","3.0","SANGKAPURA BAWEAN, ID","","","","","","","","","0","3,I","0","3,I","0","5,I","25","5,I","0","5,I","22.2","3,I,06,","","","31.6","5,I,27,","","","","","","","27.70","8,I","30.38","5,,,I","25.03","3,,,I"
"ID000096925","1994-10","-5.85","112.633","3.0","SANGKAPURA BAWEAN, ID","","","","","","","","","","","","","0","4,I","27","4,I","11","4,I","","","","","32.9","4,I,12,","","","","","","","","","31.91","4,,,I","",""
"ID000096925","1994-11","-5.85","112.633","3.0","SANGKAPURA BAWEAN, ID","","","","","","","","","","","","","0","4,I","26","4,I","23","4,I","","","","","34.0","4,I,18,","","","","","","","","","32.85","4,,,I","",""
"ID000096925","1994-12","-5.85","112.633","3.0","SANGKAPURA BAWEAN, ID","","","","","","","","","","","","","0","2,I","29","2,I","6","2,I","","","","","32.6","2,I,30,+","","","","","","","","","30.89","2,,,I","",""
"ID000096925","1995-01","-5.85","112.633","3.0","SANGKAPURA BAWEAN, ID","","","","","","","","","","","","","0","2,I","29","2,I","2","2,I","","","","","32.2","2,I,06,+","","","","","","","","","30.06","2,,,I","",""
"ID000096925","1995-02","-5.85","112.633","3.0","SANGKAPURA BAWEAN, ID","","","","","","","","","","","","","0",",I","28",",I","0",",I","","","","","31.6",",I,24,","","","","","","","","","30.11",",,,I","",""
"ID000096925","1995-03","-5.85","112.633","3.0","SANGKAPURA BAWEAN, ID","","","","","","","","","","","","","0","2,I","29","2,I","0","2,I","","","","","32.0","2,I,30,","","","","","","","","","30.52","2,,,I","",""
"ID000096925","1995-04","-5.85","112.633","3.0","SANGKAPURA BAWEAN, ID","","","","","","","","","","","","","0","1,I","29","1,I","0","1,I","","","","","31.8","1,I,16,","","","","","","","","","30.81","1,,,I","",""
"ID000096925","1995-05","-5.85","112.633","3.0","SANGKAPURA BAWEAN, ID","","","","","","","","","","","","","0","5,I","26","5,I","0","5,I","","","","","31.8","5,I,02,","","","","","","","","","31.11","5,,,I","",""
"ID000096925","1995-06","-5.85","112.633","3.0","SANGKAPURA BAWEAN, ID","","","","","","","","","0","5,I","0","5,I","0","4,I","26","4,I","0","4,I","23.2","5,I,09,","","","31.0","4,I,24,+","","","","","","","28.19","9,I","30.49","4,,,I","25.88","5,,,I"
"ID000096925","1995-08","-5.85","112.633","3.0","SANGKAPURA BAWEAN, ID","","","","","","","","","","","","","0","5,I","26","5,I","0","5,I","","","","","31.1","5,I,27,","","","","","","","","","30.26","5,,,I","",""
"ID000096925","1995-09","-5.85","112.633","3.0","SANGKAPURA BAWEAN, ID","257.5","5,I","","","","","","","0","2,I","0","2,I","0","3,I","27","3,I","0","3,I","25.4","2,I,17,","","","32.0","3,I,22,","","","0.0","3,I","","","28.65","5,I","31.14","3,,,I","26.15","2,,,I"
"ID000096925","1995-10","-5.85","112.633","3.0","SANGKAPURA BAWEAN, ID","","","","","","","","","","","","","0","5,I","26","5,I","18","5,I","","","","","33.2","5,I,30,","","","","","","","","","32.25","5,,,I","",""
"ID000096925","1995-11","-5.85","112.633","3.0","SANGKAPURA BAWEAN, ID","","","","","","","","","0","5,I","0","5,I","0","2,I","28","2,I","6","2,I","22.0","5,I,27,","","","33.2","2,I,01,","","","","","","","27.52","7,I","30.53","2,,,I","24.51","5,,,I"
"ID000096925","1995-12","-5.85","112.633","3.0","SANGKAPURA BAWEAN, ID","","","","","","","","","","","","","0","1,I","30","1,I","0","1,I","","","","","31.8","1,I,03,","","","","","","","","","30.06","1,,,I","",""
"ID000096925","1996-01","-5.85","112.633","3.0","SANGKAPURA BAWEAN, ID","","","","","","","","","","","","","0","1,I","30","1,I","0","1,I","","","","","31.3","1,I,15,","","","","","","","","","29.73","1,,,I","",""
"ID000096925","1996-03","-5.85","112.633","3.0","SANGKAPURA BAWEAN, ID","","","","","","","","","","","","","0","5,I","26","5,I","1","5,I","","","","","32.8","5,I,08,","","","","","","","","","30.74","5,,,I","",""
"ID000096925","1996-06","-5.85","112.633","3.0","SANGKAPURA BAWEAN, ID","","","","","","","","","","","","","0","4,I","26","4,I","0","4,I","","","","","31.2","4,I,06,","","","","","","","","","30.53","4,,,I","",""
"ID000096925","1996-08","-5.85","112.633","3.0","SANGKAPURA BAWEAN, ID","","","","","","","","","","","","","0","4,I","27","4,I","0","4,I","","","","","31.6","4,I,31,+","","","","","","","","","30.58","4,,,I","",""
"ID000096925","1996-10","-5.85","112.633","3.0","SANGKAPURA BAWEAN, ID","","","","","","","","","0","5,I","0","5,I","0","5,I","26","5,I","14","5,I","22.2","5,I,31,","","","33.4","5,I,19,","","","","","","","28.19","7,I","32.23","5,,,I","24.14","5,,,I"
"ID000096925","1996-11","-5.85","112.633","3.0","SANGKAPURA BAWEAN, ID","","","","","","","","","0","3,I","0","3,I","","","","","","","22.3","3,I,07,","","","","","","","","","","","","","","","23.44","3,,,I"
"ID000096925","1997-01","-5.85","112.633","3.0","SANGKAPURA BAWEAN, ID","","","","","","","","","","","","","0","5,I","26","5,I","0","5,I","","","","","30.6","5,I,30,+","","","","","","","","","29.69","5,,,I","",""
"ID000096925","1997-02","-5.85","112.633","3.0","SANGKAPURA BAWEAN, ID","","","","","","","","","0","3,I","0","3,I","0","4,I","24","4,I","0","4,I","21.7","3,I,22,","","","31.4","4,I,11,+","","","","","","","26.30","6,I","29.89","4,,,I","22.72","3,,,I"
"ID000096925","1997-03","-5.85","112.633","3.0","SANGKAPURA BAWEAN, ID","","","","","","","","","0","4,I","0","4,I","","","","","","","21.3","4,I,07,","","","","","","","","","","","","","","","24.02","4,,,I"
"ID000096925","1998-02","-5.85","112.633","3.0","SANGKAPURA BAWEAN, ID","","","","","","","","","0","4,I","0","4,I","","","","","","","22.5","4,I,01,","","","","","","","","","","","","","","","24.30","4,,,I"
"ID000096925","1998-03","-5.85","112.633","3.0","SANGKAPURA BAWEAN, ID","","","","","","","","","0","4,I","0","4,I","0","4,I","27","4,I","9","4,I","22.1","4,I,19,","","","33.3","4,I,12,","","","","","","","27.65","6,I","31.49","4,,,I","23.81","4,,,I"
"ID000096925","1998-04","-5.85","112.633","3.0","SANGKAPURA BAWEAN, ID","","","","","","","","","","","","","0","5,I","25","5,I","6","5,I","","","","","33.3","5,I,22,","","","","","","","","","31.42","5,,,I","",""
"ID000096925","1998-05","-5.85","112.633","3.0","SANGKAPURA BAWEAN, ID","","","","","","","","","0","5,I","0","5,I","0","4,I","27","4,I","5","4,I","23.4","5,I,12,","","","32.2","4,I,30,+","","","","","","","28.70","8,I","31.69","4,,,I","25.71","5,,,I"
"ID000096925","1998-06","-5.85","112.633","3.0","SANGKAPURA BAWEAN, ID","","","","","","","","","","","","","0","5,I","25","5,I","0","5,I","","","","","32.0","5,I,17,+","","","","","","","","","30.92","5,,,I","",""
"ID000096925","1998-09","-5.85","112.633","3.0","SANGKAPURA BAWEAN, ID","","","","","","","","","0","4,I","0","4,I","","","","","","","22.8","4,I,25,","","","","","","","","","","","","","","","25.21","4,,,I"
"ID000096925","2000-02","-5.85","112.633","3.0","SANGKAPURA BAWEAN, ID","","","","","","","","","0","5,I","0","5,I","","","","","","","21.8","5,I,22,","","","","","","","","","","","","","","","23.58","5,,,I"
"ID000096925","2001-11","-5.85","112.633","3.0","SANGKAPURA BAWEAN, ID","","","","","","","","","","","","","0","5,I","25","5,I","5","5,I","","","","","32.8","5,I,09,+","","","","","","","","","30.84","5,,,I","",""
"ID000096925","2001-12","-5.85","112.633","3.0","SANGKAPURA BAWEAN, ID","","","","","","","","","","","","","0","2,I","29","2,I","0","2,I","","","","","32.1","2,I,25,","","","","","","","","","30.23","2,,,I","",""
"ID000096925","2002-02","-5.85","112.633","3.0","SANGKAPURA BAWEAN, ID","","","","","","","","","","","","","0","5,I","23","5,I","0","5,I","","","","","31.7","5,I,26,","","","","","","","","","30.38","5,,,I","",""
"ID000096925","2002-03","-5.85","112.633","3.0","SANGKAPURA BAWEAN, ID","","","","","","","","","","","","","0","3,I","28","3,I","0","3,I","","","","","32.1","3,I,25,+","","","","","","","","","30.89","3,,,I","",""
"ID000096925","2002-07","-5.85","112.633","3.0","SANGKAPURA BAWEAN, ID","","","","","","","","","","","","","0","4,I","27","4,I","0","4,I","","","","","31.0","4,I,28,","","","","","","","","","30.49","4,,,I","",""
"ID000096925","2002-09","-5.85","112.633","3.0","SANGKAPURA BAWEAN, ID","","","","","","","","","","","","","0","3,I","27","3,I","0","3,I","","","","","31.8","3,I,21,","","","","","","","","","31.09","3,,,I","",""
"ID000096925","2002-10","-5.85","112.633","3.0","SANGKAPURA BAWEAN, ID","","","","","","","","","","","","","0","4,I","27","4,I","16","4,I","","","","","33.7","4,I,31,","","","","","","","","","32.40","4,,,I","",""
"ID000096925","2002-11","-5.85","112.633","3.0","SANGKAPURA BAWEAN, ID","","","","","","","","","","","","","0","4,I","26","4,I","21","4,I","","","","","34.2","4,I,19,+","","","","","","","","","33.06","4,,,I","",""
"ID000096925","2002-12","-5.85","112.633","3.0","SANGKAPURA BAWEAN, ID","","","","","","","","","","","","","0","4,I","27","4,I","13","4,I","","","","","39.4","4,I,25,","","","","","","","","","31.72","4,,,I","",""
"ID000096925","2003-02","-5.85","112.633","3.0","SANGKAPURA BAWEAN, ID","","","","","","","","","","","","","0","5,I","23","5,I","0","5,I","","","","","31.9","5,I,02,","","","","","","","","","30.08","5,,,I","",""
"ID000096925","2003-04","-5.85","112.633","3.0","SANGKAPURA BAWEAN, ID","","","","","","","","","0","5,I","0","5,I","0","5,I","25","5,I","10","5,I","23.8","5,I,14,","","","34.4","5,I,19,","","","","","","","28.57","0,I","31.75","5,,,I","25.40","5,,,I"
"ID000096925","2003-07","-5.85","112.633","3.0","SANGKAPURA BAWEAN, ID","","","","","","","","","","","","","0","5,I","26","5,I","0","5,I","","","","","30.8","5,I,18,+","","","","","","","","","30.23","5,,,I","",""
"ID000096925","2003-12","-5.85","112.633","3.0","SANGKAPURA BAWEAN, ID","","","","","","","","","","","","","0","2,I","29","2,I","1","2,I","","","","","32.5","2,I,05,","","","","","","","","","29.78","2,,,I","",""
"ID000096925","2004-01","-5.85","112.633","3.0","SANGKAPURA BAWEAN, ID","","","","","","","","","","","","","0","1,S","30","1,S","1","1,S","","","","","33.0","1,S,23,","","","","","","","","","30.54","1,,,S","",""
"ID000096925","2004-02","-5.85","112.633","3.0","SANGKAPURA BAWEAN, ID","","","","","","","","","","","","","0","5,S","24","5,S","0","5,S","","","","","31.6","5,S,19,","","","","","","","","","30.27","5,,,S","",""
"ID000096925","2004-03","-5.85","112.633","3.0","SANGKAPURA BAWEAN, ID","","","","","","","","","","","","","0","3,S","28","3,S","0","3,S","","","","","31.9","3,S,25,","","","","","","","","","30.44","3,,,S","",""
"ID000096925","2004-04","-5.85","112.633","3.0","SANGKAPURA BAWEAN, ID","","","","","","","","","0","5,S","0","5,S","0","1,S","29","1,S","14","1,S","24.5","5,S,09,","","","32.6","1,S,28,","","","","","","","29.38","6,S","32.04","1,,,S","26.72","5,,,S"
"ID000096925","2004-05","-5.85","112.633","3.0","SANGKAPURA BAWEAN, ID","","","","","","","","","","","","","0","3,S","28","3,S","3","3,S","","","","","32.6","3,S,07,","","","","","","","","","31.29","3,,,S","",""
"ID000096925","2004-06","-5.85","112.633","3.0","SANGKAPURA BAWEAN, ID","","","","","","","","","","","","","0","2,S","28","2,S","0","2,S","","","","","31.2","2,S,07,","","","","","","","","","30.31","2,,,S","",""
"ID000096925","2004-08","-5.85","112.633","3.0","SANGKAPURA BAWEAN, ID","","","","","","","","","","","","","0","3,S","28","3,S","0","3,S","","","","","30.5","3,S,29,","","","","","","","","","29.95","3,,,S","",""
"ID000096925","2004-09","-5.85","112.633","3.0","SANGKAPURA BAWEAN, ID","","","","","","","","","","","","","0","1,S","29","1,S","0","1,S","","","","","31.7","1,S,27,","","","","","","","","","30.78","1,,,S","",""
"ID000096925","2004-10","-5.85","112.633","3.0","SANGKAPURA BAWEAN, ID","","","","","","","","","0","5,S","0","5,S","0","3,S","28","3,S","12","3,S","21.2","5,S,20,","","","33.4","3,S,30,","","","","","","","28.76","8,S","32.14","3,,,S","25.37","5,,,S"
"ID000096925","2004-12","-5.85","112.633","3.0","SANGKAPURA BAWEAN, ID","","","","","","","","","","","","","0","2,S","29","2,S","5","2,S","","","","","32.8","2,S,20,","","","","","","","","","30.20","2,,,S","",""
"ID000096925","2005-01","-5.85","112.633","3.0","SANGKAPURA BAWEAN, ID","","","","","","","","","","","","","0","3,S","28","3,S","3","3,S","","","","","32.4","3,S,13,","","","","","","","","","31.11","3,,,S","",""
"ID000096925","2005-02","-5.85","112.633","3.0","SANGKAPURA BAWEAN, ID","","","","","","","","","","","","","0","3,S","25","3,S","0","3,S","","","","","31.9","3,S,23,","","","","","","","","","30.80","3,,,S","",""
"ID000096925","2005-03","-5.85","112.633","3.0","SANGKAPURA BAWEAN, ID","","","","","","","","","","","","","0","3,S","28","3,S","4","3,S","","","","","32.4","3,S,29,+","","","","","","","","","31.24","3,,,S","",""
"ID000096925","2005-04","-5.85","112.633","3.0","SANGKAPURA BAWEAN, ID","","","","","","","","","","","","","0","3,S","27","3,S","2","3,S","","","","","32.2","3,S,16,+","","","","","","","","","31.40","3,,,S","",""
"ID000096925","2005-05","-5.85","112.633","3.0","SANGKAPURA BAWEAN, ID","","","","","","","","","","","","","0","4,S","27","4,S","2","4,S","","","","","32.2","4,S,10,+","","","","","","","","","31.30","4,,,S","",""
"ID000096925","2005-07","-5.85","112.633","3.0","SANGKAPURA BAWEAN, ID","","","","","","","","","","","","","0","5,S","26","5,S","0","5,S","","","","","31.4","5,S,16,","","","","","","","","","30.39","5,,,S","",""
"ID000096925","2005-08","-5.85","112.633","3.0","SANGKAPURA BAWEAN, ID","","","","","","","","","","","","","0","2,S","29","2,S","0","2,S","","","","","32.0","2,S,08,","","","","","","","","","30.56","2,,,S","",""
"ID000096925","2005-09","-5.85","112.633","3.0","SANGKAPURA BAWEAN, ID","","","","","","","","","","","","","0","1,S","29","1,S","6","1,S","","","","","33.2","1,S,27,","","","","","","","","","31.63","1,,,S","",""
"ID000096925","2006-07","-5.85","112.633","3.0","SANGKAPURA BAWEAN, ID","","","","","","","","","","","","","0","5,S","26","5,S","1","5,S","","","","","33.0","5,S,04,","","","","","","","","","30.00","5,,,S","",""
"ID000096925","2006-10","-5.85","112.633","3.0","SANGKAPURA BAWEAN, ID","","","","","","","","","","","","","0","3,S","28","3,S","6","3,S","","","","","32.4","3,S,30,+","","","","","","","","","31.86","3,,,S","",""
"ID000096925","2007-02","-5.85","112.633","3.0","SANGKAPURA BAWEAN, ID","","","","","","","","","","","","","0","5,S","23","5,S","0","5,S","","","","","31.8","5,S,13,","","","","","","","","","30.61","5,,,S","",""
"ID000096925","2007-08","-5.85","112.633","3.0","SANGKAPURA BAWEAN, ID","","","","","","","","","","","","","0","5,S","26","5,S","0","5,S","","","","","30.6","5,S,20,+","","","","","","","","","30.05","5,,,S","",""
"ID000096925","2007-09","-5.85","112.633","3.0","SANGKAPURA BAWEAN, ID","","","","","","","","","","","","","0","1,S","29","1,S","0","1,S","","","","","31.6","1,S,25,+","","","","","","","","","30.91","1,,,S","",""
"ID000096925","2007-10","-5.85","112.633","3.0","SANGKAPURA BAWEAN, ID","","","","","","","","","","","","","0",",S","31",",S","7",",S","","","","","33.0",",S,30,","","","","","","","","","31.73",",,,S","",""
"ID000096925","2007-11","-5.85","112.633","3.0","SANGKAPURA BAWEAN, ID","","","","","","","","","","","","","0","1,S","29","1,S","14","1,S","","","","","32.8","1,S,26,","","","","","","","","","31.59","1,,,S","",""
"ID000096925","2007-12","-5.85","112.633","3.0","SANGKAPURA BAWEAN, ID","","","","","","","","","","","","","0","3,S","28","3,S","4","3,S","","","","","32.6","3,S,02,","","","","","","","","","30.29","3,,,S","",""
"ID000096925","2008-01","-5.85","112.633","3.0","SANGKAPURA BAWEAN, ID","","","","","","","","","","","","","0","2,S","29","2,S","1","2,S","","","","","32.4","2,S,28,","","","","","","","","","30.45","2,,,S","",""
"ID000096925","2008-02","-5.85","112.633","3.0","SANGKAPURA BAWEAN, ID","","","","","","","","","","","","","0","1,S","28","1,S","0","1,S","","","","","31.6","1,S,01,","","","","","","","","","29.31","1,,,S","",""
"ID000096925","2008-03","-5.85","112.633","3.0","SANGKAPURA BAWEAN, ID","","","","","","","","","","","","","0","3,S","28","3,S","1","3,S","","","","","32.6","3,S,29,","","","","","","","","","30.31","3,,,S","",""
"ID000096925","2008-04","-5.85","112.633","3.0","SANGKAPURA BAWEAN, ID","","","","","","","","","","","","","0","4,S","26","4,S","1","4,S","","","","","32.4","4,S,25,","","","","","","","","","31.00","4,,,S","",""
"ID000096925","2008-05","-5.85","112.633","3.0","SANGKAPURA BAWEAN, ID","","","","","","","","","","","","","0","4,S","27","4,S","0","4,S","","","","","31.9","4,S,03,","","","","","","","","","31.04","4,,,S","",""
"ID000096925","2008-06","-5.85","112.633","3.0","SANGKAPURA BAWEAN, ID","","","","","","","","","","","","","0","2,S","28","2,S","0","2,S","","","","","31.0","2,S,09,+","","","","","","","","","30.09","2,,,S","",""
"ID000096925","2008-07","-5.85","112.633","3.0","SANGKAPURA BAWEAN, ID","","","","","","","","","","","","","0","2,S","29","2,S","0","2,S","","","","","30.4","2,S,12,+","","","","","","","","","29.81","2,,,S","",""
"ID000096925","2008-08","-5.85","112.633","3.0","SANGKAPURA BAWEAN, ID","","","","","","","","","","","","","0","1,S","30","1,S","0","1,S","","","","","30.8","1,S,28,+","","","","","","","","","30.00","1,,,S","",""
"ID000096925","2008-09","-5.85","112.633","3.0","SANGKAPURA BAWEAN, ID","","","","","","","","","","","","","0","3,S","27","3,S","0","3,S","","","","","32.0","3,S,27,","","","","","","","","","31.31","3,,,S","",""
"ID000096925","2008-10","-5.85","112.633","3.0","SANGKAPURA BAWEAN, ID","","","","","","","","","","","","","0","4,S","27","4,S","5","4,S","","","","","32.6","4,S,17,","","","","","","","","","31.59","4,,,S","",""
"ID000096925","2008-11","-5.85","112.633","3.0","SANGKAPURA BAWEAN, ID","","","","","","","","","","","","","0","4,S","26","4,S","6","4,S","","","","","32.8","4,S,30,","","","","","","","","","31.13","4,,,S","",""
"ID000096925","2008-12","-5.85","112.633","3.0","SANGKAPURA BAWEAN, ID","","","","","","","","","","","","","0","2,S","29","2,S","4","2,S","","","","","32.8","2,S,06,","","","","","","","","","30.11","2,,,S","",""
"ID000096925","2009-01","-5.85","112.633","3.0","SANGKAPURA BAWEAN, ID","","","","","","","","","","","","","0","2,S","29","2,S","1","2,S","","","","","32.7","2,S,06,","","","","","","","","","29.61","2,,,S","",""
"ID000096925","2009-02","-5.85","112.633","3.0","SANGKAPURA BAWEAN, ID","","","","","","","","","","","","","0","2,S","26","2,S","0","2,S","","","","","31.6","2,S,23,+","","","","","","","","","29.85","2,,,S","",""
"ID000096925","2009-03","-5.85","112.633","3.0","SANGKAPURA BAWEAN, ID","","","","","","","","","","","","","0","3,S","28","3,S","6","3,S","","","","","32.9","3,S,20,","","","","","","","","","31.69","3,,,S","",""
"ID000096925","2009-04","-5.85","112.633","3.0","SANGKAPURA BAWEAN, ID","","","","","","","","","","","","","0","2,S","28","2,S","7","2,S","","","","","32.4","2,S,16,+","","","","","","","","","31.55","2,,,S","",""
"ID000096925","2009-05","-5.85","112.633","3.0","SANGKAPURA BAWEAN, ID","","","","","","","","","","","","","0","3,S","28","3,S","1","3,S","","","","","33.2","3,S,17,","","","","","","","","","31.14","3,,,S","",""
"ID000096925","2009-06","-5.85","112.633","3.0","SANGKAPURA BAWEAN, ID","","","","","","","","","","","","","0","4,S","26","4,S","0","4,S","","","","","31.3","4,S,08,+","","","","","","","","","30.82","4,,,S","",""
"ID000096925","2009-07","-5.85","112.633","3.0","SANGKAPURA BAWEAN, ID","","","","","","","","","","","","","0","2,S","29","2,S","0","2,S","","","","","30.9","2,S,03,","","","","","","","","","30.25","2,,,S","",""
"ID000096925","2009-08","-5.85","112.633","3.0","SANGKAPURA BAWEAN, ID","","","","","","","","","","","","","0",",S","31",",S","0",",S","","","","","31.1",",S,31,","","","","","","","","","30.28",",,,S","",""
"ID000096925","2009-09","-5.85","112.633","3.0","SANGKAPURA BAWEAN, ID","","","","","","","","","","","","","0",",S","30",",S","0",",S","","","","","32.0",",S,26,","","","","","","","","","31.30",",,,S","",""
"ID000096925","2009-10","-5.85","112.633","3.0","SANGKAPURA BAWEAN, ID","","","","","","","","","","","","","0","2,S","29","2,S","18","2,S","","","","","32.8","2,S,20,","","","","","","","","","32.22","2,,,S","",""
"ID000096925","2009-11","-5.85","112.633","3.0","SANGKAPURA BAWEAN, ID","","","","","","","","","","","","","0","2,S","28","2,S","21","2,S","","","","","33.4","2,S,28,+","","","","","","","","","32.48","2,,,S","",""
"ID000096925","2009-12","-5.85","112.633","3.0","SANGKAPURA BAWEAN, ID","","","","","","","","","","","","","0","3,S","28","3,S","10","3,S","","","","","33.3","3,S,01,","","","","","","","","","31.51","3,,,S","",""
"ID000096925","2010-01","-5.85","112.633","3.0","SANGKAPURA BAWEAN, ID","","","","","","","","","","","","","0","4,S","27","4,S","1","4,S","","","","","32.6","4,S,03,","","","","","","","","","30.26","4,,,S","",""
"ID000096925","2010-02","-5.85","112.633","3.0","SANGKAPURA BAWEAN, ID","","","","","","","","","","","","","0","2,S","26","2,S","7","2,S","","","","","33.3","2,S,28,","","","","","","","","","31.53","2,,,S","",""
"ID000096925","2010-03","-5.85","112.633","3.0","SANGKAPURA BAWEAN, ID","","","","","","","","","","","","","0","4,S","27","4,S","7","4,S","","","","","33.2","4,S,08,","","","","","","","","","31.42","4,,,S","",""
"ID000096925","2010-04","-5.85","112.633","3.0","SANGKAPURA BAWEAN, ID","","","","","","","","","","","","","0","3,S","27","3,S","10","3,S","","","","","33.2","3,S,24,","","","","","","","","","31.91","3,,,S","",""
"ID000096925","2010-05","-5.85","112.633","3.0","SANGKAPURA BAWEAN, ID","","","","","","","","","","","","","0","2,S","29","2,S","4","2,S","","","","","32.6","2,S,02,","","","","","","","","","31.10","2,,,S","",""
"ID000096925","2010-06","-5.85","112.633","3.0","SANGKAPURA BAWEAN, ID","","","","","","","","","","","","","0","4,S","26","4,S","1","4,S","","","","","32.2","4,S,02,","","","","","","","","","30.61","4,,,S","",""
"ID000096925","2010-07","-5.85","112.633","3.0","SANGKAPURA BAWEAN, ID","","","","","","","","","","","","","0","1,S","30","1,S","0","1,S","","","","","31.2","1,S,31,+","","","","","","","","","30.19","1,,,S","",""
"ID000096925","2010-08","-5.85","112.633","3.0","SANGKAPURA BAWEAN, ID","","","","","","","","","","","","","0",",S","31",",S","0",",S","","","","","31.3",",S,21,","","","","","","","","","30.50",",,,S","",""
"ID000096925","2010-09","-5.85","112.633","3.0","SANGKAPURA BAWEAN, ID","","","","","","","","","","","","","0",",S","30",",S","0",",S","","","","","31.7",",S,30,+","","","","","","","","","30.68",",,,S","",""
"ID000096925","2010-10","-5.85","112.633","3.0","SANGKAPURA BAWEAN, ID","","","","","","","","","","","","","0","1,S","30","1,S","2","1,S","","","","","32.4","1,S,06,","","","","","","","","","30.51","1,,,S","",""
"ID000096925","2010-11","-5.85","112.633","3.0","SANGKAPURA BAWEAN, ID","","","","","","","","","","","","","0","1,S","29","1,S","9","1,S","","","","","32.6","1,S,28,","","","","","","","","","31.17","1,,,S","",""
"ID000096925","2010-12","-5.85","112.633","3.0","SANGKAPURA BAWEAN, ID","","","","","","","","","","","","","0","1,S","30","1,S","0","1,S","","","","","32.0","1,S,14,","","","","","","","","","29.68","1,,,S","",""
"ID000096925","2011-01","-5.85","112.633","3.0","SANGKAPURA BAWEAN, ID","","","","","","","","","","","","","0","1,S","30","1,S","0","1,S","","","","","31.3","1,S,03,","","","","","","","","","29.96","1,,,S","",""
"ID000096925","2011-02","-5.85","112.633","3.0","SANGKAPURA BAWEAN, ID","","","","","","","","","","","","","0","2,S","26","2,S","1","2,S","","","","","32.4","2,S,10,","","","","","","","","","30.13","2,,,S","",""
"ID000096925","2011-03","-5.85","112.633","3.0","SANGKAPURA BAWEAN, ID","","","","","","","","","0","5,S","0","5,S","0","1,S","30","1,S","0","1,S","22.4","5,S,24,","","","31.9","1,S,09,","","","","","","","27.39","6,S","30.19","1,,,S","24.58","5,,,S"
"ID000096925","2011-04","-5.85","112.633","3.0","SANGKAPURA BAWEAN, ID","","","","","","","","","","","","","0","2,S","28","2,S","0","2,S","","","","","31.5","2,S,22,","","","","","","","","","30.30","2,,,S","",""
"ID000096925","2011-05","-5.85","112.633","3.0","SANGKAPURA BAWEAN, ID","","","","","","","","","","","","","0",",S","31",",S","0",",S","","","","","31.8",",S,13,","","","","","","","","","30.82",",,,S","",""
"ID000096925","2011-06","-5.85","112.633","3.0","SANGKAPURA BAWEAN, ID","","","","","","","","","","","","","0","2,S","28","2,S","0","2,S","","","","","30.8","2,S,03,+","","","","","","","","","30.11","2,,,S","",""
"ID000096925","2011-07","-5.85","112.633","3.0","SANGKAPURA BAWEAN, ID","","","","","","","","","","","","","0","1,S","30","1,S","0","1,S","","","","","30.4","1,S,15,+","","","","","","","","","29.76","1,,,S","",""
"ID000096925","2011-08","-5.85","112.633","3.0","SANGKAPURA BAWEAN, ID","","","","","","","","","0","1,S","0","1,S","0","5,S","26","5,S","0","5,S","24.2","1,S,26,","","","30.5","5,S,30,","","","","","","","27.83","6,S","29.85","5,,,S","25.82","1,,,S"
"ID000096925","2011-09","-5.85","112.633","3.0","SANGKAPURA BAWEAN, ID","","","","","","","","","0","5,S","0","5,S","0","2,S","28","2,S","0","2,S","23.7","5,S,28,+","","","31.3","2,S,30,+","","","","","","","28.35","7,S","30.66","2,,,S","26.04","5,,,S"
"ID000096925","2011-10","-5.85","112.633","3.0","SANGKAPURA BAWEAN, ID","","","","","","","","","","","","","0","4,S","27","4,S","2","4,S","","","","","32.6","4,S,31,+","","","","","","","","","31.45","4,,,S","",""
"ID000096925","2011-11","-5.85","112.633","3.0","SANGKAPURA BAWEAN, ID","","","","","","","","","","","","","0","5,S","25","5,S","6","5,S","","","","","32.5","5,S,26,+","","","","","","","","","31.22","5,,,S","",""
"ID000096925","2012-01","-5.85","112.633","3.0","SANGKAPURA BAWEAN, ID","","","","","","","","","","","","","0","2,S","29","2,S","0","2,S","","","","","31.7","2,S,03,","","","","","","","","","29.90","2,,,S","",""
"ID000096925","2012-02","-5.85","112.633","3.0","SANGKAPURA BAWEAN, ID","","","","","","","","","","","","","0",",S","29",",S","0",",S","","","","","31.9",",S,24,","","","","","","","","","30.43",",,,S","",""
"ID000096925","2012-03","-5.85","112.633","3.0","SANGKAPURA BAWEAN, ID","","","","","","","","","","","","","0","4,S","27","4,S","0","4,S","","","","","32.1","4,S,07,","","","","","","","","","30.38","4,,,S","",""
"ID000096925","2012-04","-5.85","112.633","3.0","SANGKAPURA BAWEAN, ID","","","","","","","","","","","","","0","1,S","29","1,S","4","1,S","","","","","32.7","1,S,30,+","","","","","","","","","31.43","1,,,S","",""
"ID000096925","2012-05","-5.85","112.633","3.0","SANGKAPURA BAWEAN, ID","","","","","","","","","","","","","0","4,S","27","4,S","1","4,S","","","","","32.3","4,S,02,","","","","","","","","","31.10","4,,,S","",""
"ID000096925","2012-06","-5.85","112.633","3.0","SANGKAPURA BAWEAN, ID","","","","","","","","","","","","","0","5,S","25","5,S","0","5,S","","","","","31.2","5,S,07,","","","","","","","","","30.26","5,,,S","",""
"ID000096925","2012-08","-5.85","112.633","3.0","SANGKAPURA BAWEAN, ID","","","","","","","","","0","5,S","0","5,S","","","","","","","23.1","5,S,31,","","","","","","","","","","","","","","","25.69","5,,,S"
"ID000096925","2012-10","-5.85","112.633","3.0","SANGKAPURA BAWEAN, ID","","","","","","","","","","","","","0","2,S","29","2,S","17","2,S","","","","","33.1","2,S,11,","","","","","","","","","32.10","2,,,S","",""
"ID000096925","2012-11","-5.85","112.633","3.0","SANGKAPURA BAWEAN, ID","","","","","","","","","","","","","0","4,S","26","4,S","15","4,S","","","","","33.2","4,S,03,","","","","","","","","","31.92","4,,,S","",""
"ID000096925","2012-12","-5.85","112.633","3.0","SANGKAPURA BAWEAN, ID","","","","","","","","","","","","","0","5,S","26","5,S","6","5,S","","","","","33.1","5,S,02,","","","","","","","","","31.17","5,,,S","",""
"ID000096925","2013-01","-5.85","112.633","3.0","SANGKAPURA BAWEAN, ID","261.3","2,S","","","","","","","0","2,S","0","2,S","0",",S","31",",S","0",",S","23.0","2,S,28,+","","","31.9",",S,03,","0.0","S","0.0",",S","","","27.34","2,S","30.24",",,,S","24.45","2,,,S"
"ID000096925","2013-02","-5.85","112.633","3.0","SANGKAPURA BAWEAN, ID","","","","","","","","","","","","","0","2,S","26","2,S","6","2,S","","","","","32.7","2,S,10,+","","","","","","","","","30.92","2,,,S","",""
"ID000096925","2013-03","-5.85","112.633","3.0","SANGKAPURA BAWEAN, ID","","","","","","","","","","","","","0","1,S","30","1,S","5","1,S","","","","","33.5","1,S,30,","","","","","","","","","31.41","1,,,S","",""
"ID000096925","2013-04","-5.85","112.633","3.0","SANGKAPURA BAWEAN, ID","","","","","","","","","","","","","0","2,S","28","2,S","4","2,S","","","","","32.4","2,S,24,+","","","","","","","","","31.57","2,,,S","",""
"ID000096925","2014-01","-5.85","112.633","3.0","SANGKAPURA BAWEAN, ID","","","","","","","","","0","5,","0","5,S","","","","","","","22.0","5,S,17,","","","","","","","","","","","","","","","24.70","5,,,S"
"ID000096925","2014-10","-5.85","112.633","3.0","SANGKAPURA BAWEAN, ID","","","","","","","","","","","","","0","5,S","26","5,S","9","5,S","","","","","32.7","5,S,27,","","","","","","","","","31.99","5,,,S","",""
"ID000096925","2015-03","-5.85","112.633","3.0","SANGKAPURA BAWEAN, ID","","","","","","","","","","","","","0","5,S","26","5,S","2","5,S","","","","","32.3","5,S,31,","","","","","","","","","31.19","5,,,S","",""
"ID000096925","2015-04","-5.85","112.633","3.0","SANGKAPURA BAWEAN, ID","","","","","","","","","","","","","0","3,S","27","3,S","5","3,S","","","","","32.5","3,S,09,","","","","","","","","","30.84","3,,,S","",""
"ID000096925","2015-05","-5.85","112.633","3.0","SANGKAPURA BAWEAN, ID","","","","","","","","","","","","","0","2,S","29","2,S","0","2,S","","","","","32.0","2,S,30,","","","","","","","","","30.82","2,,,S","",""
"ID000096925","2015-06","-5.85","112.633","3.0","SANGKAPURA BAWEAN, ID","","","","","","","","","","","","","0","3,S","27","3,S","0","3,S","","","","","31.5","3,S,08,","","","","","","","","","30.60","3,,,S","",""
"ID000096925","2015-07","-5.85","112.633","3.0","SANGKAPURA BAWEAN, ID","","","","","","","","","","","","","0","2,S","29","2,S","0","2,S","","","","","30.2","2,S,13,","","","","","","","","","29.77","2,,,S","",""
"ID000096925","2015-08","-5.85","112.633","3.0","SANGKAPURA BAWEAN, ID","","","","","","","","","","","","","0",",S","31",",S","0",",S","","","","","30.6",",S,27,","","","","","","","","","29.85",",,,S","",""
"ID000096925","2015-09","-5.85","112.633","3.0","SANGKAPURA BAWEAN, ID","","","","","","","","","","","","","0",",S","30",",S","0",",S","","","","","31.2",",S,21,","","","","","","","","","30.40",",,,S","",""
"ID000096925","2015-10","-5.85","112.633","3.0","SANGKAPURA BAWEAN, ID","","","","","","","","","","","","","0","2,S","29","2,S","3","2,S","","","","","32.5","2,S,19,","","","","","","","","","31.29","2,,,S","",""
"ID000096925","2015-11","-5.85","112.633","3.0","SANGKAPURA BAWEAN, ID","","","","","","","","","","","","","0","3,S","27","3,S","25","3,S","","","","","34.9","3,S,30,","","","","","","","","","33.31","3,,,S","",""
"ID000096925","2015-12","-5.85","112.633","3.0","SANGKAPURA BAWEAN, ID","","","","","","","","","","","","","0","5,S","26","5,S","12","5,S","","","","","35.2","5,S,01,","","","","","","","","","32.10","5,,,S","",""
"ID000096925","2016-02","-5.85","112.633","3.0","SANGKAPURA BAWEAN, ID","","","","","","","","","","","","","0","3,S","26","3,S","2","3,S","","","","","33.5","3,S,14,","","","","","","","","","30.43","3,,,S","",""
"ID000096925","2016-03","-5.85","112.633","3.0","SANGKAPURA BAWEAN, ID","","","","","","","","","","","","","0","4,S","27","4,S","12","4,S","","","","","33.2","4,S,22,","","","","","","","","","31.67","4,,,S","",""
"ID000096925","2016-05","-5.85","112.633","3.0","SANGKAPURA BAWEAN, ID","","","","","","","","","","","","","0","2,S","29","2,S","19","2,S","","","","","33.6","2,S,09,","","","","","","","","","32.16","2,,,S","",""
"ID000096925","2016-06","-5.85","112.633","3.0","SANGKAPURA BAWEAN, ID","","","","","","","","","","","","","0","4,S","26","4,S","1","4,S","","","","","32.7","4,S,05,","","","","","","","","","31.19","4,,,S","",""
"ID000096925","2016-09","-5.85","112.633","3.0","SANGKAPURA BAWEAN, ID","","","","","","","","","","","","","0","5,S","25","5,S","1","5,S","","","","","32.4","5,S,28,","","","","","","","","","31.49","5,,,S","",""
"ID000096925","2016-10","-5.85","112.633","3.0","SANGKAPURA BAWEAN, ID","","","","","","","","","","","","","0","1,S","30","1,S","8","1,S","","","","","32.7","1,S,04,","","","","","","","","","31.28","1,,,S","",""
"ID000096925","2016-12","-5.85","112.633","3.0","SANGKAPURA BAWEAN, ID","","","","","","","","","","","","","0","5,S","26","5,S","2","5,S","","","","","32.4","5,S,21,","","","","","","","","","30.50","5,,,S","",""
"ID000096925","2017-01","-5.85","112.633","3.0","SANGKAPURA BAWEAN, ID","","","","","","","","","","","","","0","3,S","28","3,S","4","3,S","","","","","32.9","3,S,09,","","","","","","","","","30.58","3,,,S","",""
"ID000096925","2017-02","-5.85","112.633","3.0","SANGKAPURA BAWEAN, ID","","","","","","","","","0","1,S","0","1,S","","","","","","","23.4","1,S,03,","","","","","","","","","","","","","","","24.63","1,,,S"
"ID000096925","2017-04","-5.85","112.633","3.0","SANGKAPURA BAWEAN, ID","","","","","","","","","","","","","0","3,S","27","3,S","1","3,S","","","","","32.2","3,S,24,","","","","","","","","","31.46","3,,,S","",""
"ID000096925","2017-05","-5.85","112.633","3.0","SANGKAPURA BAWEAN, ID","","","","","","","","","","","","","0","1,S","30","1,S","1","1,S","","","","","32.2","1,S,01,","","","","","","","","","31.15","1,,,S","",""
"ID000096925","2017-06","-5.85","112.633","3.0","SANGKAPURA BAWEAN, ID","","","","","","","","","","","","","0","4,S","26","4,S","0","4,S","","","","","31.4","4,S,04,","","","","","","","","","30.53","4,,,S","",""
"ID000096925","2017-09","-5.85","112.633","3.0","SANGKAPURA BAWEAN, ID","","","","","","","","","","","","","0","5,S","25","5,S","0","5,S","","","","","31.9","5,S,30,","","","","","","","","","30.90","5,,,S","",""
"ID000096925","2017-10","-5.85","112.633","3.0","SANGKAPURA BAWEAN, ID","","","","","","","","","","","","","0","3,S","28","3,S","22","3,S","","","","","33.4","3,S,30,+","","","","","","","","","32.53","3,,,S","",""
"ID000096925","2017-11","-5.85","112.633","3.0","SANGKAPURA BAWEAN, ID","","","","","","","","","","","","","0","5,S","25","5,S","6","5,S","","","","","33.2","5,S,09,","","","","","","","","","30.87","5,,,S","",""
"ID000096925","2018-01","-5.85","112.633","3.0","SANGKAPURA BAWEAN, ID","","","","","","","","","","","","","0","3,S","28","3,S","1","3,S","","","","","32.5","3,S,09,","","","","","","","","","30.04","3,,,S","",""
"ID000096925","2018-02","-5.85","112.633","3.0","SANGKAPURA BAWEAN, ID","","","","","","","","","","","","","0","5,S","23","5,S","1","5,S","","","","","32.3","5,S,22,","","","","","","","","","30.16","5,,,S","",""
"ID000096925","2018-03","-5.85","112.633","3.0","SANGKAPURA BAWEAN, ID","","","","","","","","","","","","","0","5,S","26","5,S","5","5,S","","","","","32.4","5,S,24,+","","","","","","","","","31.11","5,,,S","",""
"ID000096925","2018-04","-5.85","112.633","3.0","SANGKAPURA BAWEAN, ID","","","","","","","","","","","","","0","2,S","28","2,S","14","2,S","","","","","32.7","2,S,24,","","","","","","","","","32.01","2,,,S","",""
"ID000096925","2018-05","-5.85","112.633","3.0","SANGKAPURA BAWEAN, ID","","","","","","","","","","","","","0","5,S","26","5,S","0","5,S","","","","","32.0","5,S,12,+","","","","","","","","","31.50","5,,,S","",""
"ID000096925","2018-07","-5.85","112.633","3.0","SANGKAPURA BAWEAN, ID","","","","","","","","","","","","","0","1,S","30","1,S","0","1,S","","","","","31.4","1,S,02,","","","","","","","","","30.32","1,,,S","",""
"ID000096925","2018-08","-5.85","112.633","3.0","SANGKAPURA BAWEAN, ID","","","","","","","","","","","","","0","2,S","29","2,S","0","2,S","","","","","31.0","2,S,29,","","","","","","","","","30.32","2,,,S","",""
"ID000096925","2018-09","-5.85","112.633","3.0","SANGKAPURA BAWEAN, ID","","","","","","","","","","","","","0","4,S","26","4,S","1","4,S","","","","","32.3","4,S,20,","","","","","","","","","31.06","4,,,S","",""
"ID000096925","2018-10","-5.85","112.633","3.0","SANGKAPURA BAWEAN, ID","","","","","","","","","","","","","0","1,S","30","1,S","14","1,S","","","","","32.8","1,S,28,+","","","","","","","","","31.98","1,,,S","",""
"ID000096925","2018-11","-5.85","112.633","3.0","SANGKAPURA BAWEAN, ID","","","","","","","","","","","","","0","2,S","28","2,S","16","2,S","","","","","33.2","2,S,15,","","","","","","","","","31.84","2,,,S","",""
"ID000096925","2018-12","-5.85","112.633","3.0","SANGKAPURA BAWEAN, ID","","","","","","","","","","","","","0","1,S","30","1,S","7","1,S","","","","","33.1","1,S,07,","","","","","","","","","31.37","1,,,S","",""
"ID000096925","2019-01","-5.85","112.633","3.0","SANGKAPURA BAWEAN, ID","","","","","","","","","","","","","0","5,S","26","5,S","2","5,S","","","","","32.4","5,S,08,","","","","","","","","","30.44","5,,,S","",""
"ID000096925","2019-02","-5.85","112.633","3.0","SANGKAPURA BAWEAN, ID","","","","","","","","","","","","","0","3,S","25","3,S","4","3,S","","","","","32.5","3,S,25,","","","","","","","","","31.16","3,,,S","",""
"ID000096925","2019-03","-5.85","112.633","3.0","SANGKAPURA BAWEAN, ID","","","","","","","","","0","5,S","0","5,S","","","","","","","22.9","5,S,09,","","","","","","","","","","","","","","","24.30","5,,,S"
"ID000096925","2019-04","-5.85","112.633","3.0","SANGKAPURA BAWEAN, ID","","","","","","","","","","","","","0","1,S","29","1,S","6","1,S","","","","","32.6","1,S,07,","","","","","","","","","31.64","1,,,S","",""
"ID000096925","2019-05","-5.85","112.633","3.0","SANGKAPURA BAWEAN, ID","","","","","","","","","","","","","0","4,S","27","4,S","6","4,S","","","","","32.6","4,S,06,","","","","","","","","","31.64","4,,,S","",""
"ID000096925","2019-06","-5.85","112.633","3.0","SANGKAPURA BAWEAN, ID","","","","","","","","","","","","","0","2,S","28","2,S","2","2,S","","","","","32.4","2,S,11,+","","","","","","","","","30.79","2,,,S","",""
"ID000096925","2019-07","-5.85","112.633","3.0","SANGKAPURA BAWEAN, ID","","","","","","","","","","","","","0","5,S","26","5,S","0","5,S","","","","","31.6","5,S,26,","","","","","","","","","30.07","5,,,S","",""
"ID000096925","2019-08","-5.85","112.633","3.0","SANGKAPURA BAWEAN, ID","","","","","","","","","0","5,S","0","5,S","0","3,S","28","3,S","0","3,S","24.2","5,S,15,","","","32.0","3,S,13,","","","","","","","27.81","8,S","29.94","3,,,S","25.68","5,,,S"
"ID000096925","2019-09","-5.85","112.633","3.0","SANGKAPURA BAWEAN, ID","","","","","","","","","","","","","0","4,S","26","4,S","0","4,S","","","","","31.4","4,S,07,","","","","","","","","","30.50","4,,,S","",""
"ID000096925","2019-10","-5.85","112.633","3.0","SANGKAPURA BAWEAN, ID","","","","","","","","","","","","","0","5,S","26","5,S","9","5,S","","","","","33.8","5,S,21,","","","","","","","","","31.91","5,,,S","",""
"ID000096925","2019-11","-5.85","112.633","3.0","SANGKAPURA BAWEAN, ID","","","","","","","","","","","","","0","1,S","29","1,S","27","1,S","","","","","34.0","1,S,26,","","","","","","","","","33.02","1,,,S","",""
"ID000096925","2019-12","-5.85","112.633","3.0","SANGKAPURA BAWEAN, ID","","","","","","","","","","","","","0","5,S","26","5,S","14","5,S","","","","","34.0","5,S,10,","","","","","","","","","32.20","5,,,S","",""
"ID000096925","2020-02","-5.85","112.633","3.0","SANGKAPURA BAWEAN, ID","","","","","","","","","","","","","0","1,S","28","1,S","4","1,S","","","","","32.4","1,S,24,","","","","","","","","","30.99","1,,,S","",""
"ID000096925","2020-04","-5.85","112.633","3.0","SANGKAPURA BAWEAN, ID","","","","","","","","","","","","","0","4,S","26","4,S","9","4,S","","","","","33.3","4,S,02,","","","","","","","","","31.76","4,,,S","",""
"ID000096925","2020-05","-5.85","112.633","3.0","SANGKAPURA BAWEAN, ID","","","","","","","","","","","","","0","1,S","30","1,S","5","1,S","","","","","32.8","1,S,23,","","","","","","","","","31.37","1,,,S","",""
"ID000096925","2020-06","-5.85","112.633","3.0","SANGKAPURA BAWEAN, ID","","","","","","","","","","","","","0","1,S","29","1,S","0","1,S","","","","","31.4","1,S,20,+","","","","","","","","","30.88","1,,,S","",""
"ID000096925","2020-07","-5.85","112.633","3.0","SANGKAPURA BAWEAN, ID","","","","","","","","","","","","","0","2,S","29","2,S","0","2,S","","","","","31.1","2,S,11,","","","","","","","","","30.29","2,,,S","",""
"ID000096925","2020-08","-5.85","112.633","3.0","SANGKAPURA BAWEAN, ID","","","","","","","","","","","","","0","1,S","30","1,S","0","1,S","","","","","31.4","1,S,18,","","","","","","","","","30.53","1,,,S","",""
"ID000096925","2020-09","-5.85","112.633","3.0","SANGKAPURA BAWEAN, ID","","","","","","","","","","","","","0","2,S","28","2,S","9","2,S","","","","","32.8","2,S,25,","","","","","","","","","31.64","2,,,S","",""
"ID000096925","2020-10","-5.85","112.633","3.0","SANGKAPURA BAWEAN, ID","","","","","","","","","","","","","0","3,S","28","3,S","11","3,S","","","","","32.7","3,S,29,","","","","","","","","","31.74","3,,,S","",""
"ID000096925","2020-11","-5.85","112.633","3.0","SANGKAPURA BAWEAN, ID","","","","","","","","","","","","","0",",S","30",",S","16",",S","","","","","33.2",",S,21,","","","","","","","","","31.62",",,,S","",""
"ID000096925","2020-12","-5.85","112.633","3.0","SANGKAPURA BAWEAN, ID","","","","","","","","","","","","","0",",S","31",",S","3",",S","","","","","32.5",",S,04,","","","","","","","","","30.43",",,,S","",""
"ID000096925","2021-01","-5.85","112.633","3.0","SANGKAPURA BAWEAN, ID","","","","","","","","","","","","","0","4,S","27","4,S","0","4,S","","","","","31.1","4,S,21,","","","","","","","","","29.84","4,,,S","",""
"ID000096925","2021-03","-5.85","112.633","3.0","SANGKAPURA BAWEAN, ID","","","","","","","","","","","","","0","1,S","30","1,S","6","1,S","","","","","32.4","1,S,19,","","","","","","","","","31.23","1,,,S","",""
"ID000096925","2021-04","-5.85","112.633","3.0","SANGKAPURA BAWEAN, ID","","","","","","","","","","","","","0","3,S","27","3,S","6","3,S","","","","","32.8","3,S,10,","","","","","","","","","31.79","3,,,S","",""
"ID000096925","2021-05","-5.85","112.633","3.0","SANGKAPURA BAWEAN, ID","","","","","","","","","","","","","0","2,S","29","2,S","3","2,S","","","","","32.3","2,S,17,","","","","","","","","","31.54","2,,,S","",""
"ID000096925","2021-06","-5.85","112.633","3.0","SANGKAPURA BAWEAN, ID","","","","","","","","","","","","","0","2,S","28","2,S","1","2,S","","","","","32.3","2,S,05,","","","","","","","","","31.15","2,,,S","",""
"ID000096925","2021-07","-5.85","112.633","3.0","SANGKAPURA BAWEAN, ID","","","","","","","","","","","","","0","3,S","28","3,S","0","3,S","","","","","31.4","3,S,30,","","","","","","","","","30.63","3,,,S","",""
"ID000096925","2021-08","-5.85","112.633","3.0","SANGKAPURA BAWEAN, ID","273.7","5,S","","","","","","","0","5,S","0","5,S","0",",S","31",",S","0",",S","24.9","5,S,14,","","","32.0",",S,17,","","","0.0",",S","","","28.87","5,S","31.18",",,,S","26.55","5,,,S"
"ID000096925","2021-09","-5.85","112.633","3.0","SANGKAPURA BAWEAN, ID","","","","","","","","","","","","","0","3,S","27","3,S","0","3,S","","","","","32.1","3,S,10,","","","","","","","","","31.16","3,,,S","",""
"ID000096925","2021-10","-5.85","112.633","3.0","SANGKAPURA BAWEAN, ID","","","","","","","","","","","","","0","1,S","30","1,S","12","1,S","","","","","33.1","1,S,21,","","","","","","","","","31.94","1,,,S","",""
"ID000096925","2021-11","-5.85","112.633","3.0","SANGKAPURA BAWEAN, ID","","","","","","","","","","","","","0",",S","30",",S","8",",S","","","","","33.2",",S,22,","","","","","","","","","31.07",",,,S","",""
