"STATION","DATE","LATITUDE","LONGITUDE","ELEVATION","NAME","CDSD","CDSD_ATTRIBUTES","CLDD","CLDD_ATTRIBUTES","DP01","DP01_ATTRIBUTES","DP10","DP10_ATTRIBUTES","DP1X","DP1X_ATTRIBUTES","DSND","DSND_ATTRIBUTES","DSNW","DSNW_ATTRIBUTES","DT00","DT00_ATTRIBUTES","DT32","DT32_ATTRIBUTES","DX32","DX32_ATTRIBUTES","DX70","DX70_ATTRIBUTES","DX90","DX90_ATTRIBUTES","DYTS","DYTS_ATTRIBUTES","EMNT","EMNT_ATTRIBUTES","EMSD","EMSD_ATTRIBUTES","EMSN","EMSN_ATTRIBUTES","EMXP","EMXP_ATTRIBUTES","EMXT","EMXT_ATTRIBUTES","EVAP","EVAP_ATTRIBUTES","HDSD","HDSD_ATTRIBUTES","HTDD","HTDD_ATTRIBUTES","MNPN","MNPN_ATTRIBUTES","MXPN","MXPN_ATTRIBUTES","PRCP","PRCP_ATTRIBUTES","SNOW","SNOW_ATTRIBUTES","TAVG","TAVG_ATTRIBUTES","TMAX","TMAX_ATTRIBUTES","TMIN","TMIN_ATTRIBUTES","WDMV","WDMV_ATTRIBUTES"
"JAC00914475","1953-01","24.2883","153.9833","24.1","MARCUS ISLAND WEATHER BUREAU, JA","125.1","0","125.1",",0","14",",0","8",",0","0",",0","0",",0","0",",0","0",",0","0",",0","0",",0","31",",0","0",",0","","","17.2",",0,31,+","0",",,0,31,+","0",",,0,31,+","16.8",",,0,06,","26.7",",0,18,+","","","","","0.0",",0","","","","","68.8",",,,0","0",",,,0","22.37",",0","24.49",",,,0","20.25",",,,0","",""
"JAC00914475","1953-05","24.2883","153.9833","24.1","MARCUS ISLAND WEATHER BUREAU, JA","","","230.9",",0","17",",0","11",",0","1",",0","0",",0","0",",0","0",",0","0",",0","0",",0","31",",0","2",",0","2","","21.7",",0,13,","0",",,0,31,+","0",",,0,31,+","36.6",",,0,03,","33.3",",0,31,","","","","","0.0",",0","","","","","122.1",",,,0","0",",,,0","25.78",",0","27.82",",,,0","23.75",",,,0","",""
"JAC00914475","1953-06","24.2883","153.9833","24.1","MARCUS ISLAND WEATHER BUREAU, JA","","","309.9",",0","5",",0","5",",0","0",",0","0",",0","0",",0","0",",0","0",",0","0",",0","30",",0","11",",0","3","","23.3",",0,22,","0",",,0,30,+","0",",,0,30,+","6.9",",,0,19,","33.9",",0,09,","","","","","0.0",",0","","","","","30.5",",,,0","0",",,,0","28.66",",0","31.35",",,,0","25.97",",,,0","",""
"JAC00914475","1953-07","24.2883","153.9833","24.1","MARCUS ISLAND WEATHER BUREAU, JA","","","296.0",",0","25",",0","15",",0","1",",0","0",",0","0",",0","0",",0","0",",0","0",",0","31",",0","4",",0","3","","22.2",",0,07,","0",",,0,31,+","0",",,0,31,+","27.9",",,0,07,","34.4",",0,03,","","","0.0","0","0.0",",0","","","","","145.6",",,,0","0",",,,0","27.88",",0","30.31",",,,0","25.45",",,,0","",""
"JAC00914475","1953-08","24.2883","153.9833","24.1","MARCUS ISLAND WEATHER BUREAU, JA","","","307.5",",0","25",",0","11",",0","0",",0","0",",0","0",",0","0",",0","0",",0","0",",0","31",",0","4",",0","1","","23.9",",0,09,+","0",",,0,31,+","0",",,0,31,+","24.9",",,0,09,","33.3",",0,21,","","","0.0","0","0.0",",0","","","","","118.0",",,,0","0",",,,0","28.25",",0","30.62",",,,0","25.89",",,,0","",""
"JAC00914475","1953-09","24.2883","153.9833","24.1","MARCUS ISLAND WEATHER BUREAU, JA","","","297.1",",0","18",",0","9",",0","0",",0","0",",0","0",",0","0",",0","0",",0","0",",0","30",",0","5",",0","","","22.8",",0,03,","0",",,0,30,+","0",",,0,30,+","18.0",",,0,03,","33.3",",0,14,+","","","0.0","0","0.0",",0","","","","","84.8",",,,0","0",",,,0","28.24",",0","30.70",",,,0","25.77",",,,0","",""
"JAC00914475","1953-10","24.2883","153.9833","24.1","MARCUS ISLAND WEATHER BUREAU, JA","","","295.3",",0","14",",0","9",",0","2",",0","0",",0","0",",0","0",",0","0",",0","0",",0","31",",0","3",",0","","","22.8",",0,18,+","0",",,0,31,+","0",",,0,31,+","35.8",",,0,08,","32.8",",0,30,","","","0.0","0","0.0",",0","","","","","143.6",",,,0","0",",,,0","27.86",",0","30.24",",,,0","25.48",",,,0","",""
"JAC00914475","1953-11","24.2883","153.9833","24.1","MARCUS ISLAND WEATHER BUREAU, JA","","","230.3","3,0","15",",0","7",",0","0",",0","0",",0","0",",0","0","3,0","0","3,0","0",",0","30",",0","2",",0","","","22.8","3,0,18,+","0",",,0,30,+","0",",,0,30,+","14.2",",,0,05,","33.9",",0,04,","","","0.0","0","0.0",",0","","","","","59.0",",,,0","0",",,,0","26.86","3,0","28.83",",,,0","24.89","3,,,0","",""
"JAC00914475","1953-12","24.2883","153.9833","24.1","MARCUS ISLAND WEATHER BUREAU, JA","","","206.9",",0","18",",0","7",",0","1",",0","0",",0","0",",0","0",",0","0",",0","0",",0","31",",0","0",",0","","","21.1",",0,27,+","0",",,0,31,+","0",",,0,31,+","45.0",",,0,15,","30.6",",0,24,","","","0.0","0","0.0",",0","","","","","121.5",",,,0","0",",,,0","25.01",",0","26.87",",,,0","23.14",",,,0","",""
"JAC00914475","1954-01","24.2883","153.9833","24.1","MARCUS ISLAND WEATHER BUREAU, JA","138.6","0","138.6","1,0","11","1,0","11","1,0","2","1,0","0",",0","0",",0","0","1,0","0","1,0","0",",0","31",",0","0",",0","1","","17.2","1,0,31,","0",",,0,31,+","0",",,0,31,+","133.1","1,,0,03,","30.0",",0,07,","","","0.0","0","0.0",",0","","","","","308.8","1,,,0","0",",,,0","22.96","1,0","25.40",",,,0","20.51","1,,,0","",""
"JAC00914475","1954-02","24.2883","153.9833","24.1","MARCUS ISLAND WEATHER BUREAU, JA","238.9","0","100.3",",0","11",",0","9",",0","4",",0","0",",0","0",",0","0",",0","0",",0","0",",0","27",",0","0",",0","","","16.7",",0,11,+","0",",,0,28,+","0",",,0,28,+","112.8",",,0,10,","27.2",",0,21,","","","0.0","0","0.0",",0","","","","","347.4",",,,0","0",",,,0","21.91",",0","24.24",",,,0","19.59",",,,0","",""
"JAC00914475","1954-03","24.2883","153.9833","24.1","MARCUS ISLAND WEATHER BUREAU, JA","391.8","0","152.9",",0","9",",0","4",",0","0",",0","0",",0","0",",0","0",",0","0",",0","0",",0","31",",0","0",",0","","","18.3",",0,19,","0",",,0,31,+","0",",,0,31,+","17.5",",,0,17,","28.9",",0,23,+","","","0.0","0","0.0",",0","","","","","35.2",",,,0","0",",,,0","23.26",",0","25.50",",,,0","21.03",",,,0","",""
"JAC00914475","1954-04","24.2883","153.9833","24.1","MARCUS ISLAND WEATHER BUREAU, JA","","","","","11",",0","1",",0","0",",0","0",",0","0",",0","","","","","0",",0","30",",0","0",",0","","","","","0",",,0,30,+","0",",,0,30,+","3.0",",,0,09,","28.9",",0,16,","","","","","","","","","","","8.8",",,,0","0",",,,0","","","25.78",",,,0","","","",""
"JAC00914475","1954-05","24.2883","153.9833","24.1","MARCUS ISLAND WEATHER BUREAU, JA","","","257.3",",0","6",",0","2",",0","0",",0","0",",0","0",",0","0",",0","0",",0","0",",0","31",",0","3",",0","","","21.7",",0,12,","0",",,0,31,+","0",",,0,31,+","3.3",",,0,12,","32.8",",0,25,+","","","","","0.0",",0","","","","","9.5",",,,0","0",",,,0","26.63",",0","28.95",",,,0","24.31",",,,0","",""
"JAC00914475","1954-06","24.2883","153.9833","24.1","MARCUS ISLAND WEATHER BUREAU, JA","","","287.7","1,0","15",",0","3",",0","0",",0","0",",0","0",",0","0",",0","0",",0","0","1,0","29","1,0","2","1,0","1","","24.4",",0,23,+","0",",,0,30,+","0",",,0,30,+","8.6",",,0,23,","32.2","1,0,27,+","","","","","0.0","1,0","","","","","33.4",",,,0","0",",,,0","28.23","1,0","30.35","1,,,0","26.10",",,,0","",""
"JAC00914475","1954-07","24.2883","153.9833","24.1","MARCUS ISLAND WEATHER BUREAU, JA","","","319.3",",0","18",",0","11",",0","2",",0","0",",0","0",",0","0",",0","0",",0","0",",0","31",",0","9",",0","3","","23.3",",0,31,","0",",,0,31,+","0",",,0,31,+","75.9",",,0,21,","35.6",",0,18,","","","0.0","0","0.0",",0","","","","","174.9",",,,0","0",",,,0","28.63",",0","31.35",",,,0","25.91",",,,0","",""
"JAC00914475","1954-08","24.2883","153.9833","24.1","MARCUS ISLAND WEATHER BUREAU, JA","","","292.0",",0","22",",0","13",",0","5",",0","0",",0","0",",0","0",",0","0",",0","0",",0","31",",0","4",",0","2","","23.3",",0,08,+","0",",,0,31,+","0",",,0,31,+","40.6",",,0,08,","33.9",",0,24,+","","","0.0","0","0.0",",0","","","","","245.8",",,,0","0",",,,0","27.75",",0","30.13",",,,0","25.37",",,,0","",""
"JAC00914475","1954-09","24.2883","153.9833","24.1","MARCUS ISLAND WEATHER BUREAU, JA","","","280.5","1,0","18",",0","7",",0","2",",0","0",",0","0",",0","0","1,0","0","1,0","0","1,0","29","1,0","3","1,0","","","22.8","1,0,05,+","0",",,0,30,+","0",",,0,30,+","47.5",",,0,04,","32.8","1,0,16,+","","","0.0","0","0.0","1,0","","","","","125.5",",,,0","0",",,,0","28.01","1,0","30.38","1,,,0","25.63","1,,,0","",""
"JAC00914475","1954-10","24.2883","153.9833","24.1","MARCUS ISLAND WEATHER BUREAU, JA","","","289.4",",0","18",",0","12",",0","1",",0","0",",0","0",",0","0",",0","0",",0","0",",0","31",",0","1",",0","2","","21.7",",0,03,","0",",,0,31,+","0",",,0,31,+","32.8",",,0,02,","33.3",",0,19,","","","0.0","0","0.0",",0","","","","","132.1",",,,0","0",",,,0","27.67",",0","29.95",",,,0","25.39",",,,0","",""
"JAC00914475","1954-11","24.2883","153.9833","24.1","MARCUS ISLAND WEATHER BUREAU, JA","","","251.5",",0","15",",0","6",",0","0",",0","0",",0","0",",0","0",",0","0",",0","0",",0","30",",0","0",",0","1","","22.2",",0,25,","0",",,0,30,+","0",",,0,30,+","21.3",",,0,26,","31.1",",0,16,+","","","0.0","0","0.0",",0","","","","","74.5",",,,0","0",",,,0","26.72",",0","28.88",",,,0","24.55",",,,0","",""
"JAC00914475","1954-12","24.2883","153.9833","24.1","MARCUS ISLAND WEATHER BUREAU, JA","","","182.3",",0","17",",0","3",",0","0",",0","0",",0","0",",0","0",",0","0",",0","0",",0","31",",0","0",",0","","","18.3",",0,30,+","0",",,0,31,+","0",",,0,31,+","18.3",",,0,22,","29.4",",0,18,+","","","0.0","0","0.0",",0","","","","","42.0",",,,0","0",",,,0","24.21",",0","26.49",",,,0","21.94",",,,0","",""
"JAC00914475","1955-01","24.2883","153.9833","24.1","MARCUS ISLAND WEATHER BUREAU, JA","128.1","0","128.1",",0","16",",0","7",",0","0",",0","0",",0","0",",0","0",",0","0",",0","0",",0","31",",0","0",",0","","","17.2",",0,06,+","0",",,0,31,+","0",",,0,31,+","19.1",",,0,31,","27.2",",0,19,","","","0.0","0","0.0",",0","","","","","83.0",",,,0","0",",,,0","22.47",",0","24.63",",,,0","20.31",",,,0","",""
"JAC00914475","1955-02","24.2883","153.9833","24.1","MARCUS ISLAND WEATHER BUREAU, JA","242.1","0","114.0","1,0","18",",0","12",",0","1",",0","0",",0","0",",0","0",",0","0",",0","0","1,0","27","1,0","0","1,0","","","17.2",",0,27,","0",",,0,28,+","0",",,0,28,+","26.7",",,0,04,","26.7","1,0,25,+","","","0.0","0","0.0","1,0","","","","","123.8",",,,0","0",",,,0","22.58","1,0","24.74","1,,,0","20.42",",,,0","",""
"JAC00914475","1955-03","24.2883","153.9833","24.1","MARCUS ISLAND WEATHER BUREAU, JA","394.7","0","152.6",",0","15",",0","5",",0","0",",0","0",",0","0",",0","0",",0","0",",0","0",",0","31",",0","0",",0","","","17.8",",0,07,","0",",,0,31,+","0",",,0,31,+","23.9",",,0,05,","30.0",",0,17,","","","0.0","0","0.0",",0","","","","","63.3",",,,0","0",",,,0","23.26",",0","25.64",",,,0","20.87",",,,0","",""
"JAC00914475","1955-04","24.2883","153.9833","24.1","MARCUS ISLAND WEATHER BUREAU, JA","595.5","0","200.8","1,0","11",",0","5",",0","0",",0","0",",0","0",",0","0","1,0","0","1,0","0",",0","30",",0","0",",0","","","19.4","1,0,14,","0",",,0,30,+","0",",,0,30,+","17.3",",,0,14,","31.7",",0,08,","","","0.0","0","0.0",",0","","","","","52.8",",,,0","0",",,,0","25.24","1,0","27.49",",,,0","23.00","1,,,0","",""
"JAC00914475","1955-05","24.2883","153.9833","24.1","MARCUS ISLAND WEATHER BUREAU, JA","852.2","0","256.7",",0","8",",0","1",",0","0",",0","0",",0","0",",0","0",",0","0",",0","0",",0","31",",0","0",",0","","","22.2",",0,16,","0",",,0,31,+","0",",,0,31,+","5.3",",,0,03,","31.7",",0,02,","","","0.0","0","0.0",",0","","","","","9.3",",,,0","0",",,,0","26.61",",0","28.54",",,,0","24.69",",,,0","",""
"JAC00914475","1955-06","24.2883","153.9833","24.1","MARCUS ISLAND WEATHER BUREAU, JA","1162.9","0","310.7",",0","12",",0","10",",0","0",",0","0",",0","0",",0","0",",0","0",",0","0",",0","30",",0","11",",0","1","","24.4",",0,06,+","0",",,0,30,+","0",",,0,30,+","12.2",",,0,06,","33.9",",0,23,+","","","0.0","0","0.0",",0","","","","","51.2",",,,0","0",",,,0","28.69",",0","31.34",",,,0","26.04",",,,0","",""
"JAC00914475","1955-07","24.2883","153.9833","24.1","MARCUS ISLAND WEATHER BUREAU, JA","1443.6","0","280.7",",0","21",",0","12",",0","7",",0","0",",0","0",",0","0",",0","0",",0","0",",0","31",",0","6",",0","4","","22.2",",0,14,","0",",,0,31,+","0",",,0,31,+","126.0",",,0,13,","32.8",",0,27,+","","","0.0","0","0.0",",0","","","","","470.4",",,,0","0",",,,0","27.39",",0","29.81",",,,0","24.97",",,,0","",""
"JAC00914475","1955-08","24.2883","153.9833","24.1","MARCUS ISLAND WEATHER BUREAU, JA","1721.1","0","277.5",",0","23",",0","17",",0","6",",0","0",",0","0",",0","0",",0","0",",0","0",",0","31",",0","4",",0","5","","21.7",",0,23,","0",",,0,31,+","0",",,0,31,+","60.5",",,0,24,","33.3",",0,15,","","","0.0","0","0.0",",0","","","","","364.3",",,,0","0",",,,0","27.29",",0","29.78",",,,0","24.79",",,,0","",""
"JAC00914475","1955-09","24.2883","153.9833","24.1","MARCUS ISLAND WEATHER BUREAU, JA","2005.1","0","284.0",",0","20",",0","11",",0","0",",0","0",",0","0",",0","0",",0","0",",0","0",",0","30",",0","3",",0","5","","23.3",",0,01,","0",",,0,30,+","0",",,0,30,+","18.3",",,0,22,","33.3",",0,15,","","","0.0","0","0.0",",0","","","","","96.2",",,,0","0",",,,0","27.80",",0","29.99",",,,0","25.61",",,,0","",""
"JAC00914475","1955-10","24.2883","153.9833","24.1","MARCUS ISLAND WEATHER BUREAU, JA","2271.0","0","265.9",",0","22",",0","9",",0","1",",0","0",",0","0",",0","0",",0","0",",0","0",",0","31",",0","0",",0","","","22.8",",0,08,","0",",,0,31,+","0",",,0,31,+","35.3",",,0,07,","30.6",",0,28,+","","","0.0","0","0.0",",0","","","","","110.8",",,,0","0",",,,0","26.91",",0","28.94",",,,0","24.88",",,,0","",""
"JAC00914475","1955-11","24.2883","153.9833","24.1","MARCUS ISLAND WEATHER BUREAU, JA","2503.8","0","232.8",",0","10",",0","4",",0","0",",0","0",",0","0",",0","0",",0","0",",0","0",",0","30",",0","0",",0","","","22.2",",0,16,+","0",",,0,30,+","0",",,0,30,+","9.4",",,0,20,","31.1",",0,12,","","","0.0","0","0.0",",0","","","","","32.1",",,,0","0",",,,0","26.09",",0","28.09",",,,0","24.09",",,,0","",""
"JAC00914475","1955-12","24.2883","153.9833","24.1","MARCUS ISLAND WEATHER BUREAU, JA","2664.7","0","160.9","1,0","10",",0","6",",0","0",",0","0",",0","0",",0","0","1,0","0","1,0","0",",0","31",",0","0",",0","1","","18.9","1,0,21,+","0",",,0,31,+","0",",,0,31,+","13.5",",,0,05,","29.4",",0,08,","","","0.0","0","0.0",",0","","","","","50.3",",,,0","0",",,,0","23.70","1,0","25.86",",,,0","21.54","1,,,0","",""
"JAC00914475","1956-01","24.2883","153.9833","24.1","MARCUS ISLAND WEATHER BUREAU, JA","110.8","0","110.8","1,0","11",",0","5",",0","0",",0","0",",0","0",",0","0","1,0","0","1,0","0",",0","28",",0","0",",0","","","15.6","1,0,16,","0",",,0,31,+","0",",,0,31,+","11.9",",,0,03,","27.2",",0,01,","","","0.0","0","0.0",",0","","","","","37.3",",,,0","0",",,,0","22.02","1,0","24.39",",,,0","19.65","1,,,0","",""
"JAC00914475","1956-02","24.2883","153.9833","24.1","MARCUS ISLAND WEATHER BUREAU, JA","189.2","0","78.4",",0","8",",0","0",",0","0",",0","0",",0","0",",0","0",",0","0",",0","0",",0","28",",0","0",",0","","","15.6",",0,15,","0",",,0,29,+","0",",,0,29,+","1.8",",,0,25,","26.1",",0,20,","","","0.0","0","0.0",",0","","","","","5.6",",,,0","0",",,,0","21.04",",0","23.42",",,,0","18.65",",,,0","",""
"JAC00914475","1956-03","24.2883","153.9833","24.1","MARCUS ISLAND WEATHER BUREAU, JA","327.0","0","137.8","1,0","3",",0","3",",0","0",",0","0",",0","0",",0","0","1,0","0","1,0","0",",0","30",",0","2",",0","","","18.3","1,0,15,+","0",",,0,31,+","0",",,0,31,+","9.4",",,0,13,","35.0",",0,13,","","","0.0","0","0.0",",0","","","","","15.4",",,,0","0",",,,0","22.91","1,0","25.63",",,,0","20.18","1,,,0","",""
"JAC00914475","1956-04","24.2883","153.9833","24.1","MARCUS ISLAND WEATHER BUREAU, JA","498.2","0","171.2","1,0","7",",0","0",",0","0",",0","0",",0","0",",0","0","1,0","0","1,0","0",",0","30",",0","0",",0","","","19.4","1,0,07,","0",",,0,30,+","0",",,0,30,+","1.8",",,0,14,","31.1",",0,22,","","","0.0","0","0.0",",0","","","","","5.9",",,,0","0",",,,0","24.18","1,0","26.04",",,,0","22.32","1,,,0","",""
"JAC00914475","1956-05","24.2883","153.9833","24.1","MARCUS ISLAND WEATHER BUREAU, JA","729.8","0","231.6",",0","10",",0","1",",0","0",",0","0",",0","0",",0","0",",0","0",",0","0",",0","31",",0","0",",0","","","22.2",",0,18,+","0",",,0,31,+","0",",,0,31,+","10.7",",,0,18,","31.7",",0,31,+","","","0.0","0","0.0",",0","","","","","21.3",",,,0","0",",,,0","25.80",",0","27.94",",,,0","23.67",",,,0","",""
"JAC00914475","1956-06","24.2883","153.9833","24.1","MARCUS ISLAND WEATHER BUREAU, JA","1003.5","0","273.7",",0","13",",0","7",",0","0",",0","0",",0","0",",0","0",",0","0",",0","0",",0","30",",0","2",",0","1","","22.8",",0,20,","0",",,0,30,+","0",",,0,30,+","21.3",",,0,20,","32.8",",0,14,","","","0.0","0","0.0",",0","","","","","81.8",",,,0","0",",,,0","27.46",",0","29.79",",,,0","25.12",",,,0","",""
"JAC00914475","1956-07","24.2883","153.9833","24.1","MARCUS ISLAND WEATHER BUREAU, JA","1298.6","0","295.1",",0","17",",0","6",",0","1",",0","0",",0","0",",0","0",",0","0",",0","0",",0","31",",0","6",",0","2","","22.8",",0,24,","0",",,0,31,+","0",",,0,31,+","39.4",",,0,24,","34.4",",0,20,","","","0.0","0","0.0",",0","","","","","84.5",",,,0","0",",,,0","27.85",",0","30.37",",,,0","25.33",",,,0","",""
"JAC00914475","1956-11","24.2883","153.9833","24.1","MARCUS ISLAND WEATHER BUREAU, JA","","","239.0",",0","11",",0","5",",0","2",",0","0",",0","0",",0","0",",0","0",",0","0",",0","30",",0","0",",0","","","22.2",",0,06,","0",",,0,30,+","0",",,0,30,+","46.5",",,0,17,","31.7",",0,05,","","","","","0.0",",0","","","","","98.0",",,,0","0",",,,0","26.30",",0","28.29",",,,0","24.31",",,,0","",""
"JAC00914475","1956-12","24.2883","153.9833","24.1","MARCUS ISLAND WEATHER BUREAU, JA","","","150.9","1,0","16",",0","6",",0","0",",0","0",",0","0",",0","0","1,0","0","1,0","0",",0","31",",0","0",",0","","","17.8","1,0,31,","0",",,0,31,+","0",",,0,31,+","16.5",",,0,03,","28.3",",0,07,","","","","","0.0",",0","","","","","66.8",",,,0","0",",,,0","23.39","1,0","25.48",",,,0","21.30","1,,,0","",""
"JAC00914475","1957-01","24.2883","153.9833","24.1","MARCUS ISLAND WEATHER BUREAU, JA","85.3","0","85.3","2,0","12",",0","8",",0","0",",0","0",",0","0",",0","0","2,0","0","2,0","0",",0","29",",0","0",",0","","","16.1","2,0,09,","0",",,0,31,+","0",",,0,31,+","15.7",",,0,02,","26.7",",0,02,","","","","","0.0",",0","","","","","63.0",",,,0","0",",,,0","21.28","2,0","23.38",",,,0","19.18","2,,,0","",""
"JAC00914475","1957-02","24.2883","153.9833","24.1","MARCUS ISLAND WEATHER BUREAU, JA","171.4","0","86.1","1,0","10",",0","4",",0","0",",0","0",",0","0",",0","0",",0","0",",0","0","1,0","27","1,0","0","1,0","","","17.8",",0,28,+","0",",,0,28,+","0",",,0,28,+","13.0",",,0,23,","25.6","1,0,21,+","","","","","0.0","1,0","","","","","38.9",",,,0","0",",,,0","21.49","1,0","23.64","1,,,0","19.34",",,,0","",""
"JAC00914475","1957-03","24.2883","153.9833","24.1","MARCUS ISLAND WEATHER BUREAU, JA","256.5","0","85.1","1,0","9",",0","5",",0","0",",0","0",",0","0",",0","0","1,0","0","1,0","0",",0","27",",0","0",",0","","","16.1","1,0,16,","0",",,0,31,+","0",",,0,31,+","24.9",",,0,27,","25.6",",0,29,+","","","","","0.3",",0","","","","","64.9",",,,0","0",",,,0","21.19","1,0","23.13",",,,0","19.25","1,,,0","",""
"JAC00914475","1957-04","24.2883","153.9833","24.1","MARCUS ISLAND WEATHER BUREAU, JA","","","","","12","3,0","6","3,0","1","3,0","0",",0","0",",0","","","","","","","","","","","","","","","0",",,0,30,+","0",",,0,30,+","29.5","3,,0,09,","","","","","","","","","","","","","96.8","3,,,0","0",",,,0","","","","","","","",""
"JAC00914475","1957-05","24.2883","153.9833","24.1","MARCUS ISLAND WEATHER BUREAU, JA","","","206.3",",0","8",",0","3",",0","0",",0","0",",0","0",",0","0",",0","0",",0","0",",0","31",",0","0",",0","","","20.6",",0,18,+","0",",,0,31,+","0",",,0,31,+","17.8",",,0,23,","28.9",",0,13,","","","","","0.0",",0","","","","","34.0",",,,0","0",",,,0","24.99",",0","26.64",",,,0","23.34",",,,0","",""
"JAC00914475","1957-06","24.2883","153.9833","24.1","MARCUS ISLAND WEATHER BUREAU, JA","","","288.1","1,0","9",",0","4",",0","1",",0","0",",0","0",",0","0","1,0","0","1,0","0",",0","30",",0","5",",0","1","","23.9","1,0,02,","0",",,0,30,+","0",",,0,30,+","30.0",",,0,30,","35.0",",0,29,","","","","","0.0",",0","","","","","68.6",",,,0","0",",,,0","28.26","1,0","30.57",",,,0","25.94","1,,,0","",""
"JAC00914475","1957-07","24.2883","153.9833","24.1","MARCUS ISLAND WEATHER BUREAU, JA","","","309.5",",0","18",",0","13",",0","4",",0","0",",0","0",",0","0",",0","0",",0","0",",0","31",",0","5",",0","4","","22.2",",0,17,","0",",,0,31,+","0",",,0,31,+","72.4",",,0,16,","34.4",",0,30,","","","0.0","0","0.0",",0","","","","","324.5",",,,0","0",",,,0","28.32",",0","30.79",",,,0","25.84",",,,0","",""
"JAC00914475","1957-08","24.2883","153.9833","24.1","MARCUS ISLAND WEATHER BUREAU, JA","","","296.4","1,0","20","1,0","13","1,0","1","1,0","0",",0","0",",0","0","1,0","0","1,0","0",",0","31",",0","5",",0","","","22.2","1,0,17,","0",",,0,31,+","0",",,0,31,+","30.5","1,,0,16,","33.9",",0,03,","","","0.0","0","0.0",",0","","","","","107.2","1,,,0","0",",,,0","28.20","1,0","30.54",",,,0","25.87","1,,,0","",""
"JAC00914475","1957-09","24.2883","153.9833","24.1","MARCUS ISLAND WEATHER BUREAU, JA","","","289.4","2,0","11",",0","6",",0","1",",0","0",",0","0",",0","0","1,0","0","1,0","0","1,0","29","1,0","7","1,0","2","","23.9","1,0,27,+","0",",,0,30,+","0",",,0,30,+","47.0",",,0,27,","34.4","1,0,16,","","","0.0","0","0.0","1,0","","","","","81.2",",,,0","0",",,,0","28.68","2,0","30.77","1,,,0","26.58","1,,,0","",""
"JAC00914475","1957-10","24.2883","153.9833","24.1","MARCUS ISLAND WEATHER BUREAU, JA","","","279.2","1,0","14",",0","4",",0","1",",0","0",",0","0",",0","0","1,0","0","1,0","0","1,0","30","1,0","0","1,0","","","23.3","1,0,16,","0",",,0,31,+","0",",,0,31,+","27.7",",,0,16,","31.7","1,0,29,+","","","0.0","0","0.0","1,0","","","","","63.0",",,,0","0",",,,0","27.64","1,0","29.41","1,,,0","25.87","1,,,0","",""
"JAC00914475","1957-11","24.2883","153.9833","24.1","MARCUS ISLAND WEATHER BUREAU, JA","","","241.5",",0","13",",0","2",",0","0",",0","0",",0","0",",0","0",",0","0",",0","0",",0","30",",0","0",",0","","","22.2",",0,17,","0",",,0,30,+","0",",,0,30,+","14.5",",,0,04,","31.7",",0,08,","","","0.0","0","0.0",",0","","","","","34.7",",,,0","0",",,,0","26.38",",0","28.08",",,,0","24.68",",,,0","",""
"JAC00914475","1957-12","24.2883","153.9833","24.1","MARCUS ISLAND WEATHER BUREAU, JA","","","201.2",",0","13",",0","4",",0","0",",0","0",",0","0",",0","0",",0","0",",0","0",",0","31",",0","0",",0","","","20.6",",0,26,+","0",",,0,31,+","0",",,0,31,+","13.7",",,0,09,","30.0",",0,28,+","","","0.0","0","0.0",",0","","","","","32.6",",,,0","0",",,,0","24.82",",0","26.76",",,,0","22.88",",,,0","",""
"JAC00914475","1958-01","24.2883","153.9833","24.1","MARCUS ISLAND WEATHER BUREAU, JA","135.2","0","135.2",",0","13",",0","6",",0","0",",0","0",",0","0",",0","0",",0","0",",0","0",",0","31",",0","0",",0","","","18.3",",0,27,","0",",,0,31,+","0",",,0,31,+","18.8",",,0,03,","27.2",",0,01,","","","0.0","0","0.0",",0","","","","","60.5",",,,0","0",",,,0","22.70",",0","24.79",",,,0","20.60",",,,0","",""
"JAC00914475","1958-02","24.2883","153.9833","24.1","MARCUS ISLAND WEATHER BUREAU, JA","235.4","0","100.2","1,0","16",",0","5",",0","0",",0","0",",0","0",",0","0",",0","0",",0","0","1,0","27","1,0","0","1,0","","","18.3",",0,17,","0",",,0,28,+","0",",,0,28,+","19.8",",,0,11,","26.7","1,0,09,","","","0.0","0","0.0","1,0","","","","","63.6",",,,0","0",",,,0","22.03","1,0","24.30","1,,,0","19.76",",,,0","",""
"JAC00914475","1958-03","24.2883","153.9833","24.1","MARCUS ISLAND WEATHER BUREAU, JA","388.1","0","152.7",",0","15",",0","7",",0","0",",0","0",",0","0",",0","0",",0","0",",0","0",",0","31",",0","0",",0","","","18.9",",0,31,+","0",",,0,31,+","0",",,0,31,+","15.5",",,0,30,","28.3",",0,21,","","","0.0","0","0.0",",0","","","","","56.2",",,,0","0",",,,0","23.26",",0","25.21",",,,0","21.31",",,,0","",""
"JAC00914475","1958-04","24.2883","153.9833","24.1","MARCUS ISLAND WEATHER BUREAU, JA","581.4","0","193.3",",0","8",",0","1",",0","0",",0","0",",0","0",",0","0",",0","0",",0","0",",0","30",",0","0",",0","","","18.9",",0,01,","0",",,0,30,+","0",",,0,30,+","9.4",",,0,17,","29.4",",0,20,+","","","0.0","0","0.0",",0","","","","","16.1",",,,0","0",",,,0","24.78",",0","26.81",",,,0","22.74",",,,0","",""
"JAC00914475","1958-05","24.2883","153.9833","24.1","MARCUS ISLAND WEATHER BUREAU, JA","833.2","0","251.8",",0","11",",0","6",",0","0",",0","0",",0","0",",0","0",",0","0",",0","0",",0","31",",0","0",",0","","","22.8",",0,05,+","0",",,0,31,+","0",",,0,31,+","5.1",",,0,05,","30.6",",0,07,","","","0.0","0","0.0",",0","","","","","24.6",",,,0","0",",,,0","26.46",",0","28.47",",,,0","24.44",",,,0","",""
"JAC00914475","1958-06","24.2883","153.9833","24.1","MARCUS ISLAND WEATHER BUREAU, JA","1128.9","0","295.7",",0","10",",0","6",",0","0",",0","0",",0","0",",0","0",",0","0",",0","0",",0","30",",0","1",",0","","","22.2",",0,11,","0",",,0,30,+","0",",,0,30,+","20.3",",,0,02,","32.2",",0,19,","","","0.0","0","0.0",",0","","","","","61.0",",,,0","0",",,,0","28.19",",0","30.82",",,,0","25.56",",,,0","",""
"JAC00914475","1958-07","24.2883","153.9833","24.1","MARCUS ISLAND WEATHER BUREAU, JA","1449.8","0","320.9",",0","18",",0","9",",0","0",",0","0",",0","0",",0","0",",0","0",",0","0",",0","31",",0","7",",0","1","","22.8",",0,07,","0",",,0,31,+","0",",,0,31,+","18.5",",,0,05,","33.9",",0,31,","","","0.0","0","0.0",",0","","","","","78.2",",,,0","0",",,,0","28.69",",0","31.26",",,,0","26.11",",,,0","",""
"JAC00914475","1958-08","24.2883","153.9833","24.1","MARCUS ISLAND WEATHER BUREAU, JA","1767.0","0","317.2",",0","15",",0","6",",0","2",",0","0",",0","0",",0","0",",0","0",",0","0",",0","31",",0","6",",0","","","22.2",",0,05,","0",",,0,31,+","0",",,0,31,+","64.8",",,0,05,","33.3",",0,12,+","","","0.0","0","0.0",",0","","","","","129.9",",,,0","0",",,,0","28.57",",0","30.82",",,,0","26.31",",,,0","",""
"JAC00914475","1958-09","24.2883","153.9833","24.1","MARCUS ISLAND WEATHER BUREAU, JA","2088.7","0","321.7",",0","16",",0","7",",0","0",",0","0",",0","0",",0","0",",0","0",",0","0",",0","30",",0","8",",0","1","","23.3",",0,01,","0",",,0,30,+","0",",,0,30,+","14.5",",,0,24,","33.3",",0,20,+","","","0.0","0","0.0",",0","","","","","46.9",",,,0","0",",,,0","29.06",",0","31.36",",,,0","26.75",",,,0","",""
"JAC00914475","1958-10","24.2883","153.9833","24.1","MARCUS ISLAND WEATHER BUREAU, JA","2381.3","0","292.6",",0","20",",0","6",",0","0",",0","0",",0","0",",0","0",",0","0",",0","0",",0","31",",0","0",",0","","","22.8",",0,29,","0",",,0,31,+","0",",,0,31,+","10.4",",,0,19,","31.7",",0,10,+","","","0.0","0","0.0",",0","","","","","54.1",",,,0","0",",,,0","27.77",",0","29.75",",,,0","25.79",",,,0","",""
"JAC00914475","1958-11","24.2883","153.9833","24.1","MARCUS ISLAND WEATHER BUREAU, JA","2632.0","0","250.7",",0","12",",0","5",",0","0",",0","0",",0","0",",0","0",",0","0",",0","0",",0","30",",0","0",",0","","","22.2",",0,30,","0",",,0,30,+","0",",,0,30,+","16.0",",,0,30,","30.0",",0,13,","","","0.0","0","0.0",",0","","","","","44.2",",,,0","0",",,,0","26.69",",0","28.30",",,,0","25.08",",,,0","",""
"JAC00914475","1958-12","24.2883","153.9833","24.1","MARCUS ISLAND WEATHER BUREAU, JA","2810.5","0","178.5","2,0","15",",0","8",",0","0",",0","0",",0","0",",0","0","2,0","0","2,0","0",",0","31",",0","0",",0","1","","20.6","2,0,31,+","0",",,0,31,+","0",",,0,31,+","24.4",",,0,17,","28.9",",0,22,+","","","0.0","0","0.0",",0","","","","","77.1",",,,0","0",",,,0","24.50","2,0","26.35",",,,0","22.66","2,,,0","",""
"JAC00914475","1959-01","24.2883","153.9833","24.1","MARCUS ISLAND WEATHER BUREAU, JA","123.0","","123.0",",0","16",",0","7",",0","1",",0","0",",0","0",",0","0",",0","0",",0","0",",0","31",",0","0",",0","","","17.8",",0,20,","0",",,0,31,+","0",",,0,31,+","29.0",",,0,01,","26.7",",0,06,+","","","0.0","","0.0",",0","","","","","79.2",",,,0","0",",,,0","22.30",",0","24.25",",,,0","20.35",",,,0","",""
"JAC00914475","1959-02","24.2883","153.9833","24.1","MARCUS ISLAND WEATHER BUREAU, JA","239.0","","116.0",",0","8",",0","3",",0","0",",0","0",",0","0",",0","0",",0","0",",0","0",",0","28",",0","0",",0","","","18.3",",0,14,+","0",",,0,28,+","0",",,0,28,+","11.9",",,0,08,","27.2",",0,19,+","","","0.0","","0.0",",0","","","","","23.1",",,,0","0",",,,0","22.48",",0","24.36",",,,0","20.59",",,,0","",""
"JAC00914475","1959-03","24.2883","153.9833","24.1","MARCUS ISLAND WEATHER BUREAU, JA","352.6","","113.6","1,0","14",",0","3",",0","0",",0","0",",0","0",",0","0",",0","0",",0","0","1,0","30","1,0","0","1,0","","","18.3",",0,21,+","0",",,0,31,+","0",",,0,31,+","19.3",",,0,25,","27.2","1,0,10,","","","0.0","","0.0","1,0","","","","","45.9",",,,0","0",",,,0","22.09","1,0","24.11","1,,,0","20.06",",,,0","",""
"JAC00914475","1959-04","24.2883","153.9833","24.1","MARCUS ISLAND WEATHER BUREAU, JA","523.5","","170.9",",0","13",",0","4",",0","0",",0","0",",0","0",",0","0",",0","0",",0","0",",0","30",",0","0",",0","","","20.6",",0,16,","0",",,0,30,+","0",",,0,30,+","21.3",",,0,02,","27.8",",0,20,+","","","0.0","","0.0",",0","","","","","53.9",",,,0","0",",,,0","24.03",",0","25.62",",,,0","22.44",",,,0","",""
"JAC00914475","1959-05","24.2883","153.9833","24.1","MARCUS ISLAND WEATHER BUREAU, JA","759.8","","236.3",",0","9",",0","3",",0","0",",0","0",",0","0",",0","0",",0","0",",0","0",",0","31",",0","0",",0","1","","22.8",",0,31,+","0",",,0,31,+","0",",,0,31,+","21.8",",,0,16,","30.0",",0,31,","","","0.0","","0.0",",0","","","","","40.4",",,,0","0",",,,0","25.96",",0","27.96",",,,0","23.95",",,,0","",""
"JAC00914475","1959-06","24.2883","153.9833","24.1","MARCUS ISLAND WEATHER BUREAU, JA","1035.2","","275.4",",0","7",",0","4",",0","1",",0","0",",0","0",",0","0",",0","0",",0","0",",0","30",",0","1",",0","","","23.9",",0,09,+","0",",,0,30,+","0",",,0,30,+","34.3",",,0,06,","32.2",",0,13,","","","0.0","","0.0",",0","","","","","69.1",",,,0","0",",,,0","27.51",",0","29.35",",,,0","25.68",",,,0","",""
"JAC00914475","1959-07","24.2883","153.9833","24.1","MARCUS ISLAND WEATHER BUREAU, JA","1337.0","","301.8",",0","18",",0","7",",0","2",",0","0",",0","0",",0","0",",0","0",",0","0",",0","31",",0","2",",0","3","","22.8",",0,14,","0",",,0,31,+","0",",,0,31,+","70.6",",,0,14,","32.2",",0,11,+","","","0.0","","0.0",",0","","","","","154.6",",,,0","0",",,,0","28.07",",0","30.21",",,,0","25.93",",,,0","",""
"JAC00914475","1959-08","24.2883","153.9833","24.1","MARCUS ISLAND WEATHER BUREAU, JA","1667.6","","330.6",",0","15",",0","7",",0","0",",0","0",",0","0",",0","0",",0","0",",0","0",",0","31",",0","9",",0","2","","24.4",",0,04,","0",",,0,31,+","0",",,0,31,+","15.5",",,0,04,","34.4",",0,29,","","","0.0","","0.0",",0","","","","","55.4",",,,0","0",",,,0","29.00",",0","31.18",",,,0","26.82",",,,0","",""
"JAC00914475","1959-09","24.2883","153.9833","24.1","MARCUS ISLAND WEATHER BUREAU, JA","1956.5","","288.9","2,0","13",",0","6",",0","2",",0","0",",0","0",",0","0","1,0","0","1,0","0","1,0","29","1,0","6","1,0","3","","23.9","1,0,23,","0",",,0,30,+","0",",,0,30,+","39.9",",,0,23,","33.3","1,0,14,+","","","0.0","","0.0","1,0","","","","","126.7",",,,0","0",",,,0","28.60","2,0","30.94","1,,,0","26.26","1,,,0","",""
"JAC00914475","1959-10","24.2883","153.9833","24.1","MARCUS ISLAND WEATHER BUREAU, JA","2262.5","","306.0",",0","10",",0","5",",0","0",",0","0",",0","0",",0","0",",0","0",",0","0",",0","31",",0","3",",0","","","24.4",",0,25,","0",",,0,31,+","0",",,0,31,+","14.5",",,0,29,","33.3",",0,21,","","","0.0","","0.0",",0","","","","","36.4",",,,0","0",",,,0","28.20",",0","30.05",",,,0","26.36",",,,0","",""
"JAC00914475","1963-07","24.2883","153.9833","24.1","MARCUS ISLAND WEATHER BUREAU, JA","","","286.7","1,0","15","1,0","8","1,0","0","1,0","0","1,0","0","1,0","0","1,0","0","1,0","0","1,0","30","1,0","3","1,0","1","","22.8","1,0,25,+","0","1,,0,31,+","0","1,,0,31,+","17.5","1,,0,22,","33.3","1,0,20,","","","0.0","0","0.0","1,0","","","","","80.2","1,,,0","0","1,,,0","27.89","1,0","30.92","1,,,0","24.86","1,,,0","",""
"JAC00914475","1963-08","24.2883","153.9833","24.1","MARCUS ISLAND WEATHER BUREAU, JA","","","311.6",",0","14",",0","6",",0","0",",0","0",",0","0",",0","0",",0","0",",0","0",",0","31",",0","6",",0","1","","23.9",",0,08,","0",",,0,31,+","0",",,0,31,+","12.2",",,0,26,","33.9",",0,14,","249.6","1,,,0","0.0","0","0.0",",0","","","","","40.7",",,,0","0",",,,0","28.39",",0","31.23",",,,0","25.54",",,,0","5849",",,,0"
"JAC00914475","1963-09","24.2883","153.9833","24.1","MARCUS ISLAND WEATHER BUREAU, JA","","","306.0",",0","13",",0","6",",0","0",",0","0",",0","0",",0","0",",0","0",",0","0",",0","30",",0","5",",0","5","","23.3",",0,07,","0",",,0,30,+","0",",,0,30,+","23.9",",,0,07,","32.2",",0,15,+","215.2",",,,0","0.0","0","0.0",",0","","","","","72.5",",,,0","0",",,,0","28.53",",0","31.19",",,,0","25.88",",,,0","5957",",,,0"
"JAC00914475","1963-10","24.2883","153.9833","24.1","MARCUS ISLAND WEATHER BUREAU, JA","","","287.7",",0","13",",0","10",",0","4",",0","0",",0","0",",0","0",",0","0",",0","0",",0","31",",0","3",",0","","","22.8",",0,27,+","0",",,0,31,+","0",",,0,31,+","143.8",",,0,27,","32.2",",0,12,+","","","0.0","0","0.0",",0","","","","","343.1",",,,0","0",",,,0","27.61",",0","30.17",",,,0","25.06",",,,0","11536",",,,0"
"JAC00914475","1963-11","24.2883","153.9833","24.1","MARCUS ISLAND WEATHER BUREAU, JA","","","217.4",",0","13",",0","5",",0","2",",0","0",",0","0",",0","0",",0","0",",0","0",",0","30",",0","0",",0","2","","19.4",",0,07,+","0",",,0,30,+","0",",,0,30,+","58.7",",,0,07,","29.4",",0,25,+","158.9","2,,,0","0.0","0","0.0",",0","","","","","149.3",",,,0","0",",,,0","25.58",",0","28.21",",,,0","22.95",",,,0","6125",",,,0"
"JAC00914475","1963-12","24.2883","153.9833","24.1","MARCUS ISLAND WEATHER BUREAU, JA","","","193.2",",0","14",",0","6",",0","1",",0","0",",0","0",",0","0",",0","0",",0","0",",0","31",",0","0",",0","","","15.0",",0,29,","0",",,0,31,+","0",",,0,31,+","124.2",",,0,29,","29.4",",0,06,","171.4","1,,,0","0.0","0","0.0",",0","","","","","167.7",",,,0","0",",,,0","24.56",",0","26.85",",,,0","22.28",",,,0","10035",",,,0"
"JAC00914475","1964-01","24.2883","153.9833","24.1","MARCUS ISLAND WEATHER BUREAU, JA","120.2","0","120.2",",0","12",",0","6",",0","0",",0","0",",0","0",",0","0",",0","0",",0","0",",0","31",",0","0",",0","","","17.8",",0,13,+","0",",,0,31,+","0",",,0,31,+","20.3",",,0,16,","26.7",",0,30,+","184.4","1,,,0","0.0","0","0.0",",0","","","","","87.7",",,,0","0",",,,0","22.21",",0","24.60",",,,0","19.82",",,,0","9301",",,,0"
"JAC00914475","1964-02","24.2883","153.9833","24.1","MARCUS ISLAND WEATHER BUREAU, JA","204.0","0","83.8",",0","7",",0","3",",0","0",",0","0",",0","0",",0","0",",0","0",",0","0",",0","26",",0","0",",0","","","14.4",",0,08,","0",",,0,29,+","0",",,0,29,+","6.4",",,0,01,","26.7",",0,21,","199.7","1,,,0","0.0","0","0.0",",0","","","","","16.4",",,,0","0",",,,0","21.22",",0","23.87",",,,0","18.57",",,,0","7292",",,,0"
"JAC00914475","1964-03","24.2883","153.9833","24.1","MARCUS ISLAND WEATHER BUREAU, JA","295.1","0","91.1",",0","7",",0","7",",0","2",",0","0",",0","0",",0","0",",0","0",",0","0",",0","31",",0","0",",0","","","16.1",",0,08,","0",",,0,31,+","0",",,0,31,+","49.5",",,0,06,","27.8",",0,27,","239.7","2,,,0","0.0","0","0.0",",0","","","","","119.4",",,,0","0",",,,0","21.27",",0","23.80",",,,0","18.74",",,,0","8458",",,,0"
"JAC00914475","1964-04","24.2883","153.9833","24.1","MARCUS ISLAND WEATHER BUREAU, JA","469.6","0","174.5",",0","11",",0","4",",0","0",",0","0",",0","0",",0","0",",0","0",",0","0",",0","30",",0","0",",0","","","18.9",",0,03,+","0",",,0,30,+","0",",,0,30,+","8.4",",,0,06,","28.3",",0,30,","252.4",",,,0","0.0","0","0.0",",0","","","","","25.4",",,,0","0",",,,0","24.15",",0","26.59",",,,0","21.71",",,,0","8228",",,,0"
"JAC00914475","1964-05","24.2883","153.9833","24.1","MARCUS ISLAND WEATHER BUREAU, JA","673.9","0","204.3",",0","11",",0","6",",0","1",",0","0",",0","0",",0","0",",0","0",",0","0",",0","31",",0","0",",0","","","20.6",",0,21,+","0",",,0,31,+","0",",,0,31,+","91.2",",,0,21,","28.9",",0,31,+","","","0.0","0","0.0",",0","","","","","117.6",",,,0","0",",,,0","24.92",",0","27.47",",,,0","22.37",",,,0","",""
"JAC00914475","1964-06","24.2883","153.9833","24.1","MARCUS ISLAND WEATHER BUREAU, JA","943.5","0","269.6",",0","9",",0","6",",0","2",",0","0",",0","0",",0","0",",0","0",",0","0",",0","30",",0","1",",0","","","22.8",",0,30,+","0",",,0,30,+","0",",,0,30,+","38.9",",,0,30,","32.2",",0,14,","","","0.0","0","0.0",",0","","","","","104.9",",,,0","0",",,,0","27.32",",0","29.99",",,,0","24.65",",,,0","",""
"JAC00914475","1964-07","24.2883","153.9833","24.1","MARCUS ISLAND WEATHER BUREAU, JA","1250.6","0","307.1",",0","12",",0","6",",0","1",",0","0",",0","0",",0","0",",0","0",",0","0",",0","31",",0","2",",0","","","21.1",",0,21,","0",",,0,31,+","0",",,0,31,+","32.8",",,0,22,","32.2",",0,19,+","","","0.0","0","0.0",",0","","","","","95.9",",,,0","0",",,,0","28.24",",0","30.95",",,,0","25.53",",,,0","",""
"JAC00914475","1964-08","24.2883","153.9833","24.1","MARCUS ISLAND WEATHER BUREAU, JA","1543.3","0","292.7",",0","21",",0","14",",0","0",",0","0",",0","0",",0","0",",0","0",",0","0",",0","31",",0","0",",0","1","","22.2",",0,11,","0",",,0,31,+","0",",,0,31,+","25.1",",,0,13,","31.7",",0,07,+","","","0.0","0","0.0",",0","","","","","119.5",",,,0","0",",,,0","27.77",",0","30.73",",,,0","24.82",",,,0","",""
"JAC00914475","1964-09","24.2883","153.9833","24.1","MARCUS ISLAND WEATHER BUREAU, JA","1852.8","0","309.5",",0","19",",0","4",",0","0",",0","0",",0","0",",0","0",",0","0",",0","0",",0","30",",0","5",",0","","","23.3",",0,24,","0",",,0,30,+","0",",,0,30,+","7.4",",,0,24,","32.2",",0,23,+","","","0.0","0","0.0",",0","","","","","33.5",",,,0","0",",,,0","28.65",",0","31.61",",,,0","25.69",",,,0","",""
"JAC00914475","1964-10","24.2883","153.9833","24.1","MARCUS ISLAND WEATHER BUREAU, JA","2129.8","0","277.0",",0","19",",0","11",",0","2",",0","0",",0","0",",0","0",",0","0",",0","0",",0","31",",0","0",",0","1","","22.2",",0,14,+","0",",,0,31,+","0",",,0,31,+","67.3",",,0,13,","31.1",",0,11,+","","","0.0","0","0.0",",0","","","","","154.9",",,,0","0",",,,0","27.27",",0","30.01",",,,0","24.53",",,,0","",""
"JAC00914475","1964-11","24.2883","153.9833","24.1","MARCUS ISLAND WEATHER BUREAU, JA","2359.0","0","229.2",",0","16",",0","11",",0","4",",0","0",",0","0",",0","0",",0","0",",0","0",",0","30",",0","0",",0","3","","17.8",",0,29,","0",",,0,30,+","0",",,0,30,+","37.8",",,0,18,","31.1",",0,12,","","","0.0","0","0.0",",0","","","","","170.5",",,,0","0",",,,0","25.97",",0","28.69",",,,0","23.25",",,,0","",""
"JAC00914475","1964-12","24.2883","153.9833","24.1","MARCUS ISLAND WEATHER BUREAU, JA","2511.6","0","152.6",",0","14",",0","7",",0","0",",0","0",",0","0",",0","0",",0","0",",0","0",",0","31",",0","0",",0","","","18.9",",0,31,+","0",",,0,31,+","0",",,0,31,+","19.8",",,0,10,","28.9",",0,02,","","","0.0","0","0.0",",0","","","","","69.1",",,,0","0",",,,0","23.26",",0","25.61",",,,0","20.90",",,,0","",""
"JAC00914475","1965-01","24.2883","153.9833","24.1","MARCUS ISLAND WEATHER BUREAU, JA","104.9","0","104.9",",0","13",",0","11",",0","2",",0","0",",0","0",",0","0",",0","0",",0","0",",0","30",",0","0",",0","","","16.1",",0,17,","0",",,0,31,+","0",",,0,31,+","85.3",",,0,25,","26.7",",0,09,+","","","0.0","0","0.0",",0","","","","","197.5",",,,0","0",",,,0","21.72",",0","23.96",",,,0","19.47",",,,0","",""
"JAC00914475","1965-02","24.2883","153.9833","24.1","MARCUS ISLAND WEATHER BUREAU, JA","174.0","0","69.1",",0","10",",0","1",",0","0",",0","0",",0","0",",0","0",",0","0",",0","0",",0","26",",0","0",",0","","","16.1",",0,21,+","0",",,0,28,+","0",",,0,28,+","9.1",",,0,10,","26.7",",0,24,","","","0.3","0","0.3",",0","","","","","16.8",",,,0","0",",,,0","20.79",",0","23.53",",,,0","18.05",",,,0","",""
"JAC00914475","1965-03","24.2883","153.9833","24.1","MARCUS ISLAND WEATHER BUREAU, JA","264.6","0","90.6",",0","11",",0","6",",0","1",",0","0",",0","0",",0","0",",0","0",",0","0",",0","30",",0","0",",0","","","15.6",",0,17,","0",",,0,31,+","0",",,0,31,+","27.9",",,0,13,","27.8",",0,04,","","","0.3","0","0.0",",0","","","","","85.9",",,,0","0",",,,0","21.25",",0","23.87",",,,0","18.63",",,,0","",""
"JAC00914475","1965-04","24.2883","153.9833","24.1","MARCUS ISLAND WEATHER BUREAU, JA","377.4","0","112.8",",0","9",",0","6",",0","1",",0","0",",0","0",",0","0",",0","0",",0","0",",0","30",",0","0",",0","","","16.1",",0,28,","0",",,0,30,+","0",",,0,30,+","25.9",",,0,26,","27.8",",0,12,","","","0.3","0","0.0",",0","","","","","64.2",",,,0","0",",,,0","22.09",",0","24.86",",,,0","19.33",",,,0","",""
"JAC00914475","1965-05","24.2883","153.9833","24.1","MARCUS ISLAND WEATHER BUREAU, JA","598.4","0","221.0",",0","6",",0","3",",0","0",",0","0",",0","0",",0","0",",0","0",",0","0",",0","31",",0","0",",0","","","20.6",",0,19,+","0",",,0,31,+","0",",,0,31,+","5.8",",,0,19,","30.0",",0,31,","","","0.3","0","0.0",",0","","","","","14.6",",,,0","0",",,,0","25.46",",0","28.47",",,,0","22.46",",,,0","",""
"JAC00914475","1965-06","24.2883","153.9833","24.1","MARCUS ISLAND WEATHER BUREAU, JA","872.9","0","274.5",",0","6",",0","0",",0","0",",0","0",",0","0",",0","0",",0","0",",0","0",",0","30",",0","1",",0","","","22.8",",0,03,","0",",,0,30,+","0",",,0,30,+","0.5",",,0,28,+","32.2",",0,27,","","","0.3","0","0.0",",0","","","","","2.6",",,,0","0",",,,0","27.48",",0","30.53",",,,0","24.43",",,,0","",""
"JAC00914475","1965-07","24.2883","153.9833","24.1","MARCUS ISLAND WEATHER BUREAU, JA","1207.0","0","334.1",",0","6",",0","3",",0","0",",0","0",",0","0",",0","0",",0","0",",0","0",",0","31",",0","19",",0","","","24.4",",0,21,","0",",,0,31,+","0",",,0,31,+","7.9",",,0,19,","33.9",",0,29,","","","0.0","0","0.0",",0","","","","","22.5",",,,0","0",",,,0","29.11",",0","32.14",",,,0","26.08",",,,0","",""
"JAC00914475","1965-08","24.2883","153.9833","24.1","MARCUS ISLAND WEATHER BUREAU, JA","1527.1","0","320.1",",0","18",",0","11",",0","2",",0","0",",0","0",",0","0",",0","0",",0","0",",0","31",",0","15",",0","","","23.3",",0,29,+","0",",,0,31,+","0",",,0,31,+","43.9",",,0,18,","33.9",",0,15,","","","0.0","0","0.0",",0","","","","","136.9",",,,0","0",",,,0","28.66",",0","31.78",",,,0","25.54",",,,0","",""
"JAC00914475","1965-09","24.2883","153.9833","24.1","MARCUS ISLAND WEATHER BUREAU, JA","1817.6","0","290.5",",0","17",",0","10",",0","0",",0","0",",0","0",",0","0",",0","0",",0","0",",0","30",",0","3",",0","","","19.4",",0,23,","0",",,0,30,+","0",",,0,30,+","12.7",",,0,14,","32.2",",0,12,+","","","0.0","0","0.0",",0","","","","","71.5",",,,0","0",",,,0","28.02",",0","31.25",",,,0","24.78",",,,0","",""
"JAC00914475","1965-10","24.2883","153.9833","24.1","MARCUS ISLAND WEATHER BUREAU, JA","2085.6","0","268.0",",0","18",",0","12",",0","1",",0","0",",0","0",",0","0",",0","0",",0","0",",0","31",",0","0",",0","","","20.6",",0,02,","0",",,0,31,+","0",",,0,31,+","44.5",",,0,16,","31.7",",0,02,","","","0.0","0","0.0",",0","","","","","152.6",",,,0","0",",,,0","26.98",",0","30.02",",,,0","23.94",",,,0","",""
"JAC00914475","1965-11","24.2883","153.9833","24.1","MARCUS ISLAND WEATHER BUREAU, JA","2310.7","0","225.1",",0","15",",0","5",",0","0",",0","0",",0","0",",0","0",",0","0",",0","0",",0","30",",0","0",",0","","","21.7",",0,20,+","0",",,0,30,+","0",",,0,30,+","11.2",",,0,24,","30.0",",0,11,","","","0.0","0","0.0",",0","","","","","41.0",",,,0","0",",,,0","25.84",",0","28.42",",,,0","23.25",",,,0","",""
"JAC00914475","1965-12","24.2883","153.9833","24.1","MARCUS ISLAND WEATHER BUREAU, JA","2494.5","0","183.8",",0","12",",0","6",",0","0",",0","0",",0","0",",0","0",",0","0",",0","0",",0","31",",0","0",",0","","","20.0",",0,30,+","0",",,0,31,+","0",",,0,31,+","10.7",",,0,08,","28.9",",0,02,","","","0.0","0","0.0",",0","","","","","46.2",",,,0","0",",,,0","24.26",",0","26.97",",,,0","21.55",",,,0","",""
"JAC00914475","1966-01","24.2883","153.9833","24.1","MARCUS ISLAND WEATHER BUREAU, JA","124.6","0","124.6",",0","9",",0","4",",0","0",",0","0",",0","0",",0","0",",0","0",",0","0",",0","31",",0","0",",0","","","17.2",",0,18,","0",",,0,31,+","0",",,0,31,+","11.7",",,0,02,","28.3",",0,06,","","","0.0","0","0.0",",0","","","","","34.8",",,,0","0",",,,0","22.35",",0","25.17",",,,0","19.54",",,,0","",""
"JAC00914475","1966-02","24.2883","153.9833","24.1","MARCUS ISLAND WEATHER BUREAU, JA","243.2","0","118.6",",0","6",",0","2",",0","0",",0","0",",0","0",",0","0",",0","0",",0","0",",0","28",",0","0",",0","","","17.2",",0,03,","0",",,0,28,+","0",",,0,28,+","14.2",",,0,18,","27.8",",0,18,","","","0.0","0","0.0",",0","","","","","20.0",",,,0","0",",,,0","22.57",",0","25.49",",,,0","19.65",",,,0","",""
"JAC00914475","1966-03","24.2883","153.9833","24.1","MARCUS ISLAND WEATHER BUREAU, JA","374.7","0","131.5",",0","6",",0","6",",0","0",",0","0",",0","0",",0","0",",0","0",",0","0",",0","31",",0","0",",0","","","15.6",",0,06,","0",",,0,31,+","0",",,0,31,+","22.4",",,0,28,","27.8",",0,31,+","","","0.0","0","0.0",",0","","","","","43.2",",,,0","0",",,,0","22.58",",0","25.93",",,,0","19.23",",,,0","",""
"JAC00914475","1966-04","24.2883","153.9833","24.1","MARCUS ISLAND WEATHER BUREAU, JA","539.4","0","164.7","1,0","10",",0","4",",0","0",",0","0",",0","0",",0","0","1,0","0","1,0","0","1,0","29","1,0","0","1,0","1","","17.8","1,0,07,","0",",,0,30,+","0",",,0,30,+","6.4",",,0,26,","29.4","1,0,30,","204.7",",,,0","0.0","0","0.0","1,0","19.94",",,,0","32.12",",,,0","23.9",",,,0","0",",,,0","24.01","1,0","27.08","1,,,0","20.95","1,,,0","5891",",,,0"
"JAC00914475","1966-05","24.2883","153.9833","24.1","MARCUS ISLAND WEATHER BUREAU, JA","772.8","0","233.4",",0","8",",0","2",",0","0",",0","0",",0","0",",0","0",",0","0",",0","0",",0","31",",0","0",",0","","","19.4",",0,22,","0",",,0,31,+","0",",,0,31,+","21.6",",,0,19,","30.6",",0,31,+","227.1","1,,,0","0.0","0","0.0",",0","21.74",",,,0","33.99",",,,0","38.9",",,,0","0",",,,0","25.86",",0","28.83",",,,0","22.90",",,,0","4484",",,,0"
"JAC00914475","1966-06","24.2883","153.9833","24.1","MARCUS ISLAND WEATHER BUREAU, JA","1059.9","0","287.1",",0","3",",0","2",",0","1",",0","0",",0","0",",0","0",",0","0",",0","0",",0","30",",0","1",",0","1","","23.3",",0,29,","0",",,0,30,+","0",",,0,30,+","41.1",",,0,09,","32.2",",0,29,","250.8",",,,0","0.0","0","0.0",",0","22.81",",,,0","35.19",",,,0","47.2",",,,0","0",",,,0","27.90",",0","30.94",",,,0","24.87",",,,0","3929",",,,0"
"JAC00914475","1966-07","24.2883","153.9833","24.1","MARCUS ISLAND WEATHER BUREAU, JA","1374.3","0","314.4",",0","23",",0","9",",0","1",",0","0",",0","0",",0","0",",0","0",",0","0",",0","31",",0","16",",0","","","21.7",",0,21,","0",",,0,31,+","0",",,0,31,+","61.0",",,0,21,","32.8",",0,15,+","253.6",",,,0","0.0","0","0.0",",0","23.47",",,,0","34.95",",,,0","162.7",",,,0","0",",,,0","28.47",",0","31.60",",,,0","25.35",",,,0","5420",",,,0"
"JAC00914475","1966-08","24.2883","153.9833","24.1","MARCUS ISLAND WEATHER BUREAU, JA","1692.7","0","318.4",",0","14",",0","7",",0","0",",0","0",",0","0",",0","0",",0","0",",0","0",",0","31",",0","18",",0","","","22.8",",0,29,+","0",",,0,31,+","0",",,0,31,+","10.9",",,0,22,","33.3",",0,18,","218.6",",,,0","0.0","0","0.0",",0","24.25",",,,0","35.78",",,,0","42.4",",,,0","0",",,,0","28.60",",0","31.79",",,,0","25.42",",,,0","4102",",,,0"
"JAC00914475","1966-09","24.2883","153.9833","24.1","MARCUS ISLAND WEATHER BUREAU, JA","1993.4","0","300.7",",0","20",",0","11",",0","1",",0","0",",0","0",",0","0",",0","0",",0","0",",0","30",",0","6",",0","","","23.3",",0,02,","0",",,0,30,+","0",",,0,30,+","32.0",",,0,27,","32.8",",0,01,","217.9",",,,0","0.0","0","0.0",",0","23.92",",,,0","35.02",",,,0","156.4",",,,0","0",",,,0","28.36",",0","31.40",",,,0","25.31",",,,0","4780",",,,0"
"JAC00914475","1966-10","24.2883","153.9833","24.1","MARCUS ISLAND WEATHER BUREAU, JA","2255.7","0","262.3",",0","14",",0","10",",0","5",",0","0",",0","0",",0","0",",0","0",",0","0",",0","31",",0","0",",0","","","21.7",",0,27,+","0",",,0,31,+","0",",,0,31,+","95.8",",,0,14,","31.7",",0,10,","145.7","5,,,0","0.0","0","0.0",",0","22.30","3,,,0","31.49","3,,,0","311.1",",,,0","0",",,,0","26.80",",0","29.28",",,,0","24.31",",,,0","",""
"JAC00914475","1966-11","24.2883","153.9833","24.1","MARCUS ISLAND WEATHER BUREAU, JA","2466.2","0","210.5",",0","6",",0","4",",0","0",",0","0",",0","0",",0","0",",0","0",",0","0",",0","30",",0","0",",0","","","20.6",",0,29,+","0",",,0,30,+","0",",,0,30,+","19.1",",,0,02,","29.4",",0,21,+","204.5","2,,,0","0.0","0","0.0",",0","19.84","2,,,0","28.97","2,,,0","42.0",",,,0","0",",,,0","25.35",",0","27.86",",,,0","22.84",",,,0","",""
"JAC00914475","1966-12","24.2883","153.9833","24.1","MARCUS ISLAND WEATHER BUREAU, JA","2629.8","0","163.6",",0","11",",0","4",",0","0",",0","0",",0","0",",0","0",",0","0",",0","0",",0","31",",0","0",",0","","","18.9",",0,12,","0",",,0,31,+","0",",,0,31,+","18.8",",,0,11,","28.3",",0,21,+","174.5","1,,,0","0.0","0","0.0",",0","18.82","1,,,0","26.83","1,,,0","44.3",",,,0","0",",,,0","23.61",",0","26.07",",,,0","21.15",",,,0","7353",",,,0"
"JAC00914475","1967-01","24.2883","153.9833","24.1","MARCUS ISLAND WEATHER BUREAU, JA","124.5","0","124.5",",0","12",",0","2",",0","1",",0","0",",0","0",",0","0",",0","0",",0","0",",0","31",",0","0",",0","","","12.8",",0,27,","0",",,0,31,+","0",",,0,31,+","30.7",",,0,27,","27.2",",0,14,+","160.8","3,,,0","1.1","0","1.1",",0","17.50","1,,,0","25.53","1,,,0","51.2",",,,0","0",",,,0","22.31",",0","24.68",",,,0","19.95",",,,0","6639","2,,,0"
"JAC00914475","1967-02","24.2883","153.9833","24.1","MARCUS ISLAND WEATHER BUREAU, JA","203.7","0","79.2",",0","8",",0","5",",0","0",",0","0",",0","0",",0","0",",0","0",",0","0",",0","27",",0","0",",0","","","16.1",",0,21,+","0",",,0,28,+","0",",,0,28,+","22.9",",,0,13,","26.7",",0,28,+","182.9","2,,,0","1.1","0","0.0",",0","16.21","1,,,0","25.19","1,,,0","59.0",",,,0","0",",,,0","21.16",",0","23.79",",,,0","18.54",",,,0","7019","2,,,0"
"JAC00914475","1967-03","24.2883","153.9833","24.1","MARCUS ISLAND WEATHER BUREAU, JA","304.8","0","101.1",",0","10",",0","5",",0","1",",0","0",",0","0",",0","0",",0","0",",0","0",",0","31",",0","0",",0","","","15.6",",0,14,+","0",",,0,31,+","0",",,0,31,+","96.0",",,0,24,","27.2",",0,22,","200.1","3,,,0","1.1","0","0.0",",0","17.03","2,,,0","27.20","2,,,0","132.8",",,,0","0",",,,0","21.60",",0","24.25",",,,0","18.95",",,,0","7858","4,,,0"
"JAC00914475","1967-04","24.2883","153.9833","24.1","MARCUS ISLAND WEATHER BUREAU, JA","447.3","0","142.5",",0","7",",0","2",",0","0",",0","0",",0","0",",0","0",",0","0",",0","0",",0","30",",0","0",",0","","","16.7",",0,11,","0",",,0,30,+","0",",,0,30,+","5.6",",,0,06,","28.9",",0,30,","204.0","4,,,0","1.1","0","0.0",",0","17.94","2,,,0","29.49","2,,,0","14.2",",,,0","0",",,,0","23.08",",0","26.06",",,,0","20.11",",,,0","5440","4,,,0"
"JAC00914475","1967-05","24.2883","153.9833","24.1","MARCUS ISLAND WEATHER BUREAU, JA","679.8","0","232.5",",0","9",",0","3",",0","0",",0","0",",0","0",",0","0",",0","0",",0","0",",0","31",",0","0",",0","","","21.1",",0,13,+","0",",,0,31,+","0",",,0,31,+","10.2",",,0,31,","31.1",",0,29,","203.7","2,,,0","1.1","0","0.0",",0","21.27","1,,,0","31.62","1,,,0","25.0",",,,0","0",",,,0","25.83",",0","28.47",",,,0","23.19",",,,0","6722","2,,,0"
"JAC00914475","1967-06","24.2883","153.9833","24.1","MARCUS ISLAND WEATHER BUREAU, JA","962.2","0","282.4",",0","13",",0","10",",0","2",",0","0",",0","0",",0","0",",0","0",",0","0",",0","30",",0","0",",0","3","","21.1",",0,15,","0",",,0,30,+","0",",,0,30,+","26.7",",,0,14,","31.7",",0,30,+","247.2",",,,0","1.1","0","0.0",",0","23.88",",,,0","34.28",",,,0","100.6",",,,0","0",",,,0","27.75",",0","30.66",",,,0","24.84",",,,0","6295",",,,0"
"JAC00914475","1967-07","24.2883","153.9833","24.1","MARCUS ISLAND WEATHER BUREAU, JA","1234.2","0","272.0",",0","24",",0","17",",0","4",",0","0",",0","0",",0","0",",0","0",",0","0",",0","31",",0","0",",0","1","","19.4",",0,31,","0",",,0,31,+","0",",,0,31,+","39.6",",,0,29,","31.7",",0,23,","185.6","4,,,0","0.0","0","0.0",",0","22.99","2,,,0","33.69","2,,,0","255.7",",,,0","0",",,,0","27.11",",0","30.22",",,,0","23.99",",,,0","3860","4,,,0"
"JAC00914475","1967-08","24.2883","153.9833","24.1","MARCUS ISLAND WEATHER BUREAU, JA","1534.5","0","300.3",",0","15",",0","6",",0","0",",0","0",",0","0",",0","0",",0","0",",0","0",",0","31",",0","3",",0","","","22.8",",0,24,","0",",,0,31,+","0",",,0,31,+","6.4",",,0,24,","32.2",",0,31,+","248.4",",,,0","0.0","0","0.0",",0","23.18",",,,0","35.25",",,,0","34.5",",,,0","0",",,,0","28.02",",0","31.13",",,,0","24.91",",,,0","",""
"JAC00914475","1967-09","24.2883","153.9833","24.1","MARCUS ISLAND WEATHER BUREAU, JA","1820.2","0","285.7",",0","11",",0","5",",0","1",",0","0",",0","0",",0","0",",0","0",",0","0",",0","30",",0","3",",0","","","23.3",",0,16,","0",",,0,30,+","0",",,0,30,+","35.6",",,0,16,","33.9",",0,02,","193.3","4,,,0","0.0","0","0.0",",0","23.31","3,,,0","33.67","3,,,0","102.8",",,,0","0",",,,0","27.86",",0","30.38",",,,0","25.34",",,,0","",""
"JAC00914475","1967-10","24.2883","153.9833","24.1","MARCUS ISLAND WEATHER BUREAU, JA","2093.2","0","273.0",",0","19",",0","3",",0","0",",0","0",",0","0",",0","0",",0","0",",0","0",",0","31",",0","0",",0","","","22.2",",0,20,","0",",,0,31,+","0",",,0,31,+","3.6",",,0,11,","31.1",",0,07,","191.1",",,,0","0.0","0","0.0",",0","23.42","1,,,0","33.76","1,,,0","22.8",",,,0","0",",,,0","27.14",",0","30.02",",,,0","24.26",",,,0","5871",",,,0"
"JAC00914475","1967-11","24.2883","153.9833","24.1","MARCUS ISLAND WEATHER BUREAU, JA","2285.8","0","192.6","3,0","11","3,0","7","3,0","1","3,0","0","3,0","0","3,0","0","3,0","0","3,0","0","3,0","27","3,0","0","3,0","","","19.4","3,0,27,","0","3,,0,30,+","0","3,,0,30,+","97.0","3,,0,25,","30.0","3,0,01,","163.2","4,,,0","0.0","0","0.0","3,0","21.37","3,,,0","30.48","3,,,0","163.8","3,,,0","0","3,,,0","25.46","3,0","28.26","3,,,0","22.67","3,,,0","6646","3,,,0"
"JAC00914475","1968-02","24.2883","153.9833","24.1","MARCUS ISLAND WEATHER BUREAU, JA","","","63.6",",0","11",",0","5",",0","0",",0","0",",0","0",",0","0",",0","0",",0","0",",0","26",",0","0",",0","","","15.0",",0,14,","0",",,0,29,+","0",",,0,29,+","12.2",",,0,17,","27.2",",0,01,","213.6",",,,0","","","1.7",",0","16.39",",,,0","25.75",",,,0","44.7",",,,0","0",",,,0","20.47",",0","23.38",",,,0","17.56",",,,0","7088",",,,0"
"JAC00914475","1968-03","24.2883","153.9833","24.1","MARCUS ISLAND WEATHER BUREAU, JA","","","115.3",",0","8",",0","5",",0","1",",0","0",",0","0",",0","0",",0","0",",0","0",",0","31",",0","0",",0","","","16.1",",0,06,","0",",,0,31,+","0",",,0,31,+","30.7",",,0,19,","27.8",",0,18,","211.8",",,,0","","","0.0",",0","19.01",",,,0","28.89",",,,0","61.8",",,,0","0",",,,0","22.05",",0","24.98",",,,0","19.13",",,,0","6988",",,,0"
"JAC00914475","1968-04","24.2883","153.9833","24.1","MARCUS ISLAND WEATHER BUREAU, JA","","","148.4",",0","7",",0","2",",0","1",",0","0",",0","0",",0","0",",0","0",",0","0",",0","30",",0","0",",0","","","17.2",",0,11,+","0",",,0,30,+","0",",,0,30,+","35.8",",,0,05,","28.9",",0,24,","189.5","3,,,0","","","0.0",",0","19.82","1,,,0","30.47","1,,,0","52.3",",,,0","0",",,,0","23.28",",0","26.48",",,,0","20.08",",,,0","5323","2,,,0"
"JAC00914475","1968-05","24.2883","153.9833","24.1","MARCUS ISLAND WEATHER BUREAU, JA","","","199.6",",0","9",",0","7",",0","0",",0","0",",0","0",",0","0",",0","0",",0","0",",0","31",",0","0",",0","","","18.3",",0,19,","0",",,0,31,+","0",",,0,31,+","21.6",",,0,12,","30.0",",0,31,+","207.9","2,,,0","","","0.0",",0","21.74","1,,,0","33.36","1,,,0","76.2",",,,0","0",",,,0","24.77",",0","28.25",",,,0","21.29",",,,0","4651","2,,,0"
"JAC00914475","1968-06","24.2883","153.9833","24.1","MARCUS ISLAND WEATHER BUREAU, JA","","","267.9",",0","6",",0","5",",0","0",",0","0",",0","0",",0","0",",0","0",",0","0",",0","30",",0","2",",0","","","21.1",",0,14,","0",",,0,30,+","0",",,0,30,+","9.9",",,0,29,","32.2",",0,30,+","","","","","0.0",",0","23.84","5,,,0","37.14","5,,,0","31.9",",,,0","0",",,,0","27.26",",0","30.82",",,,0","23.70",",,,0","",""
