"STATION","DATE","LATITUDE","LONGITUDE","ELEVATION","NAME","CLDD","CLDD_ATTRIBUTES","DP01","DP01_ATTRIBUTES","DP10","DP10_ATTRIBUTES","DP1X","DP1X_ATTRIBUTES","DSND","DSND_ATTRIBUTES","DT00","DT00_ATTRIBUTES","DT32","DT32_ATTRIBUTES","DX32","DX32_ATTRIBUTES","DX70","DX70_ATTRIBUTES","DX90","DX90_ATTRIBUTES","EMNT","EMNT_ATTRIBUTES","EMSD","EMSD_ATTRIBUTES","EMXP","EMXP_ATTRIBUTES","EMXT","EMXT_ATTRIBUTES","HDSD","HDSD_ATTRIBUTES","HTDD","HTDD_ATTRIBUTES","PRCP","PRCP_ATTRIBUTES","TAVG","TAVG_ATTRIBUTES","TMAX","TMAX_ATTRIBUTES","TMIN","TMIN_ATTRIBUTES"
"KZ000035529","1964-04","48.217","57.117","151.0","KOZASAJ, KZ","","","","","","","","","","","","","","","3","4,S","4","4,S","0","4,S","","","","","","","26.1","4,S,30,","","","","","","","","","8.37","4,,,S","",""
"KZ000035529","1964-10","48.217","57.117","151.0","KOZASAJ, KZ","","","","","","","","","","","","","","","0","5,S","1","5,S","0","5,S","","","","","","","21.1","5,S,03,","","","","","","","","","11.28","5,,,S","",""
"KZ000035529","1965-05","48.217","57.117","151.0","KOZASAJ, KZ","","","","","","","","","","","","","","","0","4,S","20","4,S","1","4,S","","","","","","","32.2","4,S,31,","","","","","","","","","24.36","4,,,S","",""
"KZ000035529","1965-07","48.217","57.117","151.0","KOZASAJ, KZ","","","","","","","","","","","","","","","0","5,S","26","5,S","19","5,S","","","","","","","37.8","5,S,30,","","","","","","","","","33.05","5,,,S","",""
"KZ000035529","1965-08","48.217","57.117","151.0","KOZASAJ, KZ","","","","","","","","","","","","","","","0","5,S","26","5,S","7","5,S","","","","","","","40.0","5,S,05,","","","","","","","","","29.98","5,,,S","",""
"KZ000035529","1965-12","48.217","57.117","151.0","KOZASAJ, KZ","","","","","","","","","","","","","","","22","2,S","0","2,S","0","2,S","","","","","","","6.1","2,S,15,+","","","","","","","","","-1.51","2,,,S","",""
"KZ000035529","1966-01","48.217","57.117","151.0","KOZASAJ, KZ","","","7",",I","0",",I","0",",I","","","","","","","","","","","","","","","","","1.9",",,I,30,","","","","","","","6.8",",,,I","","","","","",""
"KZ000035529","1966-02","48.217","57.117","151.0","KOZASAJ, KZ","","","10",",I","5",",I","0",",I","","","","","","","","","","","","","","","","","9.7",",,I,03,","","","","","","","32.5",",,,I","","","","","",""
"KZ000035529","1966-03","48.217","57.117","151.0","KOZASAJ, KZ","","","8",",I","4",",I","0",",I","","","","","","","6","1,S","0","1,S","0","1,S","","","","","10.2",",,I,24,","12.8","1,S,31,+","","","","","32.8",",,,I","","","5.07","1,,,S","",""
"KZ000035529","1966-04","48.217","57.117","151.0","KOZASAJ, KZ","","","0",",I","0",",I","0",",I","","","","","","","0","5,S","13","5,S","0","5,S","","","","","0.0",",T,I,24,+","23.9","5,S,22,+","","","","","0.0",",T,,I","","","19.16","5,,,S","",""
"KZ000035529","1966-05","48.217","57.117","151.0","KOZASAJ, KZ","","","5",",I","3",",I","0",",I","","","","","","","0","1,S","17","1,S","3","1,S","","","","","16.8",",,I,04,","32.2","1,S,31,+","","","","","27.3",",,,I","","","22.94","1,,,S","",""
"KZ000035529","1966-06","48.217","57.117","151.0","KOZASAJ, KZ","","","13",",I","5",",I","0",",I","","","","","","","0","4,S","22","4,S","7","4,S","","","","","6.7",",,I,14,","38.9","4,S,06,","","","","","29.0",",,,I","","","27.42","4,,,S","",""
"KZ000035529","1966-07","48.217","57.117","151.0","KOZASAJ, KZ","","","7","1,I","4","1,I","0","1,I","","","","","","","0","2,S","29","2,S","21","2,S","","","","","10.9","1,,I,20,","38.9","2,S,25,","","","","","31.2","1,,,I","","","33.28","2,,,S","",""
"KZ000035529","1966-08","48.217","57.117","151.0","KOZASAJ, KZ","","","5",",I","2",",I","1",",I","","","","","","","","","","","","","","","","","33.7",",,I,06,","","","","","","","48.3",",,,I","","","","","",""
"KZ000035529","1966-09","48.217","57.117","151.0","KOZASAJ, KZ","","","4",",I","1",",I","0",",I","","","","","","","","","","","","","","","","","4.1",",,I,21,","","","","","","","6.9",",,,I","","","","","",""
"KZ000035529","1966-10","48.217","57.117","151.0","KOZASAJ, KZ","","","6","1,I","1","1,I","0","1,I","","","","","","","1","5,S","2","5,S","0","5,S","","","","","6.9","1,,I,19,","22.2","5,S,07,+","","","","","13.0","1,,,I","","","12.29","5,,,S","",""
"KZ000035529","1966-11","48.217","57.117","151.0","KOZASAJ, KZ","","","1","1,I","0","1,I","0","1,I","","","","","","","5","3,S","0","3,S","0","3,S","","","","","1.8","1,,I,20,","12.2","3,S,15,","","","","","1.8","1,,,I","","","3.87","3,,,S","",""
"KZ000035529","1966-12","48.217","57.117","151.0","KOZASAJ, KZ","","","5",",I","0",",I","0",",I","","","","","","","","","","","","","","","","","2.2",",,I,07,","","","","","","","5.5",",,,I","","","","","",""
"KZ000035529","1967-01","48.217","57.117","151.0","KOZASAJ, KZ","","","8",",I","3",",I","0",",I","","","","","","","27","4,S","0","4,S","0","4,S","","","","","3.6",",,I,07,","0.0","4,S,18,+","","","","","13.7",",,,I","","","-7.14","4,,,S","",""
"KZ000035529","1967-02","48.217","57.117","151.0","KOZASAJ, KZ","","","5",",I","0",",I","0",",I","","","","","","","","","","","","","","","","","1.9",",,I,26,","","","","","","","5.2",",,,I","","","","","",""
"KZ000035529","1967-03","48.217","57.117","151.0","KOZASAJ, KZ","","","10","1,I","0","1,I","0","1,I","","","","","","","12","5,S","0","5,S","0","5,S","","","","","2.1","1,,I,08,","12.2","5,S,31,","","","","","8.6","1,,,I","","","1.41","5,,,S","",""
"KZ000035529","1967-04","48.217","57.117","151.0","KOZASAJ, KZ","4.2","5,S","3",",I","1",",I","0",",I","","","0","4,S","14","4,S","0","1,S","14","1,S","0","1,S","-5.0","4,S,14,+","","","4.8",",,I,23,","28.9","1,S,30,","","","180.0","1,S","6.8",",,,I","10.98","5,S","19.46","1,,,S","2.50","4,,,S"
"KZ000035529","1967-05","48.217","57.117","151.0","KOZASAJ, KZ","","","7",",I","2",",I","0",",I","","","","","","","0","2,S","25","2,S","9","2,S","","","","","4.7",",,I,29,","35.0","2,S,28,+","","","","","12.8",",,,I","","","27.94","2,,,S","",""
"KZ000035529","1967-06","48.217","57.117","151.0","KOZASAJ, KZ","","","8",",I","4",",I","0",",I","","","0","5,S","0","5,S","0","3,S","24","3,S","15","3,S","2.2","5,S,07,","","","5.1",",,I,08,","40.0","3,S,21,+","","","","","18.3",",,,I","22.13","8,S","30.54","3,,,S","13.73","5,,,S"
"KZ000035529","1967-07","48.217","57.117","151.0","KOZASAJ, KZ","","","7",",I","2",",I","0",",I","","","","","","","0","2,S","29","2,S","21","2,S","","","","","3.9",",,I,04,","36.1","2,S,30,+","","","","","11.2",",,,I","","","31.91","2,,,S","",""
"KZ000035529","1967-08","48.217","57.117","151.0","KOZASAJ, KZ","","","4",",I","2",",I","0",",I","","","","","","","0",",S","31",",S","17",",S","","","","","2.6",",,I,02,+","37.2",",S,09,","","","","","8.7",",,,I","","","31.58",",,,S","",""
"KZ000035529","1967-09","48.217","57.117","151.0","KOZASAJ, KZ","","","6",",I","5",",I","0",",I","","","","","","","","","","","","","","","","","8.1",",,I,12,","","","","","","","22.7",",,,I","","","","","",""
"KZ000035529","1967-10","48.217","57.117","151.0","KOZASAJ, KZ","","","4",",I","1",",I","0",",I","","","","","","","0","1,S","3","1,S","0","1,S","","","","","3.5",",,I,15,","22.2","1,S,12,","","","","","5.6",",,,I","","","15.28","1,,,S","",""
"KZ000035529","1967-11","48.217","57.117","151.0","KOZASAJ, KZ","","","6",",I","3",",I","0",",I","","","","","","","4","5,S","0","5,S","0","5,S","","","","","4.5",",,I,16,","12.8","5,S,02,","","","","","11.8",",,,I","","","6.34","5,,,S","",""
"KZ000035529","1967-12","48.217","57.117","151.0","KOZASAJ, KZ","","","8","1,I","5","1,I","0","1,I","","","","","","","","","","","","","","","","","12.2","1,,I,04,","","","","","","","31.4","1,,,I","","","","","",""
"KZ000035529","1968-02","48.217","57.117","151.0","KOZASAJ, KZ","","","7","1,I","1","1,I","0","1,I","","","","","","","23","5,S","0","5,S","0","5,S","","","","","4.1","1,,I,26,","1.1","5,S,27,","","","","","12.9","1,,,I","","","-7.71","5,,,S","",""
"KZ000035529","1968-03","48.217","57.117","151.0","KOZASAJ, KZ","","","7",",I","1",",I","0",",I","","","","","","","9","4,S","0","4,S","0","4,S","","","","","5.6",",,I,08,","13.9","4,S,28,","","","","","8.8",",,,I","","","2.78","4,,,S","",""
"KZ000035529","1968-04","48.217","57.117","151.0","KOZASAJ, KZ","","","3",",I","0",",I","0",",I","","","","","","","0",",S","4",",S","0",",S","","","","","1.7",",,I,27,","23.9",",S,13,+","","","","","2.4",",,,I","","","15.02",",,,S","",""
"KZ000035529","1968-05","48.217","57.117","151.0","KOZASAJ, KZ","","","3",",I","0",",I","0",",I","","","0","4,S","0","4,S","0","3,S","27","3,S","7","3,S","2.2","4,S,31,+","","","1.9",",,I,18,","33.9","3,S,26,+","","","","","3.0",",,,I","19.63","6,S","28.49","3,,,S","10.78","4,,,S"
"KZ000035529","1968-06","48.217","57.117","151.0","KOZASAJ, KZ","103.1","2,S","7",",I","4",",I","0",",I","","","0","1,S","0","1,S","0","1,S","27","1,S","8","1,S","3.9","1,S,07,","","","6.9",",,I,12,","37.8","1,S,28,","","","13.3","1,S","24.4",",,,I","21.33","2,S","29.00","1,,,S","13.66","1,,,S"
"KZ000035529","1968-07","48.217","57.117","151.0","KOZASAJ, KZ","102.0","5,S","8",",I","4",",I","1",",I","","","0","4,S","0","4,S","0","1,S","29","1,S","5","1,S","8.9","4,S,30,","","","27.1",",,I,06,","40.0","1,S,21,","0.3","S","0.3","1,S","49.2",",,,I","22.17","5,S","29.02","1,,,S","15.33","4,,,S"
"KZ000035529","1968-08","48.217","57.117","151.0","KOZASAJ, KZ","112.8","4,S","3","4,I","1","4,I","0","4,I","","","0","4,S","0","4,S","0",",S","29",",S","9",",S","5.0","4,S,31,","","","3.4","4,,I,29,","38.9",",S,03,","15.3","S","15.0",",S","5.6","4,,,I","21.72","4,S","29.41",",,,S","14.03","4,,,S"
"KZ000035529","1968-09","48.217","57.117","151.0","KOZASAJ, KZ","","","1",",I","1",",I","0",",I","","","","","","","0",",S","23",",S","2",",S","","","","","8.5",",,I,18,","32.8",",S,24,","","","","","8.5",",,,I","","","24.83",",,,S","",""
"KZ000035529","1968-10","48.217","57.117","151.0","KOZASAJ, KZ","","","9",",I","2",",I","0",",I","","","","","","","2","3,S","1","3,S","0","3,S","","","","","5.4",",,I,18,","21.1","3,S,15,","","","","","16.9",",,,I","","","11.95","3,,,S","",""
"KZ000035529","1968-11","48.217","57.117","151.0","KOZASAJ, KZ","0.0","4,S","3",",I","0",",I","0",",I","","","0","4,S","25","4,S","13",",S","0",",S","0",",S","-15.0","4,S,23,","","","1.3",",,I,28,","10.0",",S,03,","","","552.5",",S","3.1",",,,I","-3.14","4,S","2.17",",,,S","-8.44","4,,,S"
"KZ000035529","1968-12","48.217","57.117","151.0","KOZASAJ, KZ","","","7",",I","1",",I","0",",I","","","","","","","26","4,S","0","4,S","0","4,S","","","","","7.6",",,I,01,","2.2","4,S,01,","","","","","13.4",",,,I","","","-9.67","4,,,S","",""
"KZ000035529","1969-01","48.217","57.117","151.0","KOZASAJ, KZ","","","2",",I","0",",I","0",",I","","","","","","","31",",S","0",",S","0",",S","","","","","1.5",",,I,19,","-12.2",",S,31,+","","","","","2.3",",,,I","","","-19.48",",,,S","",""
"KZ000035529","1969-02","48.217","57.117","151.0","KOZASAJ, KZ","","","4",",I","0",",I","0",",I","","","19","5,S","23","5,S","27","1,S","0","1,S","0","1,S","-37.8","5,S,11,","","","2.4",",,I,03,","-1.1","1,S,06,","","","","","4.7",",,,I","-18.51","6,S","-12.98","1,,,S","-24.03","5,,,S"
"KZ000035529","1969-03","48.217","57.117","151.0","KOZASAJ, KZ","0.0","5,S","6",",I","2",",I","0",",I","","","15","4,S","27","4,S","27","2,S","0","2,S","0","2,S","-27.8","4,S,03,","","","12.7",",,I,11,","2.2","2,S,20,","","","781.4","2,S","19.9",",,,I","-11.41","5,S","-4.75","2,,,S","-18.06","4,,,S"
"KZ000035529","1969-04","48.217","57.117","151.0","KOZASAJ, KZ","0.0","4,S","7",",I","1",",I","0",",I","","","0","2,S","9","2,S","0","2,S","6","2,S","0","2,S","-6.1","2,S,10,","","","11.2",",,I,19,","26.1","2,S,27,","","","253.1","2,S","19.7",",,,I","8.40","4,S","14.52","2,,,S","2.28","2,,,S"
"KZ000035529","1969-05","48.217","57.117","151.0","KOZASAJ, KZ","","","7",",I","3",",I","0",",I","","","0","5,S","3","5,S","0","3,S","12","3,S","0","3,S","-5.0","5,S,07,","","","6.2",",,I,23,+","30.0","3,S,14,","","","","","22.3",",,,I","13.24","7,S","20.77","3,,,S","5.70","5,,,S"
"KZ000035529","1969-06","48.217","57.117","151.0","KOZASAJ, KZ","136.9","5,S","4",",I","1",",I","0",",I","","","0","5,S","0","5,S","0",",S","30",",S","17",",S","7.2","5,S,16,","","","4.8",",,I,25,","38.9",",S,09,","","","2.8",",S","7.4",",,,I","23.48","5,S","32.23",",,,S","14.73","5,,,S"
"KZ000035529","1969-07","48.217","57.117","151.0","KOZASAJ, KZ","121.0","5,S","4",",I","2",",I","0",",I","","","0","4,S","0","4,S","0","1,S","29","1,S","12","1,S","10.0","4,S,01,","","","8.1",",,I,26,","37.2","1,S,14,","5.3","S","5.3","1,S","16.0",",,,I","22.65","5,S","29.61","1,,,S","15.69","4,,,S"
"KZ000035529","1969-08","48.217","57.117","151.0","KOZASAJ, KZ","","","4",",I","1",",I","0",",I","","","0","5,S","0","5,S","0","1,S","30","1,S","9","1,S","7.2","5,S,20,+","","","4.2",",,I,15,","37.8","1,S,06,","","","","","8.5",",,,I","21.02","6,S","29.24","1,,,S","12.80","5,,,S"
"KZ000035529","1969-09","48.217","57.117","151.0","KOZASAJ, KZ","","","7",",I","5",",I","0",",I","","","","","","","0","2,S","17","2,S","3","2,S","","","","","15.0",",,I,10,","32.8","2,S,03,","","","","","31.1",",,,I","","","23.04","2,,,S","",""
"KZ000035529","1969-10","48.217","57.117","151.0","KOZASAJ, KZ","","","18",",I","5",",I","0",",I","","","","","","","2","3,S","0","3,S","0","3,S","","","","","5.6",",,I,13,","18.9","3,S,06,","","","","","33.4",",,,I","","","9.16","3,,,S","",""
"KZ000035529","1969-11","48.217","57.117","151.0","KOZASAJ, KZ","","","5",",I","3",",I","0",",I","","","","","","","3","2,S","0","2,S","0","2,S","","","","","3.7",",,I,22,","12.8","2,S,06,","","","","","12.6",",,,I","","","5.68","2,,,S","",""
"KZ000035529","1969-12","48.217","57.117","151.0","KOZASAJ, KZ","","","5","1,I","3","1,I","0","1,I","","","","","","","","","","","","","","","","","10.3","1,,I,25,","","","","","","","20.6","1,,,I","","","","","",""
"KZ000035529","1970-01","48.217","57.117","151.0","KOZASAJ, KZ","","","5","1,I","2","1,I","0","1,I","","","","","","","","","","","","","","","","","5.5","1,,I,11,","","","","","","","12.0","1,,,I","","","","","",""
"KZ000035529","1970-02","48.217","57.117","151.0","KOZASAJ, KZ","","","4",",I","1",",I","0",",I","","","9","5,S","23","5,S","23","2,S","0","2,S","0","2,S","-28.9","5,S,03,+","","","5.7",",,I,07,","2.2","2,S,12,+","","","","","9.3",",,,I","-10.48","7,S","-5.64","2,,,S","-15.32","5,,,S"
"KZ000035529","1970-03","48.217","57.117","151.0","KOZASAJ, KZ","0.0","5,S","5",",I","2",",I","0",",I","","","3","5,S","24","5,S","18",",S","0",",S","0",",S","-20.0","5,S,09,+","","","6.5",",,I,28,","17.8",",S,31,+","","","601.3",",S","10.7",",,,I","-4.44","5,S","0.65",",,,S","-9.53","5,,,S"
"KZ000035529","1970-04","48.217","57.117","151.0","KOZASAJ, KZ","0.0","4,S","4",",I","2",",I","0",",I","","","0","4,S","5","4,S","0",",S","9",",S","0",",S","-5.0","4,S,22,","","","19.3",",,I,20,","25.0",",S,30,","","","191.7",",S","30.2",",,,I","10.63","4,S","17.41",",,,S","3.85","4,,,S"
"KZ000035529","1970-05","48.217","57.117","151.0","KOZASAJ, KZ","","","8",",I","4",",I","0",",I","","","","","","","0",",S","25",",S","1",",S","","","","","6.2",",,I,22,","32.2",",S,27,","","","","","22.4",",,,I","","","23.76",",,,S","",""
"KZ000035529","1970-06","48.217","57.117","151.0","KOZASAJ, KZ","51.4","5,S","9",",I","4",",I","0",",I","","","0","4,S","0","4,S","0","2,S","26","2,S","2","2,S","5.0","4,S,10,","","","9.8",",,I,08,","33.9","2,S,16,","","","12.5","2,S","32.1",",,,I","19.63","5,S","27.05","2,,,S","12.22","4,,,S"
"KZ000035529","1970-07","48.217","57.117","151.0","KOZASAJ, KZ","","","10",",I","7",",I","0",",I","","","","","","","0","4,S","27","4,S","15","4,S","","","","","19.0",",,I,16,","37.2","4,S,27,","","","","","49.0",",,,I","","","31.71","4,,,S","",""
"KZ000035529","1970-08","48.217","57.117","151.0","KOZASAJ, KZ","77.2","5,S","6","1,I","4","1,I","0","1,I","","","0","4,S","0","4,S","0","1,S","29","1,S","5","1,S","3.9","4,S,30,","","","11.5","1,,I,02,","35.0","1,S,27,","","","9.2","1,S","32.6","1,,,I","20.61","5,S","27.93","1,,,S","13.29","4,,,S"
"KZ000035529","1970-09","48.217","57.117","151.0","KOZASAJ, KZ","6.6","4,S","6",",I","1",",I","0",",I","","","0","4,S","0","4,S","0",",S","21",",S","2",",S","1.1","4,S,10,","","","8.2",",,I,12,","32.2",",S,08,+","","","72.3",",S","15.8",",,,I","15.91","4,S","23.20",",,,S","8.63","4,,,S"
"KZ000035529","1970-10","48.217","57.117","151.0","KOZASAJ, KZ","","","9",",I","3",",I","0",",I","","","","","","","0",",S","1",",S","0",",S","","","","","5.4",",,I,31,","22.2",",S,01,","","","","","16.5",",,,I","","","12.02",",,,S","",""
"KZ000035529","1970-11","48.217","57.117","151.0","KOZASAJ, KZ","","","10",",I","4",",I","0",",I","","","","","","","","","","","","","","","","","9.0",",,I,05,","","","","","","","32.0",",,,I","","","","","",""
"KZ000035529","1970-12","48.217","57.117","151.0","KOZASAJ, KZ","","","8",",I","3",",I","0",",I","","","","","","","","","","","","","","","","","7.2",",,I,12,","","","","","","","20.3",",,,I","","","","","",""
"KZ000035529","1971-01","48.217","57.117","151.0","KOZASAJ, KZ","","","7",",I","0",",I","0",",I","","","","","","","","","","","","","","","","","1.9",",,I,07,","","","","","","","6.1",",,,I","","","","","",""
"KZ000035529","1971-02","48.217","57.117","151.0","KOZASAJ, KZ","","","7",",I","2",",I","0",",I","","","19","5,S","23","5,S","26","2,S","0","2,S","0","2,S","-33.9","5,S,18,","","","4.5",",,I,14,","-3.9","2,S,11,+","","","","","14.8",",,,I","-17.81","7,S","-12.42","2,,,S","-23.21","5,,,S"
"KZ000035529","1971-03","48.217","57.117","151.0","KOZASAJ, KZ","","","6",",I","3",",I","0",",I","","","","","","","14","4,S","0","4,S","0","4,S","","","","","4.5",",,I,15,","11.1","4,S,31,","","","","","13.5",",,,I","","","-2.47","4,,,S","",""
"KZ000035529","1971-04","48.217","57.117","151.0","KOZASAJ, KZ","","","6",",I","6",",I","0",",I","","","0","5,S","12","5,S","1","3,S","3","3,S","0","3,S","-7.8","5,S,09,+","","","17.1",",,I,19,","25.0","3,S,30,","","","","","40.8",",,,I","6.45","7,S","12.80","3,,,S","0.10","5,,,S"
"KZ000035529","1971-05","48.217","57.117","151.0","KOZASAJ, KZ","25.8","4,S","5",",I","4",",I","0",",I","","","0","4,S","0","4,S","0",",S","15",",S","2",",S","1.1","4,S,13,+","","","14.7",",,I,22,","37.2",",S,25,","","","121.7",",S","27.3",",,,I","14.76","4,S","21.81",",,,S","7.71","4,,,S"
"KZ000035529","1971-06","48.217","57.117","151.0","KOZASAJ, KZ","","","6","1,I","2","1,I","0","1,I","","","0","4,S","0","4,S","0","5,S","24","5,S","8","5,S","2.8","4,S,03,","","","7.4","1,,I,27,","36.1","5,S,15,","","","","","16.1","1,,,I","21.04","9,S","28.64","5,,,S","13.44","4,,,S"
"KZ000035529","1971-07","48.217","57.117","151.0","KOZASAJ, KZ","","","3",",I","0",",I","0",",I","","","","","","","","","","","","","","","","","2.1",",,I,31,","","","","","","","3.6",",,,I","","","","","",""
"KZ000035529","1971-08","48.217","57.117","151.0","KOZASAJ, KZ","","","1",",I","0",",I","0",",I","","","","","","","","","","","","","","","","","0.3",",,I,04,","","","","","","","0.3",",,,I","","","","","",""
"KZ000035529","1971-09","48.217","57.117","151.0","KOZASAJ, KZ","","","1",",I","0",",I","0",",I","","","","","","","","","","","","","","","","","1.0",",,I,07,","","","","","","","1.0",",,,I","","","","","",""
"KZ000035529","1971-10","48.217","57.117","151.0","KOZASAJ, KZ","","","10",",I","5",",I","0",",I","","","","","","","","","","","","","","","","","4.9",",,I,12,","","","","","","","26.0",",,,I","","","","","",""
"KZ000035529","1971-11","48.217","57.117","151.0","KOZASAJ, KZ","","","11",",I","2",",I","0",",I","","","","","","","","","","","","","","","","","6.0",",,I,06,","","","","","","","17.9",",,,I","","","","","",""
"KZ000035529","1971-12","48.217","57.117","151.0","KOZASAJ, KZ","","","18",",I","4",",I","0",",I","","","","","","","","","","","","","","","","","5.0",",,I,27,","","","","","","","31.9",",,,I","","","","","",""
"KZ000035529","1972-01","48.217","57.117","151.0","KOZASAJ, KZ","","","15",",I","1",",I","0",",I","","","","","","","","","","","","","","","","","8.2",",,I,13,","","","","","","","21.8",",,,I","","","","","",""
"KZ000035529","1972-02","48.217","57.117","151.0","KOZASAJ, KZ","","","3",",I","0",",I","0",",I","","","","","","","","","","","","","","","","","0.9",",,I,27,","","","","","","","2.2",",,,I","","","","","",""
"KZ000035529","1972-03","48.217","57.117","151.0","KOZASAJ, KZ","","","9",",I","4",",I","0",",I","","","","","","","","","","","","","","","","","3.4",",,I,27,","","","","","","","18.6",",,,I","","","","","",""
"KZ000035529","1972-04","48.217","57.117","151.0","KOZASAJ, KZ","","","9",",I","2",",I","0",",I","","","","","","","","","","","","","","","","","15.6",",,I,26,","","","","","","","22.8",",,,I","","","","","",""
"KZ000035529","1972-05","48.217","57.117","151.0","KOZASAJ, KZ","","","4",",I","2",",I","0",",I","","","","","","","","","","","","","","","","","5.9",",,I,29,","","","","","","","11.6",",,,I","","","","","",""
"KZ000035529","1972-06","48.217","57.117","151.0","KOZASAJ, KZ","","","11",",I","2",",I","0",",I","","","","","","","","","","","","","","","","","4.9",",,I,15,","","","","","","","15.2",",,,I","","","","","",""
"KZ000035529","1972-07","48.217","57.117","151.0","KOZASAJ, KZ","","","2",",I","1",",I","0",",I","","","","","","","","","","","","","","","","","4.4",",,I,28,","","","","","","","6.6",",,,I","","","","","",""
"KZ000035529","1972-08","48.217","57.117","151.0","KOZASAJ, KZ","","","2",",I","1",",I","0",",I","","","","","","","","","","","","","","","","","4.7",",,I,14,","","","","","","","5.3",",,,I","","","","","",""
"KZ000035529","1972-09","48.217","57.117","151.0","KOZASAJ, KZ","","","0",",I","0",",I","0",",I","","","","","","","","","","","","","","","","","0.0",",T,I,06,+","","","","","","","0.0",",T,,I","","","","","",""
"KZ000035529","1972-10","48.217","57.117","151.0","KOZASAJ, KZ","","","6",",I","1",",I","0",",I","","","","","","","","","","","","","","","","","3.4",",,I,27,","","","","","","","6.8",",,,I","","","","","",""
"KZ000035529","1972-11","48.217","57.117","151.0","KOZASAJ, KZ","","","10",",I","4",",I","0",",I","","","","","","","","","","","","","","","","","20.4",",,I,04,","","","","","","","35.3",",,,I","","","","","",""
"KZ000035529","1972-12","48.217","57.117","151.0","KOZASAJ, KZ","","","18",",I","4",",I","0",",I","","","","","","","","","","","","","","","","","4.3",",,I,01,","","","","","","","25.4",",,,I","","","","","",""
"KZ000035529","1973-01","48.217","57.117","151.0","KOZASAJ, KZ","","","13",",I","4",",I","0",",I","","","","","","","","","","","","","","","","","4.2",",,I,10,","","","","","","","20.7",",,,I","","","","","",""
"KZ000035529","1973-02","48.217","57.117","151.0","KOZASAJ, KZ","","","8",",I","1",",I","0",",I","","","","","","","","","","","","","","","","","3.0",",,I,07,","","","","","","","11.3",",,,I","","","","","",""
"KZ000035529","1973-03","48.217","57.117","151.0","KOZASAJ, KZ","","","9",",I","1",",I","0",",I","","","","","","","14","3,S","0","3,S","0","3,S","","","","","3.7",",,I,31,","10.0","3,S,28,+","","","","","11.2",",,,I","","","1.39","3,,,S","",""
"KZ000035529","1973-04","48.217","57.117","151.0","KOZASAJ, KZ","","","4",",I","0",",I","0",",I","","","0","5,S","7","5,S","","","","","","","-4.0","5,S,27,+","","","0.5",",,I,19,","","","","","","","1.6",",,,I","","","","","3.04","5,,,S"
"KZ000035529","1973-05","48.217","57.117","151.0","KOZASAJ, KZ","","","8",",I","4",",I","0",",I","","","0","5,S","0","5,S","0","3,S","27","3,S","1","3,S","3.0","5,S,05,","","","15.7",",,I,25,","33.0","3,S,31,","","","","","33.0",",,,I","17.42","8,S","25.50","3,,,S","9.35","5,,,S"
"KZ000035529","1973-06","48.217","57.117","151.0","KOZASAJ, KZ","","","8","1,I","4","1,I","0","1,I","","","0","4,S","0","4,S","0","3,S","25","3,S","7","3,S","7.0","4,S,04,","","","9.5","1,,I,23,","38.0","3,S,22,+","","","","","26.1","1,,,I","21.74","6,S","28.70","3,,,S","14.77","4,,,S"
"KZ000035529","1973-07","48.217","57.117","151.0","KOZASAJ, KZ","","","7",",I","3",",I","0",",I","","","0","5,S","0","5,S","0","1,S","30","1,S","6","1,S","7.0","5,S,12,","","","10.5",",,I,22,","39.0","1,S,07,","","","","","27.7",",,,I","22.47","6,S","29.93","1,,,S","15.00","5,,,S"
"KZ000035529","1973-08","48.217","57.117","151.0","KOZASAJ, KZ","","","5",",I","1",",I","0",",I","","","0","5,S","0","5,S","0","2,S","25","2,S","8","2,S","1.0","5,S,31,","","","10.5",",,I,18,","37.0","2,S,08,","","","","","15.8",",,,I","20.87","7,S","28.55","2,,,S","13.19","5,,,S"
"KZ000035529","1973-09","48.217","57.117","151.0","KOZASAJ, KZ","","","7",",I","4",",I","0",",I","","","","","","","0","3,S","9","3,S","0","3,S","","","","","12.8",",,I,15,","27.0","3,S,03,","","","","","36.6",",,,I","","","17.52","3,,,S","",""
"KZ000035529","1973-10","48.217","57.117","151.0","KOZASAJ, KZ","","","11","1,I","3","1,I","0","1,I","","","","","","","1","5,S","0","5,S","0","5,S","","","","","6.4","1,,I,29,","21.0","5,S,13,","","","","","21.6","1,,,I","","","12.31","5,,,S","",""
"KZ000035529","1973-11","48.217","57.117","151.0","KOZASAJ, KZ","","","10",",I","2",",I","0",",I","","","","","","","6","4,S","0","4,S","0","4,S","","","","","4.9",",,I,11,","15.0","4,S,15,","","","","","14.6",",,,I","","","4.65","4,,,S","",""
"KZ000035529","1973-12","48.217","57.117","151.0","KOZASAJ, KZ","","","9",",I","1",",I","0",",I","","","","","","","","","","","","","","","","","4.5",",,I,11,","","","","","","","8.9",",,,I","","","","","",""
"KZ000035529","1974-01","48.217","57.117","151.0","KOZASAJ, KZ","","","9",",I","0",",I","0",",I","","","","","","","","","","","","","","","","","2.0",",,I,02,","","","","","","","7.9",",,,I","","","","","",""
"KZ000035529","1974-02","48.217","57.117","151.0","KOZASAJ, KZ","","","1",",I","0",",I","0",",I","","","19","5,S","23","5,S","","","","","","","-32.0","5,S,26,+","","","0.9",",,I,05,","","","","","","","0.9",",,,I","","","","","-23.57","5,,,S"
"KZ000035529","1974-03","48.217","57.117","151.0","KOZASAJ, KZ","","","6",",I","3",",I","0",",I","","","","","","","9","4,S","0","4,S","0","4,S","","","","","3.2",",,I,29,+","15.0","4,S,25,+","","","","","11.1",",,,I","","","4.00","4,,,S","",""
"KZ000035529","1974-04","48.217","57.117","151.0","KOZASAJ, KZ","0.0","5,S","9","1,I","5","1,I","0","1,I","","","0","3,S","10","3,S","0","4,S","4","4,S","0","4,S","-9.0","3,S,01,","","","9.0","1,,I,21,","23.0","4,S,17,+","","","241.8","4,S","36.9","1,,,I","8.66","5,S","15.69","4,,,S","1.63","3,,,S"
"KZ000035529","1974-05","48.217","57.117","151.0","KOZASAJ, KZ","","","6",",I","4",",I","0",",I","","","0","4,S","0","4,S","0","2,S","23","2,S","1","2,S","2.0","4,S,02,+","","","7.6",",,I,22,","33.0","2,S,14,","","","","","18.6",",,,I","17.95","6,S","25.76","2,,,S","10.15","4,,,S"
"KZ000035529","1974-06","48.217","57.117","151.0","KOZASAJ, KZ","","","7",",I","1",",I","0",",I","","","0","4,S","0","4,S","0","2,S","27","2,S","6","2,S","7.0","4,S,08,","","","5.2",",,I,09,","37.0","2,S,29,+","","","","","9.4",",,,I","21.79","6,S","30.07","2,,,S","13.50","4,,,S"
"KZ000035529","1974-07","48.217","57.117","151.0","KOZASAJ, KZ","","","8",",I","1",",I","0",",I","","","","","","","0","4,S","27","4,S","14","4,S","","","","","4.2",",,I,27,","40.0","4,S,04,","","","","","9.8",",,,I","","","32.44","4,,,S","",""
"KZ000035529","1974-08","48.217","57.117","151.0","KOZASAJ, KZ","","","6",",I","3",",I","0",",I","","","","","","","","","","","","","","","","","4.8",",,I,02,","","","","","","","13.6",",,,I","","","","","",""
"KZ000035529","1974-09","48.217","57.117","151.0","KOZASAJ, KZ","","","4",",I","4",",I","0",",I","","","","","","","0","5,S","21","5,S","0","5,S","","","","","13.8",",,I,18,","32.0","5,S,10,","","","","","24.6",",,,I","","","25.04","5,,,S","",""
"KZ000035529","1974-10","48.217","57.117","151.0","KOZASAJ, KZ","","","1",",I","0",",I","0",",I","","","0","3,S","9","3,S","0","5,S","17","5,S","0","5,S","-6.0","3,S,23,","","","0.5",",,I,24,","24.0","5,S,27,","","","","","0.5",",,,I","10.92","7,S","20.38","5,,,S","1.46","3,,,S"
"KZ000035529","1974-11","48.217","57.117","151.0","KOZASAJ, KZ","","","5",",I","2",",I","0",",I","","","","","","","7","2,S","0","2,S","0","2,S","","","","","10.6",",,I,10,","17.0","2,S,04,","","","","","16.3",",,,I","","","3.68","2,,,S","",""
"KZ000035529","1974-12","48.217","57.117","151.0","KOZASAJ, KZ","","","3",",I","0",",I","0",",I","","","","","","","28","1,S","0","1,S","0","1,S","","","","","0.9",",,I,25,","2.0","1,S,26,","","","","","2.0",",,,I","","","-2.77","1,,,S","",""
"KZ000035529","1975-01","48.217","57.117","151.0","KOZASAJ, KZ","","","11","2,I","0","2,I","0","2,I","","","","","","","22","5,S","0","5,S","0","5,S","","","","","2.2","2,,I,06,","6.0","5,S,17,+","","","","","13.5","2,,,I","","","-5.12","5,,,S","",""
"KZ000035529","1975-02","48.217","57.117","151.0","KOZASAJ, KZ","","","4",",I","1",",I","0",",I","","","","","","","23","4,S","0","4,S","0","4,S","","","","","10.3",",,I,11,","1.0","4,S,14,","","","","","17.1",",,,I","","","-8.21","4,,,S","",""
"KZ000035529","1975-03","48.217","57.117","151.0","KOZASAJ, KZ","","","7",",I","1",",I","0",",I","","","","","","","16",",S","0",",S","0",",S","","","","","4.1",",,I,02,","16.0",",S,28,","","","","","10.8",",,,I","","","0.65",",,,S","",""
"KZ000035529","1975-04","48.217","57.117","151.0","KOZASAJ, KZ","","","0",",I","0",",I","0",",I","","","","","","","0","2,S","18","2,S","0","2,S","","","","","0.0",",T,I,15,","30.0","2,S,30,+","","","","","0.0",",T,,I","","","22.11","2,,,S","",""
"KZ000035529","1975-05","48.217","57.117","151.0","KOZASAJ, KZ","","","0",",I","0",",I","0",",I","","","","","","","0","3,S","25","3,S","1","3,S","","","","","0.0",",T,I,29,+","35.0","3,S,27,","","","","","0.0",",T,,I","","","27.79","3,,,S","",""
"KZ000035529","1975-06","48.217","57.117","151.0","KOZASAJ, KZ","","","2",",I","1",",I","0",",I","","","","","","","0","2,S","28","2,S","18","2,S","","","","","3.3",",,I,14,","39.0","2,S,04,","","","","","4.2",",,,I","","","33.86","2,,,S","",""
"KZ000035529","1975-07","48.217","57.117","151.0","KOZASAJ, KZ","215.8","5,S","5",",I","0",",I","0",",I","","","0","5,S","0","5,S","0",",S","31",",S","22",",S","12.0","5,S,13,","","","1.7",",,I,10,","42.0",",S,06,","0.0","S","0.0",",S","4.5",",,,I","26.42","5,S","35.00",",,,S","17.85","5,,,S"
"KZ000035529","1975-08","48.217","57.117","151.0","KOZASAJ, KZ","","","1",",I","0",",I","0",",I","","","","","","","0","5,S","25","5,S","14","5,S","","","","","0.3",",,I,07,","35.0","5,S,28,+","","","","","0.3",",,,I","","","31.65","5,,,S","",""
"KZ000035529","1975-09","48.217","57.117","151.0","KOZASAJ, KZ","24.0","3,S","0",",I","0",",I","0",",I","","","0","2,S","0","2,S","0","1,S","27","1,S","0","1,S","2.0","2,S,23,","","","0.0",",T,I,02,","30.0","1,S,12,+","","","37.5","1,S","0.0",",T,,I","17.69","3,S","26.14","1,,,S","9.25","2,,,S"
"KZ000035529","1975-10","48.217","57.117","151.0","KOZASAJ, KZ","","","5",",I","3",",I","0",",I","","","","","","","0","2,S","1","2,S","0","2,S","","","","","5.5",",,I,12,","24.0","2,S,02,","","","","","16.1",",,,I","","","10.76","2,,,S","",""
"KZ000035529","1975-11","48.217","57.117","151.0","KOZASAJ, KZ","","","5","1,I","2","1,I","0","1,I","","","","","","","13","4,S","0","4,S","0","4,S","","","","","6.1","1,,I,21,","9.0","4,S,23,+","","","","","14.9","1,,,I","","","0.88","4,,,S","",""
"KZ000035529","1975-12","48.217","57.117","151.0","KOZASAJ, KZ","","","13",",I","2",",I","0",",I","","","","","","","20","5,S","0","5,S","0","5,S","","","","","5.1",",,I,16,","5.0","5,S,19,+","","","","","18.6",",,,I","","","-1.15","5,,,S","",""
"KZ000035529","1976-01","48.217","57.117","151.0","KOZASAJ, KZ","","","10",",I","3",",I","0",",I","30","1,","","","","","","","","","","","","","180","1,,S,31,+","6.7",",,I,10,","","","","","","","16.1",",,,I","","","","","",""
"KZ000035529","1976-02","48.217","57.117","151.0","KOZASAJ, KZ","","","11","1,I","1","1,I","0","1,I","25","4,","","","","","26","2,S","0","2,S","0","2,S","","","249","4,,S,26,+","3.6","1,,I,28,","1.0","2,S,28,","","","","","13.1","1,,,I","","","-13.41","2,,,S","",""
"KZ000035529","1976-03","48.217","57.117","151.0","KOZASAJ, KZ","","","3",",I","1",",I","0",",I","","","","","","","27","4,S","0","4,S","0","4,S","","","","","7.5",",,I,03,","0.0","4,S,31,+","","","","","8.7",",,,I","","","-5.78","4,,,S","",""
"KZ000035529","1976-04","48.217","57.117","151.0","KOZASAJ, KZ","0.0","5,S","3",",I","1",",I","0",",I","","","0","4,S","11","4,S","0","1,S","3","1,S","0","1,S","-11.0","4,S,01,","","","15.5",",,I,15,","25.0","1,S,30,+","","","262.8","1,S","18.8",",,,I","7.69","5,S","13.45","1,,,S","1.92","4,,,S"
"KZ000035529","1976-05","48.217","57.117","151.0","KOZASAJ, KZ","","","7",",I","3",",I","0",",I","","","","","","","0","1,S","19","1,S","2","1,S","","","","","7.2",",,I,11,","37.0","1,S,16,","","","","","20.8",",,,I","","","24.60","1,,,S","",""
"KZ000035529","1976-06","48.217","57.117","151.0","KOZASAJ, KZ","","","5",",I","1",",I","0",",I","","","","","","","0","1,S","29","1,S","7","1,S","","","","","2.7",",,I,25,","35.0","1,S,25,","","","","","5.8",",,,I","","","30.31","1,,,S","",""
"KZ000035529","1976-07","48.217","57.117","151.0","KOZASAJ, KZ","127.2","5,S","6",",I","0",",I","0",",I","","","0","3,S","0","3,S","0","2,S","29","2,S","10","2,S","9.0","3,S,05,","","","2.1",",,I,01,","38.0","2,S,13,","0.8","S","0.8","2,S","7.6",",,,I","23.02","5,S","30.86","2,,,S","15.18","3,,,S"
"KZ000035529","1976-08","48.217","57.117","151.0","KOZASAJ, KZ","","","1",",I","0",",I","0",",I","","","","","","","0","2,S","28","2,S","23","2,S","","","","","0.6",",,I,03,","42.0","2,S,09,+","","","","","0.6",",,,I","","","34.97","2,,,S","",""
"KZ000035529","1976-09","48.217","57.117","151.0","KOZASAJ, KZ","","","2",",I","2",",I","0",",I","","","","","","","0","1,S","15","1,S","0","1,S","","","","","7.0",",,I,30,","31.0","1,S,06,+","","","","","11.7",",,,I","","","21.93","1,,,S","",""
"KZ000035529","1976-10","48.217","57.117","151.0","KOZASAJ, KZ","","","8",",I","3",",I","0",",I","","","","","","","16","3,S","0","3,S","0","3,S","","","","","5.0",",,I,26,","13.0","3,S,07,","","","","","18.9",",,,I","","","1.64","3,,,S","",""
"KZ000035529","1976-11","48.217","57.117","151.0","KOZASAJ, KZ","","","4",",I","2",",I","0",",I","","","","","","","17","4,S","0","4,S","0","4,S","","","","","6.9",",,I,02,","5.0","4,S,26,","","","","","12.0",",,,I","","","-0.77","4,,,S","",""
"KZ000035529","1976-12","48.217","57.117","151.0","KOZASAJ, KZ","","","1","1,I","0","1,I","0","1,I","","","","","","","","","","","","","","","","","0.4","1,,I,20,","","","","","","","0.4","1,,,I","","","","","",""
"KZ000035529","1977-01","48.217","57.117","151.0","KOZASAJ, KZ","","","9","1,S","1","1,S","0","1,S","","","","","","","","","","","","","","","","","7.1","1,,S,12,","","","","","","","15.0","1,,,S","","","","","",""
"KZ000035529","1977-02","48.217","57.117","151.0","KOZASAJ, KZ","","","8","1,S","6","1,S","1","1,S","","","","","","","","","","","","","","","","","32.0","1,,S,16,","","","","","","","61.6","1,,,S","","","","","",""
"KZ000035529","1977-03","48.217","57.117","151.0","KOZASAJ, KZ","","","4",",S","2",",S","0",",S","","","","","","","6","5,S","0","5,S","0","5,S","","","","","4.1",",,S,04,","17.0","5,S,29,+","","","","","8.1",",,,S","","","4.96","5,,,S","",""
"KZ000035529","1977-04","48.217","57.117","151.0","KOZASAJ, KZ","","","3","2,S","2","2,S","0","2,S","","","","","","","0","2,S","10","2,S","0","2,S","","","","","17.0","2,,S,16,","29.0","2,S,08,","","","","","20.3","2,,,S","","","18.64","2,,,S","",""
"KZ000035529","1977-05","48.217","57.117","151.0","KOZASAJ, KZ","35.8","5,S","1",",I","1",",I","0",",I","","","0","3,S","1","3,S","0","3,S","26","3,S","1","3,S","-1.0","3,S,06,","","","10.8",",,I,23,","33.0","3,S,26,","","","39.5","3,S","10.8",",,,I","18.46","5,S","26.71","3,,,S","10.21","3,,,S"
"KZ000035529","1977-06","48.217","57.117","151.0","KOZASAJ, KZ","177.7","5,S","4",",I","1",",I","0",",I","","","0","5,S","0","5,S","0",",S","30",",S","19",",S","11.0","5,S,28,","","","2.7",",,I,17,","39.0",",S,12,","","","0.0",",S","4.5",",,,I","25.39","5,S","33.67",",,,S","17.12","5,,,S"
"KZ000035529","1977-07","48.217","57.117","151.0","KOZASAJ, KZ","","","3",",I","1",",I","0",",I","","","","","","","0","3,S","28","3,S","14","3,S","","","","","3.7",",,I,05,","37.0","3,S,01,","","","","","5.2",",,,I","","","31.93","3,,,S","",""
"KZ000035529","1977-08","48.217","57.117","151.0","KOZASAJ, KZ","","","3",",I","0",",I","0",",I","","","","","","","0","3,S","26","3,S","7","3,S","","","","","2.2",",,I,18,","35.0","3,S,08,","","","","","4.6",",,,I","","","29.50","3,,,S","",""
"KZ000035529","1977-09","48.217","57.117","151.0","KOZASAJ, KZ","","","4",",I","3",",I","0",",I","","","","","","","0","1,S","20","1,S","0","1,S","","","","","4.8",",,I,28,","32.0","1,S,12,","","","","","11.8",",,,I","","","24.24","1,,,S","",""
"KZ000035529","1977-10","48.217","57.117","151.0","KOZASAJ, KZ","","","10",",I","5",",I","0",",I","","","","","","","3","1,S","2","1,S","0","1,S","","","","","10.4",",,I,07,","23.0","1,S,05,","","","","","32.5",",,,I","","","8.67","1,,,S","",""
"KZ000035529","1977-11","48.217","57.117","151.0","KOZASAJ, KZ","","","8",",I","3",",I","0",",I","","","","","","","5","2,S","0","2,S","0","2,S","","","","","13.4",",,I,05,","9.0","2,S,19,","","","","","26.7",",,,I","","","3.18","2,,,S","",""
"KZ000035529","1977-12","48.217","57.117","151.0","KOZASAJ, KZ","","","12",",I","4",",I","0",",I","","","","","","","19","4,S","0","4,S","0","4,S","","","","","5.8",",,I,06,","5.0","4,S,05,","","","","","24.0",",,,I","","","-3.37","4,,,S","",""
"KZ000035529","1978-01","48.217","57.117","151.0","KOZASAJ, KZ","","","8",",I","2",",I","0",",I","","","","","","","","","","","","","","","","","9.4",",,I,22,","","","","","","","22.2",",,,I","","","","","",""
"KZ000035529","1978-02","48.217","57.117","151.0","KOZASAJ, KZ","","","6",",I","0",",I","0",",I","","","","","","","19","4,S","0","4,S","0","4,S","","","","","1.0",",,I,22,","4.0","4,S,17,","","","","","3.3",",,,I","","","-9.79","4,,,S","",""
"KZ000035529","1978-03","48.217","57.117","151.0","KOZASAJ, KZ","","","5",",I","1",",I","0",",I","","","","","","","12",",S","0",",S","0",",S","","","","","5.9",",,I,12,","15.0",",S,31,+","","","","","10.0",",,,I","","","1.42",",,,S","",""
"KZ000035529","1978-04","48.217","57.117","151.0","KOZASAJ, KZ","0.0","5,S","6",",I","3",",I","0",",I","","","0","5,S","7","5,S","0",",S","1",",S","0",",S","-5.0","5,S,22,","","","9.4",",,I,27,","23.0",",S,30,","","","234.3",",S","19.7",",,,I","8.86","5,S","15.20",",,,S","2.52","5,,,S"
"KZ000035529","1978-05","48.217","57.117","151.0","KOZASAJ, KZ","4.5","5,S","10",",I","3",",I","0",",I","","","0","3,S","1","3,S","0","2,S","15","2,S","0","2,S","0.0","3,S,03,","","","14.2",",,I,19,","28.0","2,S,17,+","","","86.7","2,S","27.9",",,,I","14.84","5,S","21.86","2,,,S","7.82","3,,,S"
"KZ000035529","1978-06","48.217","57.117","151.0","KOZASAJ, KZ","","","7",",I","3",",I","0",",I","","","","","","","0",",S","25",",S","9",",S","","","","","13.4",",,I,24,","39.0",",S,22,","","","","","30.8",",,,I","","","28.30",",,,S","",""
"KZ000035529","1978-07","48.217","57.117","151.0","KOZASAJ, KZ","","","5",",I","2",",I","0",",I","","","","","","","0","1,S","30","1,S","16","1,S","","","","","5.1",",,I,07,","40.0","1,S,25,+","","","","","9.7",",,,I","","","32.73","1,,,S","",""
"KZ000035529","1978-08","48.217","57.117","151.0","KOZASAJ, KZ","92.0","4,S","1",",I","0",",I","0",",I","","","0","2,S","0","2,S","0","2,S","28","2,S","10","2,S","2.0","2,S,20,","","","1.2",",,I,06,","40.0","2,S,04,","","","26.0","2,S","1.2",",,,I","20.91","4,S","30.07","2,,,S","11.76","2,,,S"
"KZ000035529","1978-09","48.217","57.117","151.0","KOZASAJ, KZ","","","6",",I","3",",I","0",",I","","","","","","","0","2,S","21","2,S","1","2,S","","","","","4.7",",,I,23,","33.0","2,S,09,","","","","","14.7",",,,I","","","25.57","2,,,S","",""
"KZ000035529","1978-10","48.217","57.117","151.0","KOZASAJ, KZ","","","5",",I","0",",I","0",",I","","","","","","","0","1,S","0","1,S","0","1,S","","","","","1.1",",,I,31,","21.0","1,S,23,","","","","","4.2",",,,I","","","11.80","1,,,S","",""
"KZ000035529","1978-11","48.217","57.117","151.0","KOZASAJ, KZ","","","11",",I","9",",I","0",",I","","","","","","","5","1,S","0","1,S","0","1,S","","","","","8.8",",,I,01,","11.0","1,S,06,","","","","","49.4",",,,I","","","2.34","1,,,S","",""
"KZ000035529","1978-12","48.217","57.117","151.0","KOZASAJ, KZ","","","10",",I","4",",I","0",",I","","","","","","","19","5,S","0","5,S","0","5,S","","","","","7.4",",,I,17,","4.0","5,S,31,","","","","","26.6",",,,I","","","-3.96","5,,,S","",""
"KZ000035529","1979-01","48.217","57.117","151.0","KOZASAJ, KZ","","","1",",I","0",",I","0",",I","","","","","","","29","2,S","0","2,S","0","2,S","","","","","1.1",",,I,22,","-2.0","2,S,05,+","","","","","1.1",",,,I","","","-8.34","2,,,S","",""
"KZ000035529","1979-02","48.217","57.117","151.0","KOZASAJ, KZ","","","3",",I","0",",I","0",",I","","","","","","","21","2,S","0","2,S","0","2,S","","","","","2.0",",,I,14,","3.0","2,S,14,","","","","","3.2",",,,I","","","-2.65","2,,,S","",""
"KZ000035529","1979-03","48.217","57.117","151.0","KOZASAJ, KZ","","","1",",I","1",",I","0",",I","","","","","","","11",",S","0",",S","0",",S","","","","","4.4",",,I,16,","13.0",",S,31,+","","","","","4.4",",,,I","","","4.77",",,,S","",""
"KZ000035529","1979-04","48.217","57.117","151.0","KOZASAJ, KZ","","","8",",I","5",",I","0",",I","","","","","","","0","1,S","2","1,S","0","1,S","","","","","7.8",",,I,16,","23.0","1,S,13,","","","","","31.8",",,,I","","","14.03","1,,,S","",""
"KZ000035529","1979-05","48.217","57.117","151.0","KOZASAJ, KZ","","","6",",I","2",",I","0",",I","","","","","","","0",",S","28",",S","2",",S","","","","","6.3",",,I,23,","35.0",",S,28,","","","","","15.4",",,,I","","","26.87",",,,S","",""
"KZ000035529","1979-06","48.217","57.117","151.0","KOZASAJ, KZ","","","3",",I","1",",I","0",",I","","","","","","","0","2,S","24","2,S","6","2,S","","","","","2.9",",,I,03,","39.0","2,S,20,","","","","","3.6",",,,I","","","27.82","2,,,S","",""
"KZ000035529","1979-07","48.217","57.117","151.0","KOZASAJ, KZ","","","5",",I","2",",I","0",",I","","","","","","","0","2,S","29","2,S","18","2,S","","","","","9.0",",,I,30,","42.0","2,S,31,","","","","","17.5",",,,I","","","33.31","2,,,S","",""
"KZ000035529","1979-08","48.217","57.117","151.0","KOZASAJ, KZ","","","1",",I","0",",I","0",",I","","","","","","","0",",S","31",",S","18",",S","","","","","0.3",",,I,15,","39.0",",S,10,+","","","","","0.3",",,,I","","","32.65",",,,S","",""
"KZ000035529","1979-09","48.217","57.117","151.0","KOZASAJ, KZ","","","5",",I","1",",I","0",",I","","","","","","","0","2,S","23","2,S","2","2,S","","","","","6.3",",,I,14,","37.0","2,S,02,+","","","","","10.3",",,,I","","","24.86","2,,,S","",""
"KZ000035529","1979-10","48.217","57.117","151.0","KOZASAJ, KZ","","","14",",I","7",",I","0",",I","","","","","","","1","4,S","1","4,S","0","4,S","","","","","12.3",",,I,30,","32.0","4,S,01,","","","","","58.7",",,,I","","","12.70","4,,,S","",""
"KZ000035529","1979-11","48.217","57.117","151.0","KOZASAJ, KZ","","","3",",I","2",",I","0",",I","","","","","","","3","4,S","0","4,S","0","4,S","","","","","6.6",",,I,01,","13.0","4,S,02,","","","","","12.2",",,,I","","","4.27","4,,,S","",""
"KZ000035529","1979-12","48.217","57.117","151.0","KOZASAJ, KZ","","","11",",I","3",",I","0",",I","","","","","","","","","","","","","","","","","7.8",",,I,08,","","","","","","","26.1",",,,I","","","","","",""
"KZ000035529","1980-01","48.217","57.117","151.0","KOZASAJ, KZ","","","5",",I","2",",I","0",",I","","","","","","","","","","","","","","","","","8.7",",,I,06,","","","","","","","14.3",",,,I","","","","","",""
"KZ000035529","1980-02","48.217","57.117","151.0","KOZASAJ, KZ","","","5",",I","1",",I","0",",I","","","","","","","27","2,S","0","2,S","0","2,S","","","","","2.7",",,I,23,","-3.0","2,S,12,","","","","","6.8",",,,I","","","-10.93","2,,,S","",""
"KZ000035529","1980-03","48.217","57.117","151.0","KOZASAJ, KZ","","","3",",I","1",",I","0",",I","","","","","","","21","4,S","0","4,S","0","4,S","","","","","3.5",",,I,20,","11.0","4,S,30,","","","","","5.4",",,,I","","","-3.11","4,,,S","",""
"KZ000035529","1980-04","48.217","57.117","151.0","KOZASAJ, KZ","","","4",",I","3",",I","0",",I","","","0","4,S","1","4,S","0","2,S","6","2,S","0","2,S","0.0","4,S,08,","","","12.3",",,I,17,","23.0","2,S,23,+","","","","","26.3",",,,I","9.47","6,S","14.71","2,,,S","4.23","4,,,S"
"KZ000035529","1980-05","48.217","57.117","151.0","KOZASAJ, KZ","52.7","5,S","4",",I","2",",I","0",",I","","","0","5,S","0","5,S","0",",S","25",",S","2",",S","3.0","5,S,10,+","","","9.9",",,I,08,","39.0",",S,23,","","","31.8",",S","17.1",",,,I","18.76","5,S","26.52",",,,S","11.00","5,,,S"
"KZ000035529","1980-06","48.217","57.117","151.0","KOZASAJ, KZ","98.8","4,S","7",",I","2",",I","0",",I","","","0","4,S","0","4,S","0",",S","30",",S","5",",S","8.0","4,S,02,","","","6.2",",,I,17,","37.0",",S,28,","","","2.0",",S","14.7",",,,I","21.95","4,S","29.60",",,,S","14.31","4,,,S"
"KZ000035529","1980-07","48.217","57.117","151.0","KOZASAJ, KZ","","","4",",I","1",",I","0",",I","","","","","","","0","2,S","29","2,S","19","2,S","","","","","12.7",",,I,31,","40.0","2,S,14,+","","","","","15.2",",,,I","","","34.24","2,,,S","",""
"KZ000035529","1980-08","48.217","57.117","151.0","KOZASAJ, KZ","90.3","4,S","5",",I","1",",I","0",",I","","","0","2,S","0","2,S","0","2,S","28","2,S","5","2,S","1.0","2,S,30,","","","6.5",",,I,08,","36.0","2,S,17,","","","16.8","2,S","8.7",",,,I","20.52","4,S","28.69","2,,,S","12.34","2,,,S"
"KZ000035529","1980-09","48.217","57.117","151.0","KOZASAJ, KZ","","","5",",I","1",",I","0",",I","","","","","","","0","2,S","17","2,S","0","2,S","","","","","6.7",",,I,19,","32.0","2,S,04,+","","","","","8.2",",,,I","","","22.00","2,,,S","",""
"KZ000035529","1980-10","48.217","57.117","151.0","KOZASAJ, KZ","","","7",",I","1",",I","0",",I","","","","","","","0",",S","0",",S","0",",S","","","","","13.8",",,I,21,","18.0",",S,01,","","","","","21.3",",,,I","","","11.39",",,,S","",""
"KZ000035529","1980-11","48.217","57.117","151.0","KOZASAJ, KZ","","","10",",I","5",",I","0",",I","","","","","","","7","3,S","0","3,S","0","3,S","","","","","11.8",",,I,06,","17.0","3,S,01,","","","","","39.5",",,,I","","","4.15","3,,,S","",""
"KZ000035529","1980-12","48.217","57.117","151.0","KOZASAJ, KZ","","","5",",I","1",",I","0",",I","","","","","","","22","2,S","0","2,S","0","2,S","","","","","7.3",",,I,02,","3.0","2,S,07,","","","","","11.8",",,,I","","","-2.00","2,,,S","",""
"KZ000035529","1981-01","48.217","57.117","151.0","KOZASAJ, KZ","","","3",",I","0",",I","0",",I","","","","","","","26","2,S","0","2,S","0","2,S","","","","","0.4",",,I,09,","2.0","2,S,31,","","","","","1.1",",,,I","","","-4.28","2,,,S","",""
"KZ000035529","1981-02","48.217","57.117","151.0","KOZASAJ, KZ","","","8",",I","1",",I","0",",I","","","","","","","23","1,S","0","1,S","0","1,S","","","","","2.5",",,I,12,","5.0","1,S,06,","","","","","10.1",",,,I","","","-3.63","1,,,S","",""
"KZ000035529","1981-03","48.217","57.117","151.0","KOZASAJ, KZ","","","11",",I","3",",I","0",",I","","","","","","","10","2,S","0","2,S","0","2,S","","","","","15.2",",,I,31,","13.0","2,S,30,+","","","","","28.3",",,,I","","","3.31","2,,,S","",""
"KZ000035529","1981-04","48.217","57.117","151.0","KOZASAJ, KZ","","","11",",I","8",",I","1",",I","","","0","5,S","9","5,S","0","2,S","0","2,S","0","2,S","-5.0","5,S,11,","","","25.4",",,I,27,","21.0","2,S,21,","","","","","80.3",",,,I","7.26","6,S","12.07","2,,,S","2.44","5,,,S"
"KZ000035529","1981-05","48.217","57.117","151.0","KOZASAJ, KZ","","","9",",I","4",",I","0",",I","","","0","5,S","1","5,S","0","3,S","13","3,S","0","3,S","-1.0","5,S,19,","","","14.7",",,I,02,","27.0","3,S,28,+","","","","","46.4",",,,I","13.99","6,S","20.25","3,,,S","7.73","5,,,S"
"KZ000035529","1981-06","48.217","57.117","151.0","KOZASAJ, KZ","","","10",",I","4",",I","0",",I","","","0","5,S","0","5,S","0","4,S","25","4,S","4","4,S","8.0","5,S,07,","","","11.4",",,I,25,","35.0","4,S,21,","","","","","38.4",",,,I","20.95","9,S","27.46","4,,,S","14.44","5,,,S"
"KZ000035529","1981-07","48.217","57.117","151.0","KOZASAJ, KZ","198.5","4,S","4",",I","2",",I","1",",I","","","0","3,S","0","3,S","0","1,S","30","1,S","19","1,S","14.0","3,S,18,","","","29.7",",,I,06,","37.0","1,S,23,+","0.0","S","0.0","1,S","33.4",",,,I","25.68","4,S","33.50","1,,,S","17.86","3,,,S"
"KZ000035529","1981-08","48.217","57.117","151.0","KOZASAJ, KZ","158.3","2,S","3",",I","0",",I","0",",I","","","0","2,S","0","2,S","0",",S","31",",S","12",",S","12.0","2,S,17,","","","1.1",",,I,09,","37.0",",S,15,","0.0","S","0.0",",S","2.7",",,,I","23.69","2,S","31.61",",,,S","15.76","2,,,S"
"KZ000035529","1981-09","48.217","57.117","151.0","KOZASAJ, KZ","","","5",",I","1",",I","0",",I","","","","","","","0","1,S","19","1,S","6","1,S","","","","","2.8",",,I,23,","36.0","1,S,04,","","","","","8.4",",,,I","","","23.97","1,,,S","",""
"KZ000035529","1981-10","48.217","57.117","151.0","KOZASAJ, KZ","0.0","5,S","2",",I","1",",I","0",",I","","","0","4,S","23","4,S","0","2,S","4","2,S","0","2,S","-6.0","4,S,25,","","","5.4",",,I,21,","22.0","2,S,11,+","","","271.2","2,S","7.0",",,,I","7.55","5,S","16.24","2,,,S","-1.15","4,,,S"
"KZ000035529","1981-11","48.217","57.117","151.0","KOZASAJ, KZ","","","7",",I","2",",I","0",",I","","","","","","","10","2,S","0","2,S","0","2,S","","","","","5.2",",,I,14,","18.0","2,S,02,+","","","","","11.4",",,,I","","","5.93","2,,,S","",""
"KZ000035529","1981-12","48.217","57.117","151.0","KOZASAJ, KZ","","","2",",I","0",",I","0",",I","","","","","","","16","3,S","0","3,S","0","3,S","","","","","0.6",",,I,07,","8.0","3,S,17,","","","","","1.0",",,,I","","","-0.54","3,,,S","",""
"KZ000035529","1982-01","48.217","57.117","151.0","KOZASAJ, KZ","","","9","1,I","4","1,I","0","1,I","","","","","","","","","","","","","","","","","9.7","1,,I,12,","","","","","","","31.4","1,,,I","","","","","",""
"KZ000035529","1982-02","48.217","57.117","151.0","KOZASAJ, KZ","","","8",",I","2",",I","0",",I","","","","","","","","","","","","","","","","","4.8",",,I,06,+","","","","","","","14.0",",,,I","","","","","",""
"KZ000035529","1982-03","48.217","57.117","151.0","KOZASAJ, KZ","","","8",",I","1",",I","0",",I","","","","","","","","","","","","","","","","","8.2",",,I,15,","","","","","","","18.3",",,,I","","","","","",""
"KZ000035529","1982-04","48.217","57.117","151.0","KOZASAJ, KZ","","","2","2,S","1","2,S","0","2,S","","","","","","","0","4,S","14","4,S","0","4,S","","","","","3.3","2,,S,03,","31.0","4,S,28,","","","","","5.3","2,,,S","","","18.78","4,,,S","",""
"KZ000035529","1982-05","48.217","57.117","151.0","KOZASAJ, KZ","","","7",",I","2",",I","0",",I","","","","","","","0",",S","27",",S","0",",S","","","","","8.9",",,I,20,","30.7",",S,15,","","","","","21.9",",,,I","","","24.32",",,,S","",""
"KZ000035529","1982-06","48.217","57.117","151.0","KOZASAJ, KZ","","","6",",I","3",",I","0",",I","","","","","","","0","4,S","23","4,S","5","4,S","","","","","7.2",",,I,25,","36.5","4,S,19,","","","","","19.9",",,,I","","","27.58","4,,,S","",""
"KZ000035529","1982-07","48.217","57.117","151.0","KOZASAJ, KZ","","","4",",I","0",",I","0",",I","","","","","","","0","2,S","29","2,S","19","2,S","","","","","2.2",",,I,25,","38.5","2,S,11,","","","","","5.0",",,,I","","","33.50","2,,,S","",""
"KZ000035529","1982-08","48.217","57.117","151.0","KOZASAJ, KZ","89.0","5,S","6",",I","4",",I","0",",I","","","0","4,S","0","4,S","0","1,S","29","1,S","6","1,S","11.0","4,S,22,","","","22.8",",,I,14,","35.1","1,S,13,","","","1.7","1,S","41.7",",,,I","21.71","5,S","29.32","1,,,S","14.11","4,,,S"
"KZ000035529","1982-09","48.217","57.117","151.0","KOZASAJ, KZ","","","7",",I","3",",I","0",",I","","","","","","","0","2,S","20","2,S","3","2,S","","","","","11.6",",,I,16,","34.7","2,S,09,","","","","","26.4",",,,I","","","24.40","2,,,S","",""
"KZ000035529","1982-10","48.217","57.117","151.0","KOZASAJ, KZ","","","8",",I","5",",I","0",",I","","","","","","","0","5,S","5","5,S","0","5,S","","","","","5.6",",,I,31,","25.0","5,S,15,","","","","","22.3",",,,I","","","12.27","5,,,S","",""
"KZ000035529","1982-11","48.217","57.117","151.0","KOZASAJ, KZ","","","9",",I","2",",I","0",",I","","","","","","","","","","","","","","","","","3.0",",,I,04,","","","","","","","13.5",",,,I","","","","","",""
"KZ000035529","1982-12","48.217","57.117","151.0","KOZASAJ, KZ","","","9",",I","0",",I","0",",I","","","","","","","17","5,S","0","5,S","0","5,S","","","","","2.3",",,I,03,","7.8","5,S,20,","","","","","9.3",",,,I","","","-1.34","5,,,S","",""
"KZ000035529","1983-01","48.217","57.117","151.0","KOZASAJ, KZ","","","12",",I","5",",I","0",",I","","","","","","","","","","","","","","","","","8.5",",,I,03,","","","","","","","29.1",",,,I","","","","","",""
"KZ000035529","1983-02","48.217","57.117","151.0","KOZASAJ, KZ","","","10",",I","2",",I","0",",I","","","","","","","","","","","","","","","","","6.4",",,I,27,","","","","","","","16.3",",,,I","","","","","",""
"KZ000035529","1983-03","48.217","57.117","151.0","KOZASAJ, KZ","","","8",",I","2",",I","0",",I","","","","","","","","","","","","","","","","","4.6",",,I,06,","","","","","","","11.8",",,,I","","","","","",""
"KZ000035529","1983-04","48.217","57.117","151.0","KOZASAJ, KZ","","","5",",I","3",",I","0",",I","","","","","","","0",",S","13",",S","0",",S","","","","","11.4",",,I,02,","27.0",",S,18,","","","","","21.5",",,,I","","","20.72",",,,S","",""
"KZ000035529","1983-05","48.217","57.117","151.0","KOZASAJ, KZ","","","7",",I","3",",I","0",",I","","","","","","","0","1,S","21","1,S","0","1,S","","","","","10.5",",,I,11,","30.4","1,S,26,","","","","","23.4",",,,I","","","22.91","1,,,S","",""
"KZ000035529","1983-06","48.217","57.117","151.0","KOZASAJ, KZ","","","7",",I","1",",I","0",",I","","","","","","","0","2,S","28","2,S","5","2,S","","","","","7.7",",,I,18,","33.5","2,S,21,","","","","","13.4",",,,I","","","28.79","2,,,S","",""
"KZ000035529","1983-07","48.217","57.117","151.0","KOZASAJ, KZ","","","5",",I","2",",I","0",",I","","","","","","","0","1,S","30","1,S","21","1,S","","","","","4.8",",,I,28,+","41.8","1,S,11,","","","","","11.0",",,,I","","","34.60","1,,,S","",""
"KZ000035529","1983-08","48.217","57.117","151.0","KOZASAJ, KZ","","","5",",I","2",",I","0",",I","","","","","","","0","3,S","27","3,S","9","3,S","","","","","7.8",",,I,02,","40.8","3,S,15,","","","","","17.4",",,,I","","","29.71","3,,,S","",""
"KZ000035529","1983-09","48.217","57.117","151.0","KOZASAJ, KZ","","","6",",I","4",",I","0",",I","","","","","","","0","3,S","18","3,S","0","3,S","","","","","10.7",",,I,26,","29.5","3,S,09,","","","","","29.5",",,,I","","","21.87","3,,,S","",""
"KZ000035529","1983-10","48.217","57.117","151.0","KOZASAJ, KZ","","","5",",I","2",",I","0",",I","","","","","","","0","4,S","2","4,S","0","4,S","","","","","4.6",",,I,12,","22.3","4,S,11,","","","","","11.7",",,,I","","","13.10","4,,,S","",""
"KZ000035529","1983-11","48.217","57.117","151.0","KOZASAJ, KZ","","","11",",I","3",",I","0",",I","","","","","","","","","","","","","","","","","6.4",",,I,19,","","","","","","","21.5",",,,I","","","","","",""
"KZ000035529","1983-12","48.217","57.117","151.0","KOZASAJ, KZ","","","6",",I","1",",I","0",",I","","","","","","","","","","","","","","","","","2.8",",,I,28,","","","","","","","8.9",",,,I","","","","","",""
"KZ000035529","1984-01","48.217","57.117","151.0","KOZASAJ, KZ","","","6",",I","1",",I","0",",I","","","","","","","23","4,S","0","4,S","0","4,S","","","","","5.9",",,I,01,","1.1","4,S,03,","","","","","11.8",",,,I","","","-7.23","4,,,S","",""
"KZ000035529","1984-02","48.217","57.117","151.0","KOZASAJ, KZ","","","1",",I","0",",I","0",",I","","","","","","","25","4,S","0","4,S","0","4,S","","","","","0.5",",,I,16,","-5.1","4,S,29,","","","","","0.7",",,,I","","","-12.74","4,,,S","",""
"KZ000035529","1984-03","48.217","57.117","151.0","KOZASAJ, KZ","","","2",",I","1",",I","0",",I","","","","","","","14","1,S","0","1,S","0","1,S","","","","","3.2",",,I,26,","10.0","1,S,31,+","","","","","4.7",",,,I","","","0.49","1,,,S","",""
"KZ000035529","1984-04","48.217","57.117","151.0","KOZASAJ, KZ","","","2",",I","1",",I","0",",I","","","","","","","0",",S","2",",S","0",",S","","","","","2.7",",,I,27,","22.4",",S,20,","","","","","3.1",",,,I","","","13.87",",,,S","",""
"KZ000035529","1984-05","48.217","57.117","151.0","KOZASAJ, KZ","","","5",",I","2",",I","0",",I","","","","","","","0","4,S","21","4,S","3","4,S","","","","","11.2",",,I,31,","33.8","4,S,27,","","","","","15.4",",,,I","","","26.61","4,,,S","",""
"KZ000035529","1984-06","48.217","57.117","151.0","KOZASAJ, KZ","","","3",",I","3",",I","0",",I","","","","","","","0",",S","30",",S","9",",S","","","","","7.0",",,I,15,","36.1",",S,28,","","","","","15.1",",,,I","","","30.43",",,,S","",""
"KZ000035529","1984-07","48.217","57.117","151.0","KOZASAJ, KZ","","","1",",I","0",",I","0",",I","","","","","","","0","5,S","26","5,S","21","5,S","","","","","0.8",",,I,27,","41.5","5,S,10,","","","","","0.8",",,,I","","","36.26","5,,,S","",""
"KZ000035529","1984-08","48.217","57.117","151.0","KOZASAJ, KZ","","","5",",I","3",",I","0",",I","","","","","","","0","2,S","28","2,S","10","2,S","","","","","5.9",",,I,03,","38.7","2,S,16,","","","","","13.6",",,,I","","","30.62","2,,,S","",""
"KZ000035529","1984-09","48.217","57.117","151.0","KOZASAJ, KZ","","","2",",I","0",",I","0",",I","","","0","5,S","0","5,S","0","2,S","21","2,S","2","2,S","1.1","5,S,28,+","","","1.2",",,I,05,","34.4","2,S,07,","","","","","1.6",",,,I","15.46","7,S","24.75","2,,,S","6.16","5,,,S"
"KZ000035529","1984-10","48.217","57.117","151.0","KOZASAJ, KZ","","","7",",I","0",",I","0",",I","","","","","","","0","3,S","2","3,S","0","3,S","","","","","2.4",",,I,10,","24.3","3,S,01,","","","","","8.3",",,,I","","","13.65","3,,,S","",""
"KZ000035529","1984-11","48.217","57.117","151.0","KOZASAJ, KZ","","","7",",I","1",",I","0",",I","","","","","","","9","2,S","0","2,S","0","2,S","","","","","3.9",",,I,29,","9.4","2,S,11,","","","","","7.2",",,,I","","","2.38","2,,,S","",""
"KZ000035529","1984-12","48.217","57.117","151.0","KOZASAJ, KZ","","","4",",I","0",",I","0",",I","","","","","","","","","","","","","","","","","0.9",",,I,08,+","","","","","","","2.8",",,,I","","","","","",""
"KZ000035529","1985-01","48.217","57.117","151.0","KOZASAJ, KZ","","","5",",I","0",",I","0",",I","","","","","","","","","","","","","","","","","2.2",",,I,17,","","","","","","","5.3",",,,I","","","","","",""
"KZ000035529","1985-02","48.217","57.117","151.0","KOZASAJ, KZ","","","11",",I","5",",I","0",",I","","","","","","","","","","","","","","","","","6.7",",,I,04,","","","","","","","29.3",",,,I","","","","","",""
"KZ000035529","1985-03","48.217","57.117","151.0","KOZASAJ, KZ","","","2",",I","0",",I","0",",I","","","","","","","18","3,S","0","3,S","0","3,S","","","","","1.4",",,I,01,","8.5","3,S,30,","","","","","2.7",",,,I","","","-3.49","3,,,S","",""
"KZ000035529","1985-04","48.217","57.117","151.0","KOZASAJ, KZ","","","8",",I","4",",I","0",",I","","","","","","","","","","","","","","","","","10.6",",,I,12,","","","","","","","28.9",",,,I","","","","","",""
"KZ000035529","1985-05","48.217","57.117","151.0","KOZASAJ, KZ","","","3",",I","0",",I","0",",I","","","","","","","0","4,S","18","4,S","4","4,S","","","","","2.1",",,I,23,","36.7","4,S,28,","","","","","5.2",",,,I","","","24.30","4,,,S","",""
"KZ000035529","1985-06","48.217","57.117","151.0","KOZASAJ, KZ","","","5",",I","1",",I","0",",I","","","","","","","0","3,S","26","3,S","11","3,S","","","","","3.6",",,I,19,","41.6","3,S,26,","","","","","6.6",",,,I","","","31.22","3,,,S","",""
"KZ000035529","1985-07","48.217","57.117","151.0","KOZASAJ, KZ","","","8",",I","4",",I","0",",I","","","","","","","0","3,S","28","3,S","6","3,S","","","","","20.1",",,I,04,","39.6","3,S,10,","","","","","36.2",",,,I","","","29.96","3,,,S","",""
"KZ000035529","1985-08","48.217","57.117","151.0","KOZASAJ, KZ","","","3",",I","2",",I","0",",I","","","","","","","0","1,S","30","1,S","10","1,S","","","","","3.6",",,I,25,","36.0","1,S,11,","","","","","6.4",",,,I","","","30.57","1,,,S","",""
"KZ000035529","1985-09","48.217","57.117","151.0","KOZASAJ, KZ","","","2",",I","0",",I","0",",I","","","","","","","0","2,S","18","2,S","1","2,S","","","","","2.0",",,I,20,","32.2","2,S,14,","","","","","2.8",",,,I","","","22.80","2,,,S","",""
"KZ000035529","1985-10","48.217","57.117","151.0","KOZASAJ, KZ","","","15",",I","5",",I","0",",I","","","","","","","0","4,S","0","4,S","0","4,S","","","","","20.7",",,I,09,","17.8","4,S,05,","","","","","50.3",",,,I","","","8.72","4,,,S","",""
"KZ000035529","1985-11","48.217","57.117","151.0","KOZASAJ, KZ","","","2",",I","0",",I","0",",I","","","","","","","5","3,S","0","3,S","0","3,S","","","","","0.5",",,I,19,+","13.5","3,S,16,","","","","","1.4",",,,I","","","4.09","3,,,S","",""
"KZ000035529","1985-12","48.217","57.117","151.0","KOZASAJ, KZ","","","12",",I","4",",I","0",",I","","","","","","","","","","","","","","","","","10.0",",,I,04,","","","","","","","34.9",",,,I","","","","","",""
"KZ000035529","1986-01","48.217","57.117","151.0","KOZASAJ, KZ","","","8",",I","4",",I","0",",I","","","","","","","","","","","","","","","","","4.7",",,I,15,","","","","","","","17.0",",,,I","","","","","",""
"KZ000035529","1986-02","48.217","57.117","151.0","KOZASAJ, KZ","","","5",",I","1",",I","0",",I","","","","","","","20","5,S","0","5,S","0","5,S","","","","","6.7",",,I,07,","3.7","5,S,26,","","","","","12.1",",,,I","","","-10.51","5,,,S","",""
"KZ000035529","1986-03","48.217","57.117","151.0","KOZASAJ, KZ","","","2",",I","0",",I","0",",I","","","","","","","24","3,S","0","3,S","0","3,S","","","","","2.1",",,I,11,","2.0","3,S,26,","","","","","3.7",",,,I","","","-2.87","3,,,S","",""
"KZ000035529","1986-04","48.217","57.117","151.0","KOZASAJ, KZ","","","1",",I","0",",I","0",",I","","","","","","","0","2,S","9","2,S","0","2,S","","","","","0.3",",,I,17,","25.5","2,S,30,","","","","","0.3",",,,I","","","17.54","2,,,S","",""
"KZ000035529","1986-05","48.217","57.117","151.0","KOZASAJ, KZ","","","4",",I","1",",I","0",",I","","","","","","","0","1,S","21","1,S","0","1,S","","","","","6.7",",,I,05,","30.5","1,S,31,","","","","","12.1",",,,I","","","23.67","1,,,S","",""
"KZ000035529","1986-06","48.217","57.117","151.0","KOZASAJ, KZ","","","4",",I","0",",I","0",",I","","","","","","","0",",S","30",",S","13",",S","","","","","1.5",",,I,17,","40.9",",S,30,","","","","","4.3",",,,I","","","31.03",",,,S","",""
"KZ000035529","1986-07","48.217","57.117","151.0","KOZASAJ, KZ","","","3",",I","2",",I","0",",I","","","","","","","0","2,S","29","2,S","15","2,S","","","","","3.0",",,I,03,","39.8","2,S,31,","","","","","6.2",",,,I","","","31.91","2,,,S","",""
"KZ000035529","1986-08","48.217","57.117","151.0","KOZASAJ, KZ","","","1",",I","1",",I","0",",I","","","","","","","0","2,S","29","2,S","10","2,S","","","","","2.7",",,I,04,","35.9","2,S,01,","","","","","2.7",",,,I","","","30.14","2,,,S","",""
"KZ000035529","1986-09","48.217","57.117","151.0","KOZASAJ, KZ","","","2",",I","1",",I","0",",I","","","","","","","0","1,S","22","1,S","1","1,S","","","","","4.7",",,I,20,","33.6","1,S,11,","","","","","5.9",",,,I","","","24.88","1,,,S","",""
"KZ000035529","1986-10","48.217","57.117","151.0","KOZASAJ, KZ","","","6",",I","2",",I","0",",I","","","","","","","0","3,S","0","3,S","0","3,S","","","","","6.4",",,I,05,","17.5","3,S,24,+","","","","","15.1",",,,I","","","11.09","3,,,S","",""
"KZ000035529","1986-11","48.217","57.117","151.0","KOZASAJ, KZ","","","7",",I","2",",I","0",",I","","","","","","","13","3,S","0","3,S","0","3,S","","","","","4.8",",,I,14,","9.9","3,S,09,","","","","","11.5",",,,I","","","-0.18","3,,,S","",""
"KZ000035529","1986-12","48.217","57.117","151.0","KOZASAJ, KZ","","","11",",I","5",",I","0",",I","","","","","","","","","","","","","","","","","3.7",",,I,22,","","","","","","","22.8",",,,I","","","","","",""
"KZ000035529","1987-01","48.217","57.117","151.0","KOZASAJ, KZ","","","10",",I","1",",I","0",",I","","","","","","","","","","","","","","","","","2.5",",,I,02,","","","","","","","10.8",",,,I","","","","","",""
"KZ000035529","1987-02","48.217","57.117","151.0","KOZASAJ, KZ","","","8",",I","1",",I","0",",I","","","","","","","21","3,S","0","3,S","0","3,S","","","","","3.6",",,I,28,","4.9","3,S,25,","","","","","8.8",",,,I","","","-6.46","3,,,S","",""
"KZ000035529","1987-03","48.217","57.117","151.0","KOZASAJ, KZ","","","5",",I","1",",I","0",",I","","","","","","","27","2,S","0","2,S","0","2,S","","","","","3.0",",,I,01,","3.3","2,S,31,","","","","","6.7",",,,I","","","-4.98","2,,,S","",""
"KZ000035529","1987-04","48.217","57.117","151.0","KOZASAJ, KZ","","","11",",I","4",",I","0",",I","","","","","","","0","3,S","0","3,S","0","3,S","","","","","16.3",",,I,20,","18.6","3,S,24,","","","","","33.0",",,,I","","","8.45","3,,,S","",""
"KZ000035529","1987-05","48.217","57.117","151.0","KOZASAJ, KZ","","","","","","","","","","","","","","","0","1,S","26","1,S","1","1,S","","","","","","","32.5","1,S,25,","","","","","","","","","25.27","1,,,S","",""
"KZ000035529","1987-06","48.217","57.117","151.0","KOZASAJ, KZ","","","2",",I","0",",I","0",",I","","","","","","","0","2,S","27","2,S","15","2,S","","","","","0.8",",,I,30,+","39.1","2,S,28,","","","","","1.6",",,,I","","","31.46","2,,,S","",""
"KZ000035529","1987-07","48.217","57.117","151.0","KOZASAJ, KZ","","","11",",I","6",",I","0",",I","","","","","","","0","1,S","30","1,S","14","1,S","","","","","13.9",",,I,04,","37.2","1,S,28,","","","","","43.7",",,,I","","","30.98","1,,,S","",""
"KZ000035529","1987-08","48.217","57.117","151.0","KOZASAJ, KZ","","","5",",I","3",",I","0",",I","","","","","","","0","2,S","29","2,S","10","2,S","","","","","13.0",",,I,25,","40.3","2,S,15,","","","","","31.0",",,,I","","","30.03","2,,,S","",""
"KZ000035529","1987-09","48.217","57.117","151.0","KOZASAJ, KZ","","","10",",I","5",",I","0",",I","","","","","","","0",",S","14",",S","0",",S","","","","","11.8",",,I,14,","28.4",",S,29,","","","","","45.8",",,,I","","","20.21",",,,S","",""
"KZ000035529","1987-10","48.217","57.117","151.0","KOZASAJ, KZ","","","3",",I","1",",I","0",",I","","","","","","","2",",S","1",",S","0",",S","","","","","6.5",",,I,06,","27.6",",S,01,","","","","","8.4",",,,I","","","10.86",",,,S","",""
"KZ000035529","1987-11","48.217","57.117","151.0","KOZASAJ, KZ","","","9",",I","3",",I","0",",I","","","","","","","14","3,S","0","3,S","0","3,S","","","","","5.7",",,I,14,","10.5","3,S,02,","","","","","21.5",",,,I","","","-0.69","3,,,S","",""
"KZ000035529","1987-12","48.217","57.117","151.0","KOZASAJ, KZ","","","5",",I","0",",I","0",",I","","","","","","","20","5,S","0","5,S","0","5,S","","","","","1.9",",,I,11,","10.3","5,S,23,","","","","","3.7",",,,I","","","-2.61","5,,,S","",""
"KZ000035529","1988-01","48.217","57.117","151.0","KOZASAJ, KZ","","","11",",I","1",",I","0",",I","","","","","","","25","4,S","0","4,S","0","4,S","","","","","3.5",",,I,31,","1.4","4,S,01,","","","","","16.2",",,,I","","","-9.72","4,,,S","",""
"KZ000035529","1988-02","48.217","57.117","151.0","KOZASAJ, KZ","","","1",",I","1",",I","0",",I","","","","","","","28","1,S","0","1,S","0","1,S","","","","","2.6",",,I,01,","-4.2","1,S,24,","","","","","2.6",",,,I","","","-10.16","1,,,S","",""
"KZ000035529","1988-03","48.217","57.117","151.0","KOZASAJ, KZ","","","","","","","","","","","","","","","15","3,S","0","3,S","0","3,S","","","","","","","10.5","3,S,31,","","","","","","","","","0.25","3,,,S","",""
"KZ000035529","1988-04","48.217","57.117","151.0","KOZASAJ, KZ","","","1","5,S","0","5,S","0","5,S","","","","","","","0","1,S","10","1,S","0","1,S","","","","","0.5","5,,S,24,","25.7","1,S,26,","","","","","0.5","5,,,S","","","17.07","1,,,S","",""
"KZ000035529","1988-05","48.217","57.117","151.0","KOZASAJ, KZ","","","","","","","","","","","","","","","0","2,S","14","2,S","0","2,S","","","","","","","27.7","2,S,27,","","","","","","","","","20.84","2,,,S","",""
"KZ000035529","1988-06","48.217","57.117","151.0","KOZASAJ, KZ","","","6",",I","3",",I","0",",I","","","","","","","0","2,S","28","2,S","14","2,S","","","","","3.4",",,I,12,","38.3","2,S,15,","","","","","11.3",",,,I","","","32.18","2,,,S","",""
"KZ000035529","1988-07","48.217","57.117","151.0","KOZASAJ, KZ","","","8",",I","5",",I","1",",I","","","","","","","0",",S","31",",S","14",",S","","","","","25.8",",,I,19,","39.3",",S,04,","","","","","50.1",",,,I","","","32.57",",,,S","",""
"KZ000035529","1988-08","48.217","57.117","151.0","KOZASAJ, KZ","","","8",",I","4",",I","1",",I","","","","","","","","","","","","","","","","","36.7",",,I,02,","","","","","","","83.5",",,,I","","","","","",""
"KZ000035529","1988-09","48.217","57.117","151.0","KOZASAJ, KZ","","","","","","","","","","","","","","","0","2,S","18","2,S","0","2,S","","","","","","","30.2","2,S,19,","","","","","","","","","23.58","2,,,S","",""
"KZ000035529","1988-10","48.217","57.117","151.0","KOZASAJ, KZ","","","1",",I","1",",I","0",",I","","","","","","","0",",S","4",",S","0",",S","","","","","9.3",",,I,21,","23.7",",S,03,","","","","","9.3",",,,I","","","14.73",",,,S","",""
"KZ000035529","1988-11","48.217","57.117","151.0","KOZASAJ, KZ","","","10",",I","3",",I","0",",I","","","","","","","5","5,S","0","5,S","0","5,S","","","","","7.3",",,I,15,","10.4","5,S,23,","","","","","21.9",",,,I","","","2.62","5,,,S","",""
"KZ000035529","1988-12","48.217","57.117","151.0","KOZASAJ, KZ","","","13",",I","2",",I","0",",I","","","","","","","","","","","","","","","","","9.2",",,I,23,","","","","","","","21.4",",,,I","","","","","",""
"KZ000035529","1989-01","48.217","57.117","151.0","KOZASAJ, KZ","","","19",",I","5",",I","0",",I","","","","","","","23","5,S","0","5,S","0","5,S","","","","","3.5",",,I,24,","0.6","5,S,24,","","","","","27.5",",,,I","","","-5.85","5,,,S","",""
"KZ000035529","1989-02","48.217","57.117","151.0","KOZASAJ, KZ","","","11",",I","2",",I","0",",I","","","","","","","","","","","","","","","","","3.9",",,I,10,","","","","","","","17.6",",,,I","","","","","",""
"KZ000035529","1989-03","48.217","57.117","151.0","KOZASAJ, KZ","","","5",",I","1",",I","0",",I","","","","","","","15",",S","0",",S","0",",S","","","","","9.0",",,I,21,","4.7",",S,28,+","","","","","13.6",",,,I","","","-0.32",",,,S","",""
"KZ000035529","1989-04","48.217","57.117","151.0","KOZASAJ, KZ","","","7",",I","2",",I","0",",I","","","","","","","2","1,S","2","1,S","0","1,S","","","","","7.1",",,I,06,","22.7","1,S,22,","","","","","16.0",",,,I","","","11.92","1,,,S","",""
"KZ000035529","1989-05","48.217","57.117","151.0","KOZASAJ, KZ","","","14",",I","8",",I","0",",I","","","","","","","0","2,S","17","2,S","0","2,S","","","","","13.0",",,I,15,","27.0","2,S,07,","","","","","60.3",",,,I","","","21.72","2,,,S","",""
"KZ000035529","1989-06","48.217","57.117","151.0","KOZASAJ, KZ","","","8",",I","4",",I","0",",I","","","","","","","0","4,S","26","4,S","5","4,S","","","","","14.9",",,I,26,","35.3","4,S,15,","","","","","45.6",",,,I","","","29.75","4,,,S","",""
"KZ000035529","1989-08","48.217","57.117","151.0","KOZASAJ, KZ","","","3",",I","1",",I","0",",I","","","","","","","0",",S","31",",S","9",",S","","","","","14.3",",,I,18,","34.9",",S,15,+","","","","","15.6",",,,I","","","29.91",",,,S","",""
"KZ000035529","1989-09","48.217","57.117","151.0","KOZASAJ, KZ","","","1",",I","1",",I","0",",I","","","","","","","0","2,S","21","2,S","2","2,S","","","","","2.8",",,I,15,","32.7","2,S,12,","","","","","2.8",",,,I","","","23.86","2,,,S","",""
"KZ000035529","1989-10","48.217","57.117","151.0","KOZASAJ, KZ","","","6","1,I","3","1,I","0","1,I","","","","","","","0","2,S","2","2,S","0","2,S","","","","","8.8","1,,I,07,","22.2","2,S,02,","","","","","19.5","1,,,I","","","13.84","2,,,S","",""
"KZ000035529","1989-11","48.217","57.117","151.0","KOZASAJ, KZ","","","3",",I","2",",I","0",",I","","","","","","","0","4,S","0","4,S","0","4,S","","","","","9.0",",,I,19,","8.8","4,S,11,","","","","","15.9",",,,I","","","5.09","4,,,S","",""
"KZ000035529","1989-12","48.217","57.117","151.0","KOZASAJ, KZ","","","16",",I","3",",I","0",",I","","","","","","","","","","","","","","","","","11.2",",,I,26,","","","","","","","38.2",",,,I","","","","","",""
"KZ000035529","1990-01","48.217","57.117","151.0","KOZASAJ, KZ","","","15","1,I","0","1,I","0","1,I","","","","","","","","","","","","","","","","","2.1","1,,I,11,","","","","","","","12.0","1,,,I","","","","","",""
"KZ000035529","1990-02","48.217","57.117","151.0","KOZASAJ, KZ","","","4",",I","0",",I","0",",I","","","","","","","21","4,S","0","4,S","0","4,S","","","","","1.0",",,I,26,","2.5","4,S,28,","","","","","3.2",",,,I","","","-6.68","4,,,S","",""
"KZ000035529","1990-03","48.217","57.117","151.0","KOZASAJ, KZ","","","12",",I","2",",I","0",",I","","","","","","","1","2,S","0","2,S","0","2,S","","","","","7.0",",,I,31,","17.9","2,S,26,","","","","","20.1",",,,I","","","7.18","2,,,S","",""
"KZ000035529","1990-04","48.217","57.117","151.0","KOZASAJ, KZ","","","10",",I","6",",I","0",",I","","","","","","","0","1,S","3","1,S","0","1,S","","","","","8.2",",,I,21,","24.7","1,S,28,","","","","","36.7",",,,I","","","16.67","1,,,S","",""
"KZ000035529","1990-05","48.217","57.117","151.0","KOZASAJ, KZ","","","6",",I","4",",I","0",",I","","","","","","","0",",S","17",",S","1",",S","","","","","10.2",",,I,09,","33.4",",S,30,","","","","","26.7",",,,I","","","22.22",",,,S","",""
"KZ000035529","1990-06","48.217","57.117","151.0","KOZASAJ, KZ","","","12",",I","3",",I","0",",I","","","","","","","0",",S","30",",S","9",",S","","","","","2.9",",,I,23,","40.3",",S,04,","","","","","14.4",",,,I","","","29.89",",,,S","",""
"KZ000035529","1990-07","48.217","57.117","151.0","KOZASAJ, KZ","142.9","4,S","6",",I","1",",I","0",",I","","","0","4,S","0","4,S","0",",S","31",",S","11",",S","12.5","4,S,06,","","","2.5",",,I,02,","37.0",",S,17,","0.0","S","0.0",",S","9.4",",,,I","23.60","4,S","31.18",",,,S","16.03","4,,,S"
"KZ000035529","1990-08","48.217","57.117","151.0","KOZASAJ, KZ","","","","","","","","","","","","","","","0","1,S","28","1,S","5","1,S","","","","","","","35.5","1,S,24,","","","","","","","","","28.09","1,,,S","",""
"KZ000035529","1990-09","48.217","57.117","151.0","KOZASAJ, KZ","","","1","3,S","1","3,S","0","3,S","","","","","","","0","1,S","23","1,S","1","1,S","","","","","7.6","3,,S,02,","37.4","1,S,14,","","","","","7.6","3,,,S","","","25.22","1,,,S","",""
"KZ000035529","1990-10","48.217","57.117","151.0","KOZASAJ, KZ","","","","","","","","","","","","","","","0","2,S","4","2,S","0","2,S","","","","","","","28.7","2,S,10,","","","","","","","","","12.58","2,,,S","",""
"KZ000035529","1990-11","48.217","57.117","151.0","KOZASAJ, KZ","","","9","1,I","3","1,I","0","1,I","","","","","","","","","","","","","","","","","8.0","1,,I,21,","","","","","","","23.3","1,,,I","","","","","",""
"KZ000035529","1990-12","48.217","57.117","151.0","KOZASAJ, KZ","","","11",",I","4",",I","0",",I","","","","","","","","","","","","","","","","","4.9",",,I,20,","","","","","","","19.3",",,,I","","","","","",""
"KZ000035529","1991-01","48.217","57.117","151.0","KOZASAJ, KZ","","","13",",I","0",",I","0",",I","","","","","","","","","","","","","","","","","2.0",",,I,27,","","","","","","","11.5",",,,I","","","","","",""
"KZ000035529","1991-02","48.217","57.117","151.0","KOZASAJ, KZ","","","3",",I","0",",I","0",",I","","","","","","","27","1,S","0","1,S","0","1,S","","","","","1.0",",,I,02,","-0.5","1,S,28,","","","","","2.9",",,,I","","","-7.68","1,,,S","",""
"KZ000035529","1991-03","48.217","57.117","151.0","KOZASAJ, KZ","","","5",",I","2",",I","0",",I","","","","","","","15","3,S","0","3,S","0","3,S","","","","","3.8",",,I,01,","13.1","3,S,29,","","","","","7.9",",,,I","","","-0.38","3,,,S","",""
"KZ000035529","1991-04","48.217","57.117","151.0","KOZASAJ, KZ","","","5",",I","2",",I","0",",I","","","","","","","0","1,S","10","1,S","0","1,S","","","","","4.7",",,I,01,","28.8","1,S,29,","","","","","10.5",",,,I","","","17.93","1,,,S","",""
"KZ000035529","1991-05","48.217","57.117","151.0","KOZASAJ, KZ","","","1","4,S","0","4,S","0","4,S","","","","","","","0","1,S","25","1,S","1","1,S","","","","","0.5","4,,S,14,","37.5","1,S,24,","","","","","0.5","4,,,S","","","26.37","1,,,S","",""
"KZ000035529","1991-06","48.217","57.117","151.0","KOZASAJ, KZ","","","5",",I","1",",I","0",",I","","","","","","","0","1,S","29","1,S","13","1,S","","","","","5.6",",,I,04,","40.6","1,S,30,","","","","","8.4",",,,I","","","31.35","1,,,S","",""
"KZ000035529","1991-07","48.217","57.117","151.0","KOZASAJ, KZ","","","5",",I","2",",I","0",",I","","","","","","","0","2,S","28","2,S","17","2,S","","","","","6.0",",,I,14,","39.8","2,S,01,","","","","","11.2",",,,I","","","33.03","2,,,S","",""
"KZ000035529","1991-08","48.217","57.117","151.0","KOZASAJ, KZ","","","4",",I","1",",I","0",",I","","","","","","","0","4,S","27","4,S","4","4,S","","","","","3.3",",,I,11,","34.0","4,S,01,","","","","","6.0",",,,I","","","29.07","4,,,S","",""
"KZ000035529","1991-09","48.217","57.117","151.0","KOZASAJ, KZ","","","2",",I","0",",I","0",",I","","","","","","","0","1,S","23","1,S","0","1,S","","","","","2.2",",,I,25,","29.9","1,S,22,","","","","","4.3",",,,I","","","23.53","1,,,S","",""
"KZ000035529","1991-10","48.217","57.117","151.0","KOZASAJ, KZ","","","2",",I","0",",I","0",",I","","","","","","","0","1,S","14","1,S","0","1,S","","","","","1.7",",,I,31,","27.5","1,S,02,","","","","","2.4",",,,I","","","18.91","1,,,S","",""
"KZ000035529","1991-11","48.217","57.117","151.0","KOZASAJ, KZ","","","7",",I","2",",I","0",",I","","","","","","","4","5,S","0","5,S","0","5,S","","","","","9.7",",,I,24,","10.5","5,S,12,","","","","","14.6",",,,I","","","4.15","5,,,S","",""
"KZ000035529","1991-12","48.217","57.117","151.0","KOZASAJ, KZ","","","12",",I","3",",I","0",",I","","","","","","","","","","","","","","","","","3.8",",,I,10,","","","","","","","18.5",",,,I","","","","","",""
"KZ000035529","1992-02","48.217","57.117","151.0","KOZASAJ, KZ","","","","","","","","","","","","","","","22","5,S","0","5,S","0","5,S","","","","","","","1.5","5,S,17,","","","","","","","","","-5.59","5,,,S","",""
"KZ000035529","1992-03","48.217","57.117","151.0","KOZASAJ, KZ","","","","","","","","","","","","","","","26","1,S","0","1,S","0","1,S","","","","","","","2.2","1,S,29,","","","","","","","","","-3.23","1,,,S","",""
"KZ000035529","1992-04","48.217","57.117","151.0","KOZASAJ, KZ","","","","","","","","","","","","","","","0","2,S","3","2,S","0","2,S","","","","","","","25.4","2,S,22,","","","","","","","","","13.71","2,,,S","",""
"KZ000035529","1992-05","48.217","57.117","151.0","KOZASAJ, KZ","","","5","3,S","4","3,S","0","3,S","","","","","","","0","2,S","16","2,S","0","2,S","","","","","20.1","3,,S,20,","30.5","2,S,18,","","","","","39.4","3,,,S","","","20.57","2,,,S","",""
"KZ000035529","1992-06","48.217","57.117","151.0","KOZASAJ, KZ","","","2","3,S","2","3,S","0","3,S","","","","","","","0","1,S","27","1,S","7","1,S","","","","","11.9","3,,S,04,","35.7","1,S,23,","","","","","16.0","3,,,S","","","28.11","1,,,S","",""
"KZ000035529","1992-07","48.217","57.117","151.0","KOZASAJ, KZ","","","4","1,S","3","1,S","0","1,S","","","","","","","0","2,S","28","2,S","10","2,S","","","","","6.1","1,,S,11,","37.2","2,S,23,","","","","","14.7","1,,,S","","","29.79","2,,,S","",""
"KZ000035529","1992-08","48.217","57.117","151.0","KOZASAJ, KZ","","","7","2,S","1","2,S","0","2,S","","","","","","","0","2,S","25","2,S","5","2,S","","","","","3.0","2,,S,08,","34.5","2,S,15,","","","","","6.8","2,,,S","","","27.19","2,,,S","",""
"KZ000035529","1992-09","48.217","57.117","151.0","KOZASAJ, KZ","","","5",",S","3",",S","0",",S","","","0","5,S","0","5,S","0","1,S","17","1,S","1","1,S","2.0","5,S,29,","","","14.0",",,S,23,","33.1","1,S,02,","","","","","26.2",",,,S","16.07","6,S","23.91","1,,,S","8.22","5,,,S"
"KZ000035529","1992-10","48.217","57.117","151.0","KOZASAJ, KZ","","","8","1,S","4","1,S","0","1,S","","","","","","","0","3,S","1","3,S","0","3,S","","","","","6.1","1,,S,29,+","21.6","3,S,13,","","","","","21.6","1,,,S","","","11.01","3,,,S","",""
"KZ000035529","1992-11","48.217","57.117","151.0","KOZASAJ, KZ","","","9","5,S","4","5,S","0","5,S","","","","","","","0","5,S","0","5,S","0","5,S","","","","","8.9","5,,S,13,","14.0","5,S,01,","","","","","30.8","5,,,S","","","4.99","5,,,S","",""
"KZ000035529","1992-12","48.217","57.117","151.0","KOZASAJ, KZ","","","7",",S","2",",S","0",",S","","","","","","","19","5,S","0","5,S","0","5,S","","","","","4.1",",,S,21,","5.0","5,S,16,","","","","","9.5",",,,S","","","-3.20","5,,,S","",""
"KZ000035529","1993-01","48.217","57.117","151.0","KOZASAJ, KZ","","","9","4,S","3","4,S","0","4,S","30","1,","","","","","","","","","","","","","371","1,,S,26,","4.1","4,,S,24,+","","","","","","","17.8","4,,,S","","","","","",""
"KZ000035529","1993-02","48.217","57.117","151.0","KOZASAJ, KZ","","","8","4,S","0","4,S","0","4,S","24","4,","","","","","23","5,S","0","5,S","0","5,S","","","180","4,,S,23,+","1.8","4,,S,10,","-0.2","5,S,05,","","","","","7.6","4,,,S","","","-8.39","5,,,S","",""
"KZ000035529","1993-03","48.217","57.117","151.0","KOZASAJ, KZ","","","6","4,S","1","4,S","0","4,S","","","","","","","12","4,S","0","4,S","0","4,S","","","","","3.0","4,,S,13,","8.0","4,S,28,","","","","","9.1","4,,,S","","","-0.79","4,,,S","",""
"KZ000035529","1993-04","48.217","57.117","151.0","KOZASAJ, KZ","","","7","2,S","4","2,S","0","2,S","","","","","","","0","1,S","3","1,S","0","1,S","","","","","22.1","2,,S,23,","28.1","1,S,09,","","","","","50.5","2,,,S","","","13.57","1,,,S","",""
"KZ000035529","1993-05","48.217","57.117","151.0","KOZASAJ, KZ","","","2","4,S","1","4,S","0","4,S","","","","","","","0","1,S","16","1,S","0","1,S","","","","","4.1","4,,S,29,","28.8","1,S,16,","","","","","4.9","4,,,S","","","21.09","1,,,S","",""
"KZ000035529","1993-06","48.217","57.117","151.0","KOZASAJ, KZ","","","","","","","","","","","","","","","0",",S","30",",S","5",",S","","","","","","","40.1",",S,28,","","","","","","","","","28.16",",,,S","",""
"KZ000035529","1993-07","48.217","57.117","151.0","KOZASAJ, KZ","169.1","3,S","","","","","","","","","0","1,S","0","1,S","0","2,S","29","2,S","16","2,S","12.0","1,S,01,","","","","","36.5","2,S,10,","0.0","S","0.0","2,S","","","24.41","3,S","32.10","2,,,S","16.71","1,,,S"
"KZ000035529","1993-08","48.217","57.117","151.0","KOZASAJ, KZ","","","","","","","","","","","","","","","0","1,S","29","1,S","10","1,S","","","","","","","38.0","1,S,15,","","","","","","","","","30.38","1,,,S","",""
"KZ000035529","1993-09","48.217","57.117","151.0","KOZASAJ, KZ","","","","","","","","","","","","","","","0",",S","13",",S","0",",S","","","","","","","27.5",",S,07,","","","","","","","","","19.77",",,,S","",""
"KZ000035529","1993-10","48.217","57.117","151.0","KOZASAJ, KZ","","","","","","","","","","","","","","","0","2,S","5","2,S","0","2,S","","","","","","","25.2","2,S,18,","","","","","","","","","12.88","2,,,S","",""
"KZ000035529","1993-11","48.217","57.117","151.0","KOZASAJ, KZ","","","","","","","","","","","","","","","21","3,S","0","3,S","0","3,S","","","","","","","2.5","3,S,06,","","","","","","","","","-7.94","3,,,S","",""
"KZ000035529","1993-12","48.217","57.117","151.0","KOZASAJ, KZ","","","","","","","","","","","","","","","23","5,S","0","5,S","0","5,S","","","","","","","4.1","5,S,19,","","","","","","","","","-8.93","5,,,S","",""
"KZ000035529","1994-04","48.217","57.117","151.0","KOZASAJ, KZ","","","1","5,S","1","5,S","0","5,S","","","0","5,S","6","5,S","0","2,S","8","2,S","0","2,S","-7.5","5,S,01,","","","7.1","5,,S,14,","31.8","2,S,25,","","","","","7.1","5,,,S","9.26","7,S","16.51","2,,,S","2.01","5,,,S"
"KZ000035529","1994-05","48.217","57.117","151.0","KOZASAJ, KZ","","","","","","","","","","","","","","","0","2,S","23","2,S","0","2,S","","","","","","","30.2","2,S,22,","","","","","","","","","23.93","2,,,S","",""
"KZ000035529","1994-06","48.217","57.117","151.0","KOZASAJ, KZ","","","","","","","","","","","","","","","0",",S","29",",S","8",",S","","","","","","","35.0",",S,12,","","","","","","","","","28.59",",,,S","",""
"KZ000035529","1994-07","48.217","57.117","151.0","KOZASAJ, KZ","","","","","","","","","","","","","","","0","3,S","27","3,S","3","3,S","","","","","","","35.6","3,S,23,","","","","","","","","","27.93","3,,,S","",""
"KZ000035529","1994-08","48.217","57.117","151.0","KOZASAJ, KZ","","","","","","","","","","","","","","","0","3,S","28","3,S","8","3,S","","","","","","","36.1","3,S,15,+","","","","","","","","","29.45","3,,,S","",""
