"STATION","DATE","LATITUDE","LONGITUDE","ELEVATION","NAME","CDSD","CDSD_ATTRIBUTES","CLDD","CLDD_ATTRIBUTES","DP01","DP01_ATTRIBUTES","DP10","DP10_ATTRIBUTES","DP1X","DP1X_ATTRIBUTES","DT00","DT00_ATTRIBUTES","DT32","DT32_ATTRIBUTES","DX32","DX32_ATTRIBUTES","DX70","DX70_ATTRIBUTES","DX90","DX90_ATTRIBUTES","EMNT","EMNT_ATTRIBUTES","EMXP","EMXP_ATTRIBUTES","EMXT","EMXT_ATTRIBUTES","HTDD","HTDD_ATTRIBUTES","PRCP","PRCP_ATTRIBUTES","TAVG","TAVG_ATTRIBUTES","TMAX","TMAX_ATTRIBUTES","TMIN","TMIN_ATTRIBUTES"
"MAM00067027","1977-08","-15.667","46.352","26.5","PHILIBERT TSIRANANA, MA","","","","","2","3,S","0","3,S","0","3,S","0","5,S","0","5,S","","","","","","","16.0","5,S,18,+","2.0","3,,S,09,","","","","","3.0","3,,,S","","","","","18.92","5,,,S"
"MAM00067027","1977-09","-15.667","46.352","26.5","PHILIBERT TSIRANANA, MA","","","","","2","3,S","1","3,S","1","3,S","0","5,S","0","5,S","","","","","","","18.0","5,S,12,+","70.1","3,,S,15,","","","","","72.1","3,,,S","","","","","20.00","5,,,S"
"MAM00067027","1977-10","-15.667","46.352","26.5","PHILIBERT TSIRANANA, MA","","","","","2","5,S","1","5,S","0","5,S","","","","","","","","","","","","","8.9","5,,S,26,","","","","","10.9","5,,,S","","","","","",""
"MAM00067027","1977-12","-15.667","46.352","26.5","PHILIBERT TSIRANANA, MA","","","","","10","4,S","5","4,S","4","4,S","0","4,S","0","4,S","","","","","","","22.0","4,S,26,+","55.1","4,,S,26,","","","","","206.3","4,,,S","","","","","24.04","4,,,S"
"MAM00067027","1978-01","-15.667","46.352","26.5","PHILIBERT TSIRANANA, MA","","","","","16","5,S","15","5,S","5","5,S","","","","","","","","","","","","","130.0","5,,S,27,","","","","","428.0","5,,,S","","","","","",""
"MAM00067027","1978-02","-15.667","46.352","26.5","PHILIBERT TSIRANANA, MA","","","","","14","5,S","10","5,S","3","5,S","","","","","","","","","","","","","70.1","5,,S,05,","","","","","201.8","5,,,S","","","","","",""
"MAM00067027","1978-04","-15.667","46.352","26.5","PHILIBERT TSIRANANA, MA","","","","","2","3,S","1","3,S","0","3,S","0","3,S","0","3,S","","","","","","","17.0","3,S,29,","4.1","3,,S,18,","","","","","4.4","3,,,S","","","","","22.67","3,,,S"
"MAM00067027","1978-06","-15.667","46.352","26.5","PHILIBERT TSIRANANA, MA","","","","","0","4,S","0","4,S","0","4,S","0","4,S","0","4,S","","","","","","","16.0","4,S,11,+","0.0","4,,S,30,+","","","","","0.0","4,,,S","","","","","19.19","4,,,S"
"MAM00067027","1978-07","-15.667","46.352","26.5","PHILIBERT TSIRANANA, MA","","","","","2","3,S","0","3,S","0","3,S","0","4,S","0","4,S","","","","","","","16.0","4,S,15,+","0.5","3,,S,07,+","","","","","1.0","3,,,S","","","","","18.78","4,,,S"
"MAM00067027","1978-08","-15.667","46.352","26.5","PHILIBERT TSIRANANA, MA","","","","","1","5,S","1","5,S","0","5,S","","","","","","","","","","","","","9.9","5,,S,06,","","","","","9.9","5,,,S","","","","","",""
"MAM00067027","1978-09","-15.667","46.352","26.5","PHILIBERT TSIRANANA, MA","","","","","0","5,S","0","5,S","0","5,S","","","","","","","","","","","","","0.0","5,,S,30,+","","","","","0.0","5,,,S","","","","","",""
"MAM00067027","1978-11","-15.667","46.352","26.5","PHILIBERT TSIRANANA, MA","","","","","5","2,S","4","2,S","0","2,S","0","5,S","0","5,S","","","","","","","22.0","5,S,17,","17.0","2,,S,18,","","","","","54.4","2,,,S","","","","","23.64","5,,,S"
"MAM00067027","1978-12","-15.667","46.352","26.5","PHILIBERT TSIRANANA, MA","","","","","11","5,S","10","5,S","2","5,S","","","","","","","","","","","","","89.9","5,,S,09,","","","","","195.5","5,,,S","","","","","",""
"MAM00067027","1979-01","-15.667","46.352","26.5","PHILIBERT TSIRANANA, MA","","","","","8","4,S","6","4,S","3","4,S","","","","","","","","","","","","","89.9","4,,S,10,","","","","","207.0","4,,,S","","","","","",""
"MAM00067027","1979-02","-15.667","46.352","26.5","PHILIBERT TSIRANANA, MA","","","","","14","3,S","10","3,S","5","3,S","","","","","","","","","","","","","160.0","3,,S,03,","","","","","518.6","3,,,S","","","","","",""
"MAM00067027","1979-07","-15.667","46.352","26.5","PHILIBERT TSIRANANA, MA","","","","","1","4,S","0","4,S","0","4,S","","","","","","","","","","","","","2.0","4,,S,04,","","","","","2.0","4,,,S","","","","","",""
"MAM00067027","1979-11","-15.667","46.352","26.5","PHILIBERT TSIRANANA, MA","","","","","10","5,S","7","5,S","0","5,S","","","","","","","","","","","","","23.1","5,,S,13,","","","","","129.7","5,,,S","","","","","",""
"MAM00067027","1979-12","-15.667","46.352","26.5","PHILIBERT TSIRANANA, MA","","","","","12","2,S","9","2,S","1","2,S","0","5,S","0","5,S","","","","","","","22.0","5,S,31,","59.9","2,,S,31,","","","","","142.1","2,,,S","","","","","23.69","5,,,S"
"MAM00067027","1980-01","-15.667","46.352","26.5","PHILIBERT TSIRANANA, MA","","","","","13","5,S","11","5,S","3","5,S","","","","","","","","","","","","","53.1","5,,S,12,","","","","","219.0","5,,,S","","","","","",""
"MAM00067027","1980-05","-15.667","46.352","26.5","PHILIBERT TSIRANANA, MA","","","","","3","3,S","2","3,S","0","3,S","","","","","","","","","","","","","7.9","3,,S,10,","","","","","15.5","3,,,S","","","","","",""
"MAM00067027","1980-06","-15.667","46.352","26.5","PHILIBERT TSIRANANA, MA","","","","","0","5,S","0","5,S","0","5,S","","","","","","","","","","","","","0.0","5,,S,30,+","","","","","0.0","5,,,S","","","","","",""
"MAM00067027","1980-07","-15.667","46.352","26.5","PHILIBERT TSIRANANA, MA","","","","","2","3,S","1","3,S","0","3,S","0","5,S","0","5,S","","","","","","","15.0","5,S,29,","6.1","3,,S,01,","","","","","7.1","3,,,S","","","","","17.96","5,,,S"
"MAM00067027","1980-08","-15.667","46.352","26.5","PHILIBERT TSIRANANA, MA","","","","","1","3,S","0","3,S","0","3,S","0","4,S","0","4,S","","","","","","","15.0","4,S,28,","1.0","3,,S,14,","","","","","1.0","3,,,S","","","","","17.59","4,,,S"
"MAM00067027","1980-09","-15.667","46.352","26.5","PHILIBERT TSIRANANA, MA","","","","","2","2,S","1","2,S","0","2,S","0","5,S","0","5,S","","","","","","","17.0","5,S,27,+","14.0","2,,S,26,","","","","","14.3","2,,,S","","","","","19.24","5,,,S"
"MAM00067027","1981-04","-15.667","46.352","26.5","PHILIBERT TSIRANANA, MA","","","","","2","5,S","0","5,S","0","5,S","","","","","","","","","","","","","0.5","5,,S,28,+","","","","","1.0","5,,,S","","","","","",""
"MAM00067027","1981-06","-15.667","46.352","26.5","PHILIBERT TSIRANANA, MA","","","","","0","2,S","0","2,S","0","2,S","0","4,S","0","4,S","","","","","","","14.0","4,S,20,","0.0","2,,S,30,+","","","","","0.0","2,,,S","","","","","18.27","4,,,S"
"MAM00067027","1981-11","-15.667","46.352","26.5","PHILIBERT TSIRANANA, MA","","","","","7","5,S","5","5,S","3","5,S","","","","","","","","","","","","","53.1","5,,S,28,","","","","","144.3","5,,,S","","","","","",""
"MAM00067027","1982-04","-15.667","46.352","26.5","PHILIBERT TSIRANANA, MA","","","","","6","3,S","6","3,S","1","3,S","","","","","","","","","","","","","34.0","3,,S,02,","","","","","65.7","3,,,S","","","","","",""
"MAM00067027","1982-11","-15.667","46.352","26.5","PHILIBERT TSIRANANA, MA","","","","","12","1,S","7","1,S","4","1,S","","","","","0","5,S","25","5,S","15","5,S","","","90.9","1,,S,10,","34.9","5,S,21,","","","226.1","1,,,S","","","32.72","5,,,S","",""
"MAM00067027","1982-12","-15.667","46.352","26.5","PHILIBERT TSIRANANA, MA","","","","","13","5,S","10","5,S","3","5,S","","","","","0","5,S","26","5,S","10","5,S","","","149.1","5,,S,28,","34.6","5,S,02,+","","","293.0","5,,,S","","","31.82","5,,,S","",""
"MAM00067027","1983-04","-15.667","46.352","26.5","PHILIBERT TSIRANANA, MA","","","","","","","","","","","0","4,S","0","4,S","0","4,S","26","4,S","24","4,S","18.0","4,S,30,","","","35.1","4,S,17,","","","","","27.58","6,S","33.40","4,,,S","21.77","4,,,S"
"MAM00067027","1983-11","-15.667","46.352","26.5","PHILIBERT TSIRANANA, MA","","","","","4","5,S","4","5,S","1","5,S","","","","","","","","","","","","","130.0","5,,S,18,","","","","","163.1","5,,,S","","","","","",""
"MAM00067027","1983-12","-15.667","46.352","26.5","PHILIBERT TSIRANANA, MA","","","","","14","5,S","10","5,S","7","5,S","","","","","0","5,S","26","5,S","6","5,S","","","67.1","5,,S,02,","32.8","5,S,11,+","","","358.9","5,,,S","","","30.96","5,,,S","",""
"MAM00067027","1984-01","-15.667","46.352","26.5","PHILIBERT TSIRANANA, MA","","","","","18","3,S","13","3,S","6","3,S","","","","","0","3,S","28","3,S","2","3,S","","","117.1","3,,S,06,","33.7","3,S,20,+","","","475.2","3,,,S","","","30.77","3,,,S","",""
"MAM00067027","1984-07","-15.667","46.352","26.5","PHILIBERT TSIRANANA, MA","","","","","","","","","","","","","","","0","3,S","28","3,S","0","3,S","","","","","31.7","3,S,17,+","","","","","","","30.90","3,,,S","",""
"MAM00067027","1984-08","-15.667","46.352","26.5","PHILIBERT TSIRANANA, MA","","","","","","","","","","","","","","","0","5,S","26","5,S","0","5,S","","","","","32.1","5,S,20,","","","","","","","30.88","5,,,S","",""
"MAM00067027","1984-09","-15.667","46.352","26.5","PHILIBERT TSIRANANA, MA","","","190.6","3,S","","","","","","","0","3,S","0","3,S","0","1,S","29","1,S","14","1,S","14.4","3,S,04,","","","35.0","1,S,19,","0.0","1,S","","","25.33","3,S","31.57","1,,,S","19.09","3,,,S"
"MAM00067027","1984-10","-15.667","46.352","26.5","PHILIBERT TSIRANANA, MA","","","","","2","5,S","1","5,S","0","5,S","0","4,S","0","4,S","0","4,S","27","4,S","22","4,S","19.4","4,S,01,","4.1","5,,S,22,","36.1","4,S,30,+","","","5.1","5,,,S","27.85","6,S","33.75","4,,,S","21.95","4,,,S"
"MAM00067027","1984-11","-15.667","46.352","26.5","PHILIBERT TSIRANANA, MA","","","","","5","5,S","3","5,S","0","5,S","0","5,S","0","5,S","","","","","","","21.2","5,S,24,+","7.9","5,,S,22,","","","","","15.2","5,,,S","","","","","23.33","5,,,S"
"MAM00067027","1984-12","-15.667","46.352","26.5","PHILIBERT TSIRANANA, MA","","","","","16","4,S","13","4,S","6","4,S","0","4,S","0","4,S","0","4,S","27","4,S","7","4,S","20.7","4,S,14,","71.1","4,,S,04,","34.9","4,S,01,","","","361.8","4,,,S","27.34","7,S","31.51","4,,,S","23.18","4,,,S"
"MAM00067027","1985-01","-15.667","46.352","26.5","PHILIBERT TSIRANANA, MA","","","","","","","","","","","","","","","0","2,S","29","2,S","16","2,S","","","","","36.1","2,S,02,+","","","","","","","33.05","2,,,S","",""
"MAM00067027","1985-02","-15.667","46.352","26.5","PHILIBERT TSIRANANA, MA","","","","","22",",S","16",",S","6",",S","","","","","0","3,S","25","3,S","5","3,S","","","65.0",",,S,22,","33.8","3,S,06,","","","404.5",",,,S","","","30.56","3,,,S","",""
"MAM00067027","1985-03","-15.667","46.352","26.5","PHILIBERT TSIRANANA, MA","","","","","","","","","","","0","2,S","0","2,S","0","4,S","27","4,S","14","4,S","21.2","2,S,05,","","","34.6","4,S,25,","","","","","27.71","6,S","32.31","4,,,S","23.11","2,,,S"
"MAM00067027","1985-04","-15.667","46.352","26.5","PHILIBERT TSIRANANA, MA","","","","","2","5,S","1","5,S","0","5,S","0","5,S","0","5,S","0","2,S","28","2,S","19","2,S","17.0","5,S,05,","7.1","5,,S,09,","34.0","2,S,02,+","","","7.6","5,,,S","27.16","6,S","32.60","2,,,S","21.73","5,,,S"
"MAM00067027","1985-05","-15.667","46.352","26.5","PHILIBERT TSIRANANA, MA","","","","","","","","","","","0","5,S","0","5,S","0","5,S","26","5,S","13","5,S","16.6","5,S,21,","","","33.1","5,S,19,+","","","","","25.65","8,S","32.00","5,,,S","19.30","5,,,S"
"MAM00067027","1985-06","-15.667","46.352","26.5","PHILIBERT TSIRANANA, MA","","","","","","","","","","","0","5,S","0","5,S","0","4,S","26","4,S","2","4,S","14.0","5,S,04,","","","33.2","4,S,23,","","","","","24.41","7,S","30.88","4,,,S","17.94","5,,,S"
"MAM00067027","1985-11","-15.667","46.352","26.5","PHILIBERT TSIRANANA, MA","","","","","9","5,S","5","5,S","2","5,S","","","","","0","3,S","27","3,S","17","3,S","","","48.0","5,,S,13,","34.8","3,S,09,","","","105.4","5,,,S","","","32.57","3,,,S","",""
"MAM00067027","1985-12","-15.667","46.352","26.5","PHILIBERT TSIRANANA, MA","","","256.6","4,S","14","4,S","10","4,S","1","4,S","0","4,S","0","4,S","0",",S","31",",S","9",",S","21.7","4,S,07,","66.0","4,,S,15,","34.6",",S,11,+","0.0",",S","171.4","4,,,S","27.75","4,S","32.03",",,,S","23.47","4,,,S"
"MAM00067027","1986-01","-15.667","46.352","26.5","PHILIBERT TSIRANANA, MA","","","","","18","3,S","15","3,S","5","3,S","","","","","","","","","","","","","77.0","3,,S,03,","","","","","432.4","3,,,S","","","","","",""
"MAM00067027","1986-02","-15.667","46.352","26.5","PHILIBERT TSIRANANA, MA","","","","","15","4,S","12","4,S","4","4,S","","","","","","","","","","","","","77.0","4,,S,13,","","","","","302.5","4,,,S","","","","","",""
"MAM00067027","1986-05","-15.667","46.352","26.5","PHILIBERT TSIRANANA, MA","","","","","","","","","","","0","4,S","0","4,S","0","3,S","28","3,S","21","3,S","17.1","4,S,22,","","","35.0","3,S,19,+","","","","","26.57","6,S","32.80","3,,,S","20.34","4,,,S"
"MAM00067027","1986-12","-15.667","46.352","26.5","PHILIBERT TSIRANANA, MA","","","","","","","","","","","","","","","0","5,S","26","5,S","14","5,S","","","","","35.3","5,S,19,+","","","","","","","32.38","5,,,S","",""
"MAM00067027","1987-01","-15.667","46.352","26.5","PHILIBERT TSIRANANA, MA","","","","","16","4,S","13","4,S","7","4,S","","","","","0","5,S","26","5,S","10","5,S","","","84.1","4,,S,22,","38.0","5,S,10,","","","413.0","4,,,S","","","31.33","5,,,S","",""
"MAM00067027","1987-02","-15.667","46.352","26.5","PHILIBERT TSIRANANA, MA","","","","","17","3,S","16","3,S","4","3,S","","","","","","","","","","","","","41.9","3,,S,14,","","","","","218.2","3,,,S","","","","","",""
"MAM00067027","1987-03","-15.667","46.352","26.5","PHILIBERT TSIRANANA, MA","","","307.7","2,S","8","1,S","4","1,S","1","1,S","0","1,S","0","1,S","0","1,S","30","1,S","30","1,S","22.2","1,S,28,","33.0","1,,S,28,","36.0","1,S,28,","0.0","1,S","85.4","1,,,S","28.92","2,S","33.47","1,,,S","24.37","1,,,S"
"MAM00067027","1987-04","-15.667","46.352","26.5","PHILIBERT TSIRANANA, MA","","","","","","","","","","","0","5,S","0","5,S","0","3,S","27","3,S","21","3,S","21.7","5,S,25,","","","36.0","3,S,13,","","","","","28.48","7,S","33.35","3,,,S","23.60","5,,,S"
"MAM00067027","1987-05","-15.667","46.352","26.5","PHILIBERT TSIRANANA, MA","","","","","","","","","","","","","","","0","4,S","27","4,S","20","4,S","","","","","35.7","4,S,07,","","","","","","","33.47","4,,,S","",""
"MAM00067027","1987-07","-15.667","46.352","26.5","PHILIBERT TSIRANANA, MA","","","","","","","","","","","0","4,S","0","4,S","","","","","","","14.4","4,S,09,","","","","","","","","","","","","","18.21","4,,,S"
"MAM00067027","1987-08","-15.667","46.352","26.5","PHILIBERT TSIRANANA, MA","","","","","","","","","","","0","4,S","0","4,S","0","4,S","27","4,S","22","4,S","15.7","4,S,11,","","","34.9","4,S,29,+","","","","","25.99","6,S","33.04","4,,,S","18.93","4,,,S"
"MAM00067027","1987-09","-15.667","46.352","26.5","PHILIBERT TSIRANANA, MA","","","","","0","4,S","0","4,S","0","4,S","0","4,S","0","4,S","0","3,S","27","3,S","25","3,S","17.3","4,S,04,","0.0","4,,S,30,+","34.6","3,S,14,+","","","0.0","4,,,S","26.54","6,S","33.60","3,,,S","19.48","4,,,S"
"MAM00067027","1987-10","-15.667","46.352","26.5","PHILIBERT TSIRANANA, MA","","","","","1","2,S","0","2,S","0","2,S","0","5,S","0","5,S","0","3,S","28","3,S","20","3,S","18.1","5,S,20,","0.5","2,,S,07,","36.1","3,S,14,+","","","0.5","2,,,S","27.57","6,S","33.14","3,,,S","22.00","5,,,S"
"MAM00067027","1987-11","-15.667","46.352","26.5","PHILIBERT TSIRANANA, MA","","","","","7","3,S","2","3,S","1","3,S","","","","","0","3,S","27","3,S","25","3,S","","","27.9","3,,S,18,","37.2","3,S,21,+","","","35.4","3,,,S","","","34.57","3,,,S","",""
"MAM00067027","1987-12","-15.667","46.352","26.5","PHILIBERT TSIRANANA, MA","","","","","12","2,S","10","2,S","3","2,S","","","","","0","2,S","29","2,S","19","2,S","","","82.0","2,,S,05,","35.0","2,S,27,+","","","269.0","2,,,S","","","32.76","2,,,S","",""
"MAM00067027","1988-01","-15.667","46.352","26.5","PHILIBERT TSIRANANA, MA","","","","","15","5,S","12","5,S","7","5,S","","","","","0","5,S","26","5,S","15","5,S","","","105.9","5,,S,28,","37.0","5,S,13,","","","415.3","5,,,S","","","31.85","5,,,S","",""
"MAM00067027","1988-02","-15.667","46.352","26.5","PHILIBERT TSIRANANA, MA","","","","","","","","","","","0","5,S","0","5,S","0","4,S","25","4,S","14","4,S","20.2","5,S,18,","","","36.1","4,S,25,+","","","","","28.15","6,S","32.84","4,,,S","23.46","5,,,S"
"MAM00067027","1988-04","-15.667","46.352","26.5","PHILIBERT TSIRANANA, MA","","","","","","","","","","","0","5,S","0","5,S","0","3,S","27","3,S","27","3,S","20.9","5,S,18,","","","35.0","3,S,24,","","","","","28.36","8,S","33.81","3,,,S","22.91","5,,,S"
"MAM00067027","1988-05","-15.667","46.352","26.5","PHILIBERT TSIRANANA, MA","","","","","","","","","","","","","","","0","3,S","28","3,S","28","3,S","","","","","34.7","3,S,31,","","","","","","","33.34","3,,,S","",""
"MAM00067027","1988-06","-15.667","46.352","26.5","PHILIBERT TSIRANANA, MA","","","","","","","","","","","","","","","0","4,S","26","4,S","17","4,S","","","","","34.4","4,S,01,","","","","","","","32.69","4,,,S","",""
"MAM00067027","1988-09","-15.667","46.352","26.5","PHILIBERT TSIRANANA, MA","","","215.0","3,S","0",",S","0",",S","0",",S","0","3,S","0","3,S","0","1,S","29","1,S","26","1,S","15.7","3,S,04,","0.0",",,S,30,+","34.6","1,S,16,","0.0","1,S","0.0",",,,S","26.31","3,S","33.34","1,,,S","19.29","3,,,S"
"MAM00067027","1988-10","-15.667","46.352","26.5","PHILIBERT TSIRANANA, MA","","","259.0","5,S","4","1,S","0","1,S","0","1,S","0","4,S","0","4,S","0","1,S","30","1,S","29","1,S","18.7","4,S,01,","2.0","1,,S,14,","36.6","1,S,29,+","0.0","1,S","4.0","1,,,S","28.28","5,S","34.30","1,,,S","22.25","4,,,S"
"MAM00067027","1988-11","-15.667","46.352","26.5","PHILIBERT TSIRANANA, MA","","","","","0","1,S","0","1,S","0","1,S","","","","","0","3,S","27","3,S","21","3,S","","","0.0","1,,S,30,+","37.4","3,S,02,+","","","0.0","1,,,S","","","33.61","3,,,S","",""
"MAM00067027","1988-12","-15.667","46.352","26.5","PHILIBERT TSIRANANA, MA","","","","","11","4,S","7","4,S","6","4,S","","","","","0","5,S","26","5,S","23","5,S","","","78.0","4,,S,10,","39.2","5,S,15,","","","329.2","4,,,S","","","33.22","5,,,S","",""
"MAM00067027","1989-01","-15.667","46.352","26.5","PHILIBERT TSIRANANA, MA","","","","","18",",S","15",",S","7",",S","","","","","0","2,S","29","2,S","5","2,S","","","78.0",",,S,04,","32.6","2,S,30,+","","","516.6",",,,S","","","31.00","2,,,S","",""
"MAM00067027","1989-02","-15.667","46.352","26.5","PHILIBERT TSIRANANA, MA","","","","","","","","","","","0","3,S","0","3,S","0","3,S","25","3,S","5","3,S","21.9","3,S,03,","","","32.8","3,S,09,+","","","","","27.49","6,S","31.32","3,,,S","23.66","3,,,S"
"MAM00067027","1989-03","-15.667","46.352","26.5","PHILIBERT TSIRANANA, MA","","","258.2","4,S","15","2,S","10","2,S","0","2,S","0","2,S","0","2,S","0","2,S","29","2,S","15","2,S","21.8","2,S,07,","23.9","2,,S,04,","33.9","2,S,16,+","0.0","2,S","141.5","2,,,S","27.90","4,S","32.44","2,,,S","23.35","2,,,S"
"MAM00067027","1989-04","-15.667","46.352","26.5","PHILIBERT TSIRANANA, MA","","","253.8","3,S","4","2,S","3","2,S","0","2,S","0","2,S","0","2,S","0","1,S","29","1,S","27","1,S","18.5","2,S,14,","7.9","2,,S,03,","34.9","1,S,29,","0.0","1,S","18.0","2,,,S","27.72","3,S","33.41","1,,,S","22.02","2,,,S"
"MAM00067027","1989-05","-15.667","46.352","26.5","PHILIBERT TSIRANANA, MA","","","","","0","4,S","0","4,S","0","4,S","","","","","0","2,S","29","2,S","27","2,S","","","0.0","4,,S,31,+","34.8","2,S,01,","","","0.0","4,,,S","","","33.27","2,,,S","",""
"MAM00067027","1989-06","-15.667","46.352","26.5","PHILIBERT TSIRANANA, MA","","","","","0","4,S","0","4,S","0","4,S","","","","","0","5,S","25","5,S","11","5,S","","","0.0","4,,S,30,+","32.9","5,S,05,+","","","0.0","4,,,S","","","31.94","5,,,S","",""
"MAM00067027","1989-07","-15.667","46.352","26.5","PHILIBERT TSIRANANA, MA","","","","","0",",S","0",",S","0",",S","0","5,S","0","5,S","0","4,S","27","4,S","4","4,S","15.3","5,S,27,","0.0",",,S,31,+","32.8","4,S,29,","","","0.0",",,,S","24.73","7,S","31.58","4,,,S","17.88","5,,,S"
"MAM00067027","1989-08","-15.667","46.352","26.5","PHILIBERT TSIRANANA, MA","","","","","","","","","","","0","5,S","0","5,S","0","5,S","26","5,S","9","5,S","13.7","5,S,28,","","","32.8","5,S,18,+","","","","","25.13","6,S","31.93","5,,,S","18.32","5,,,S"
"MAM00067027","1989-09","-15.667","46.352","26.5","PHILIBERT TSIRANANA, MA","","","216.6","3,S","4","2,S","3","2,S","0","2,S","0","3,S","0","3,S","0",",S","30",",S","19",",S","17.8","3,S,05,","7.9","2,,S,12,","36.4",",S,13,","0.0",",S","17.6","2,,,S","26.36","3,S","32.70",",,,S","20.02","3,,,S"
"MAM00067027","1989-10","-15.667","46.352","26.5","PHILIBERT TSIRANANA, MA","","","","","1","2,S","0","2,S","0","2,S","","","","","0","3,S","28","3,S","20","3,S","","","1.0","2,,S,28,","36.3","3,S,22,+","","","1.0","2,,,S","","","32.94","3,,,S","",""
"MAM00067027","1989-11","-15.667","46.352","26.5","PHILIBERT TSIRANANA, MA","","","","","6","4,S","4","4,S","0","4,S","","","","","0","3,S","27","3,S","23","3,S","","","16.0","4,,S,19,","35.9","3,S,06,+","","","34.7","4,,,S","","","33.56","3,,,S","",""
"MAM00067027","1989-12","-15.667","46.352","26.5","PHILIBERT TSIRANANA, MA","","","","","7","5,S","5","5,S","3","5,S","","","","","0","3,S","28","3,S","21","3,S","","","84.1","5,,S,21,","35.1","3,S,30,+","","","238.8","5,,,S","","","32.46","3,,,S","",""
"MAM00067027","1990-01","-15.667","46.352","26.5","PHILIBERT TSIRANANA, MA","","","","","13","5,S","9","5,S","3","5,S","","","","","0","2,S","29","2,S","10","2,S","","","111.0","5,,S,02,","33.9","2,S,30,+","","","329.1","5,,,S","","","31.73","2,,,S","",""
"MAM00067027","1990-02","-15.667","46.352","26.5","PHILIBERT TSIRANANA, MA","","","245.8","3,S","16","2,S","13","2,S","6","2,S","0","3,S","0","3,S","0","1,S","27","1,S","14","1,S","21.6","3,S,23,","87.1","2,,S,21,","34.1","1,S,06,+","0.0","1,S","374.5","2,,,S","28.15","3,S","32.22","1,,,S","24.08","3,,,S"
"MAM00067027","1990-09","-15.667","46.352","26.5","PHILIBERT TSIRANANA, MA","","","204.5","5,S","0","2,S","0","2,S","0","2,S","0","4,S","0","4,S","0","4,S","26","4,S","21","4,S","17.6","4,S,07,+","0.0","2,,S,30,+","34.5","4,S,28,","0.0","4,S","0.0","2,,,S","26.43","5,S","32.93","4,,,S","19.93","4,,,S"
"MAM00067027","1990-10","-15.667","46.352","26.5","PHILIBERT TSIRANANA, MA","","","","","1","5,S","1","5,S","0","5,S","","","","","","","","","","","","","4.1","5,,S,20,","","","","","4.1","5,,,S","","","","","",""
"MAM00067027","1991-03","-15.667","46.352","26.5","PHILIBERT TSIRANANA, MA","","","","","","","","","","","0","5,S","0","5,S","","","","","","","22.6","5,S,25,","","","","","","","","","","","","","23.78","5,,,S"
"MAM00067027","1991-04","-15.667","46.352","26.5","PHILIBERT TSIRANANA, MA","","","254.2","3,S","8","4,S","6","4,S","3","4,S","0","2,S","0","2,S","0","1,S","29","1,S","21","1,S","20.8","2,S,15,","105.9","4,,S,04,","34.4","1,S,25,","0.0","1,S","212.3","4,,,S","27.80","3,S","32.67","1,,,S","22.93","2,,,S"
"MAM00067027","1991-06","-15.667","46.352","26.5","PHILIBERT TSIRANANA, MA","","","","","1","1,S","1","1,S","0","1,S","0","3,S","0","3,S","0","5,S","25","5,S","0","5,S","16.2","3,S,28,","7.9","1,,S,07,","31.9","5,S,27,+","","","7.9","1,,,S","24.81","6,S","30.91","5,,,S","18.71","3,,,S"
"MAM00067027","1992-04","-15.667","46.352","26.5","PHILIBERT TSIRANANA, MA","","","250.3","4,S","3","3,S","2","3,S","0","3,S","0","4,S","0","4,S","0",",S","30",",S","27",",S","20.0","4,S,20,","5.1","3,,S,14,+","34.8",",S,27,+","0.0",",S","10.7","3,,,S","27.96","4,S","33.49",",,,S","22.43","4,,,S"
"MAM00067027","1992-05","-15.667","46.352","26.5","PHILIBERT TSIRANANA, MA","","","245.0","2,S","","","","","","","0","2,S","0","2,S","0",",S","31",",S","28",",S","17.9","2,S,25,","","","35.8",",S,07,+","0.0",",S","","","26.77","2,S","33.18",",,,S","20.36","2,,,S"
"MAM00067027","1992-06","-15.667","46.352","26.5","PHILIBERT TSIRANANA, MA","","","194.7","2,S","1","2,S","1","2,S","1","2,S","0","2,S","0","2,S","0",",S","30",",S","11",",S","15.9","2,S,28,+","151.9","2,,S,26,","34.3",",S,05,+","0.0",",S","151.9","2,,,S","25.27","2,S","32.15",",,,S","18.39","2,,,S"
"MAM00067027","1992-07","-15.667","46.352","26.5","PHILIBERT TSIRANANA, MA","145.1","S","145.1","4,S","0",",S","0",",S","0",",S","0","4,S","0","4,S","0","1,S","30","1,S","1","1,S","12.3","4,S,17,","0.0",",,S,31,+","32.5","1,S,15,","0.0","1,S","0.0",",,,S","23.72","4,S","31.05","1,,,S","16.39","4,,,S"
"MAM00067027","1992-08","-15.667","46.352","26.5","PHILIBERT TSIRANANA, MA","316.5","S","171.4","4,S","0","2,S","0","2,S","0","2,S","0","3,S","0","3,S","0","2,S","29","2,S","8","2,S","15.2","3,S,24,","0.0","2,,S,31,+","33.3","2,S,27,+","0.0","2,S","0.0","2,,,S","24.64","4,S","31.47","2,,,S","17.80","3,,,S"
"MAM00067027","1992-09","-15.667","46.352","26.5","PHILIBERT TSIRANANA, MA","528.7","S","212.2","3,S","","","","","","","0","2,S","0","2,S","0","3,S","27","3,S","22","3,S","16.9","2,S,02,","","","35.1","3,S,24,+","0.0","3,S","","","26.20","3,S","33.09","3,,,S","19.31","2,,,S"
"MAM00067027","1993-04","-15.667","46.352","26.5","PHILIBERT TSIRANANA, MA","","","","","","","","","","","","","","","0","4,S","26","4,S","25","4,S","","","","","34.9","4,S,23,+","","","","","","","33.47","4,,,S","",""
"MAM00067027","1993-05","-15.667","46.352","26.5","PHILIBERT TSIRANANA, MA","","","253.6","3,S","","","","","","","0","2,S","0","2,S","0","1,S","30","1,S","25","1,S","19.4","2,S,28,","","","34.4","1,S,22,+","0.0","1,S","","","27.41","3,S","33.14","1,,,S","21.68","2,,,S"
"MAM00067027","1993-06","-15.667","46.352","26.5","PHILIBERT TSIRANANA, MA","","","163.9","5,S","","","","","","","0","4,S","0","4,S","0","3,S","27","3,S","4","3,S","16.0","4,S,08,","","","33.6","3,S,02,+","0.0","3,S","","","24.89","5,S","31.46","3,,,S","18.32","4,,,S"
"MAM00067027","1993-07","-15.667","46.352","26.5","PHILIBERT TSIRANANA, MA","178.3","S","178.3","1,S","0","4,S","0","4,S","0","4,S","0","1,S","0","1,S","0",",S","31",",S","5",",S","14.5","1,S,25,","0.0","4,,S,31,+","33.0",",S,29,+","0.0",",S","0.0","4,,,S","24.27","1,S","31.21",",,,S","17.33","1,,,S"
"MAM00067027","1993-08","-15.667","46.352","26.5","PHILIBERT TSIRANANA, MA","362.2","S","183.9","2,S","","","","","","","0","2,S","0","2,S","0",",S","31",",S","10",",S","15.1","2,S,04,","","","33.4",",S,29,+","0.0",",S","","","24.67","2,S","31.49",",,,S","17.86","2,,,S"
"MAM00067027","1993-09","-15.667","46.352","26.5","PHILIBERT TSIRANANA, MA","","","","","0","2,S","0","2,S","0","2,S","0","4,S","0","4,S","0","4,S","26","4,S","15","4,S","15.7","4,S,08,","0.0","2,,S,30,+","34.5","4,S,21,+","","","0.0","2,,,S","25.54","6,S","32.28","4,,,S","18.79","4,,,S"
"MAM00067027","1993-10","-15.667","46.352","26.5","PHILIBERT TSIRANANA, MA","","","","","1","5,S","0","5,S","0","5,S","","","","","0","3,S","28","3,S","21","3,S","","","0.3","5,,S,08,","34.7","3,S,14,+","","","0.3","5,,,S","","","33.22","3,,,S","",""
"MAM00067027","1993-11","-15.667","46.352","26.5","PHILIBERT TSIRANANA, MA","","","","","","","","","","","","","","","0","5,S","25","5,S","19","5,S","","","","","35.1","5,S,19,","","","","","","","33.36","5,,,S","",""
"MAM00067027","1994-02","-15.667","46.352","26.5","PHILIBERT TSIRANANA, MA","","","","","","","","","","","","","","","0","3,S","25","3,S","6","3,S","","","","","33.4","3,S,25,+","","","","","","","31.41","3,,,S","",""
"MAM00067027","1994-03","-15.667","46.352","26.5","PHILIBERT TSIRANANA, MA","","","","","13","3,S","7","3,S","2","3,S","0","5,S","0","5,S","0","3,S","28","3,S","14","3,S","21.2","5,S,28,","63.0","3,,S,10,","33.9","3,S,26,+","","","160.4","3,,,S","28.06","6,S","32.09","3,,,S","24.02","5,,,S"
"MAM00067027","1994-04","-15.667","46.352","26.5","PHILIBERT TSIRANANA, MA","","","","","","","","","","","","","","","0",",S","30",",S","24",",S","","","","","34.8",",S,22,+","","","","","","","32.89",",,,S","",""
"MAM00067027","1994-05","-15.667","46.352","26.5","PHILIBERT TSIRANANA, MA","","","251.7","1,S","0","3,S","0","3,S","0","3,S","0","1,S","0","1,S","0",",S","31",",S","22",",S","15.9","1,S,26,","0.0","3,,S,31,+","34.4",",S,09,+","0.0",",S","0.0","3,,,S","26.73","1,S","32.78",",,,S","20.68","1,,,S"
"MAM00067027","1994-06","-15.667","46.352","26.5","PHILIBERT TSIRANANA, MA","","","","","0","3,S","0","3,S","0","3,S","","","","","0","3,S","27","3,S","10","3,S","","","0.0","3,,S,30,+","33.2","3,S,30,+","","","0.0","3,,,S","","","31.84","3,,,S","",""
"MAM00067027","1994-07","-15.667","46.352","26.5","PHILIBERT TSIRANANA, MA","195.2","S","195.2","4,S","0","3,S","0","3,S","0","3,S","0","4,S","0","4,S","0",",S","31",",S","14",",S","16.6","4,S,27,+","0.0","3,,S,31,+","33.4",",S,11,+","0.0",",S","0.0","3,,,S","25.51","4,S","31.98",",,,S","19.04","4,,,S"
"MAM00067027","1994-08","-15.667","46.352","26.5","PHILIBERT TSIRANANA, MA","","","","","","","","","","","","","","","0","5,S","26","5,S","12","5,S","","","","","34.3","5,S,17,+","","","","","","","32.03","5,,,S","",""
"MAM00067027","1994-09","-15.667","46.352","26.5","PHILIBERT TSIRANANA, MA","","","202.6","4,S","1","1,S","0","1,S","0","1,S","0","2,S","0","2,S","0","3,S","27","3,S","17","3,S","16.8","2,S,09,","2.0","1,,S,17,","34.1","3,S,19,+","0.0","3,S","2.0","1,,,S","26.16","4,S","32.62","3,,,S","19.70","2,,,S"
"MAM00067027","1994-10","-15.667","46.352","26.5","PHILIBERT TSIRANANA, MA","","","","","3","5,S","1","5,S","0","5,S","0","5,S","0","5,S","0","2,S","29","2,S","21","2,S","19.5","5,S,31,","4.1","5,,S,04,","35.4","2,S,21,+","","","5.1","5,,,S","28.12","6,S","33.67","2,,,S","22.56","5,,,S"
"MAM00067027","1994-12","-15.667","46.352","26.5","PHILIBERT TSIRANANA, MA","","","","","6","5,S","3","5,S","0","5,S","0","5,S","0","5,S","0","4,S","27","4,S","25","4,S","22.5","5,S,09,","16.0","5,,S,08,","36.3","4,S,29,+","","","35.0","5,,,S","29.44","8,S","34.08","4,,,S","24.80","5,,,S"
"MAM00067027","1995-01","-15.667","46.352","26.5","PHILIBERT TSIRANANA, MA","","","","","23","1,S","20","1,S","7","1,S","","","","","","","","","","","","","128.0","1,,S,21,","","","","","604.6","1,,,S","","","","","",""
"MAM00067027","1995-02","-15.667","46.352","26.5","PHILIBERT TSIRANANA, MA","","","229.0","4,S","17",",S","11",",S","2",",S","0","3,S","0","3,S","0","2,S","26","2,S","8","2,S","22.3","3,S,23,","77.0",",,S,12,","33.0","2,S,19,","0.0","2,S","206.5",",,,S","27.88","4,S","31.78","2,,,S","23.97","3,,,S"
"MAM00067027","1995-03","-15.667","46.352","26.5","PHILIBERT TSIRANANA, MA","","","","","13","4,S","11","4,S","3","4,S","0","5,S","0","5,S","0","3,S","28","3,S","18","3,S","22.5","5,S,08,","152.9","4,,S,12,","34.2","3,S,30,+","","","339.9","4,,,S","28.30","7,S","32.63","3,,,S","23.97","5,,,S"
"MAM00067027","1995-04","-15.667","46.352","26.5","PHILIBERT TSIRANANA, MA","","","","","","","","","","","0","5,S","0","5,S","0","4,S","26","4,S","24","4,S","20.7","5,S,09,","","","33.9","4,S,26,+","","","","","28.16","6,S","32.95","4,,,S","23.38","5,,,S"
"MAM00067027","1995-05","-15.667","46.352","26.5","PHILIBERT TSIRANANA, MA","","","258.4","1,S","2","3,S","1","3,S","0","3,S","0","1,S","0","1,S","0",",S","31",",S","20",",S","17.9","1,S,25,","18.0","3,,S,09,","34.2",",S,08,+","0.0",",S","20.0","3,,,S","26.95","1,S","32.60",",,,S","21.31","1,,,S"
"MAM00067027","1995-06","-15.667","46.352","26.5","PHILIBERT TSIRANANA, MA","","","161.8","5,S","","","","","","","0","3,S","0","3,S","0","4,S","26","4,S","1","4,S","15.2","3,S,10,","","","32.2","4,S,06,","0.0","4,S","","","24.83","5,S","30.94","4,,,S","18.73","3,,,S"
"MAM00067027","1995-07","-15.667","46.352","26.5","PHILIBERT TSIRANANA, MA","171.4","S","171.4","5,S","0","4,S","0","4,S","0","4,S","0","4,S","0","4,S","0","3,S","28","3,S","9","3,S","13.9","4,S,21,","0.0","4,,S,31,+","32.8","3,S,23,+","0.0","3,S","0.0","4,,,S","24.94","5,S","31.95","3,,,S","17.94","4,,,S"
"MAM00067027","1995-08","-15.667","46.352","26.5","PHILIBERT TSIRANANA, MA","","","","","","","","","","","0","5,S","0","5,S","0","5,S","26","5,S","19","5,S","16.7","5,S,30,","","","34.6","5,S,19,","","","","","25.90","7,S","32.78","5,,,S","19.03","5,,,S"
"MAM00067027","1995-09","-15.667","46.352","26.5","PHILIBERT TSIRANANA, MA","","","226.5","3,S","","","","","","","0","1,S","0","1,S","0","2,S","28","2,S","21","2,S","16.8","1,S,03,","","","35.8","2,S,29,","0.0","2,S","","","26.68","3,S","33.28","2,,,S","20.08","1,,,S"
"MAM00067027","1995-10","-15.667","46.352","26.5","PHILIBERT TSIRANANA, MA","","","292.8","1,S","","","","","","","0",",S","0",",S","0","1,S","30","1,S","29","1,S","17.9",",S,01,","","","35.9","1,S,23,","0.0","1,S","","","28.06","1,S","34.37","1,,,S","21.75",",,,S"
"MAM00067027","1995-11","-15.667","46.352","26.5","PHILIBERT TSIRANANA, MA","","","278.9","2,S","8","1,S","5","1,S","1","1,S","0","1,S","0","1,S","0","1,S","29","1,S","19","1,S","21.8","1,S,23,","69.1","1,,S,23,","35.1","1,S,02,+","0.0","1,S","108.7","1,,,S","28.27","2,S","32.76","1,,,S","23.79","1,,,S"
"MAM00067027","1995-12","-15.667","46.352","26.5","PHILIBERT TSIRANANA, MA","","","281.3","1,S","18","2,S","16","2,S","3","2,S","0","1,S","0","1,S","0",",S","31",",S","6",",S","21.0","1,S,16,","66.0","2,,S,05,","33.8",",S,17,+","0.0",",S","319.6","2,,,S","27.67","1,S","31.63",",,,S","23.71","1,,,S"
"MAM00067027","1996-01","-15.667","46.352","26.5","PHILIBERT TSIRANANA, MA","","","","","","","","","","","","","","","0","4,S","27","4,S","8","4,S","","","","","33.4","4,S,03,","","","","","","","31.70","4,,,S","",""
"MAM00067027","1996-02","-15.667","46.352","26.5","PHILIBERT TSIRANANA, MA","","","230.7","5,S","16","2,S","13","2,S","6","2,S","0","4,S","0","4,S","0","3,S","26","3,S","16","3,S","21.6","4,S,12,","102.1","2,,S,03,","35.0","3,S,09,+","0.0","3,S","392.4","2,,,S","27.95","5,S","32.17","3,,,S","23.73","4,,,S"
"MAM00067027","1996-03","-15.667","46.352","26.5","PHILIBERT TSIRANANA, MA","","","","","17","4,S","13","4,S","4","4,S","","","","","","","","","","","","","80.0","4,,S,11,","","","","","341.3","4,,,S","","","","","",""
"MAM00067027","1996-04","-15.667","46.352","26.5","PHILIBERT TSIRANANA, MA","","","248.0","5,S","","","","","","","0","3,S","0","3,S","0","3,S","27","3,S","26","3,S","21.3","3,S,08,+","","","34.2","3,S,23,+","0.0","3,S","","","28.23","5,S","33.13","3,,,S","23.34","3,,,S"
"MAM00067027","1996-05","-15.667","46.352","26.5","PHILIBERT TSIRANANA, MA","","","220.0","5,S","","","","","","","0","4,S","0","4,S","0","2,S","29","2,S","26","2,S","18.4","4,S,03,","","","34.2","2,S,29,+","0.0","2,S","","","26.80","5,S","32.90","2,,,S","20.71","4,,,S"
"MAM00067027","1996-06","-15.667","46.352","26.5","PHILIBERT TSIRANANA, MA","","","","","","","","","","","0","4,S","0","4,S","0","5,S","25","5,S","8","5,S","15.4","4,S,29,","","","33.0","5,S,01,","","","","","25.31","6,S","31.84","5,,,S","18.78","4,,,S"
"MAM00067027","1996-07","-15.667","46.352","26.5","PHILIBERT TSIRANANA, MA","182.0","S","182.0","1,S","0","5,S","0","5,S","0","5,S","0","1,S","0","1,S","0",",S","31",",S","2",",S","12.6","1,S,26,","0.0","5,,S,31,+","32.6",",S,09,+","0.0",",S","0.0","5,,,S","24.39","1,S","31.12",",,,S","17.67","1,,,S"
"MAM00067027","1996-08","-15.667","46.352","26.5","PHILIBERT TSIRANANA, MA","362.3","S","180.3","4,S","0","4,S","0","4,S","0","4,S","0","2,S","0","2,S","0","2,S","29","2,S","3","2,S","15.7","2,S,07,+","0.0","4,,S,31,+","32.4","2,S,13,+","0.0","2,S","0.0","4,,,S","24.94","4,S","31.24","2,,,S","18.64","2,,,S"
"MAM00067027","1996-09","-15.667","46.352","26.5","PHILIBERT TSIRANANA, MA","558.2","S","195.9","5,S","","","","","","","0","5,S","0","5,S","0",",S","30",",S","19",",S","18.0","5,S,21,+","","","33.9",",S,18,+","0.0",",S","","","26.21","5,S","32.30",",,,S","20.11","5,,,S"
"MAM00067027","1997-02","-15.667","46.352","26.5","PHILIBERT TSIRANANA, MA","","","","","18",",S","14",",S","5",",S","","","","","0","5,S","23","5,S","4","5,S","","","93.0",",,S,11,","32.4","5,S,14,+","","","403.3",",,,S","","","31.22","5,,,S","",""
"MAM00067027","1997-09","-15.667","46.352","26.5","PHILIBERT TSIRANANA, MA","","","","","0","5,S","0","5,S","0","5,S","0","5,S","0","5,S","0","5,S","25","5,S","16","5,S","17.9","5,S,16,","0.0","5,,S,30,+","34.4","5,S,29,","","","0.0","5,,,S","26.71","8,S","32.48","5,,,S","20.93","5,,,S"
"MAM00067027","1997-11","-15.667","46.352","26.5","PHILIBERT TSIRANANA, MA","","","","","10","3,S","7","3,S","0","3,S","0","5,S","0","5,S","0","2,S","28","2,S","22","2,S","20.1","5,S,01,","21.1","3,,S,26,","36.2","2,S,03,+","","","85.6","3,,,S","28.82","6,S","33.32","2,,,S","24.33","5,,,S"
"MAM00067027","1998-01","-15.667","46.352","26.5","PHILIBERT TSIRANANA, MA","","","","","","","","","","","","","","","0","5,S","26","5,S","24","5,S","","","","","35.3","5,S,19,+","","","","","","","33.64","5,,,S","",""
"MAM00067027","1998-03","-15.667","46.352","26.5","PHILIBERT TSIRANANA, MA","","","","","7","4,S","4","4,S","0","4,S","","","","","0","4,S","27","4,S","27","4,S","","","6.1","4,,S,28,","36.0","4,S,28,+","","","23.8","4,,,S","","","33.93","4,,,S","",""
"MAM00067027","1998-04","-15.667","46.352","26.5","PHILIBERT TSIRANANA, MA","","","","","","","","","","","","","","","0","5,S","25","5,S","24","5,S","","","","","36.7","5,S,25,+","","","","","","","34.88","5,,,S","",""
"MAM00067027","1998-05","-15.667","46.352","26.5","PHILIBERT TSIRANANA, MA","","","256.5","3,S","","","","","","","0","2,S","0","2,S","0","2,S","29","2,S","24","2,S","18.5","2,S,15,","","","35.0","2,S,30,+","0.0","2,S","","","27.47","3,S","33.47","2,,,S","21.48","2,,,S"
"MAM00067027","1998-06","-15.667","46.352","26.5","PHILIBERT TSIRANANA, MA","","","","","","","","","","","","","","","0","3,S","27","3,S","14","3,S","","","","","33.8","3,S,10,+","","","","","","","32.19","3,,,S","",""
"MAM00067027","1998-07","-15.667","46.352","26.5","PHILIBERT TSIRANANA, MA","","","","","","","","","","","","","","","0",",S","31",",S","14",",S","","","","","33.5",",S,24,+","","","","","","","32.00",",,,S","",""
"MAM00067027","1998-08","-15.667","46.352","26.5","PHILIBERT TSIRANANA, MA","","","213.1","3,S","0","3,S","0","3,S","0","3,S","0","3,S","0","3,S","0","1,S","30","1,S","25","1,S","16.8","3,S,01,","0.0","3,,S,31,+","35.0","1,S,31,","0.0","1,S","0.0","3,,,S","25.94","3,S","32.79","1,,,S","19.09","3,,,S"
"MAM00067027","1998-09","-15.667","46.352","26.5","PHILIBERT TSIRANANA, MA","","","","","2",",S","1",",S","0",",S","","","","","0","2,S","28","2,S","27","2,S","","","7.1",",,S,01,","35.0","2,S,01,","","","8.1",",,,S","","","33.68","2,,,S","",""
"MAM00067027","1998-11","-15.667","46.352","26.5","PHILIBERT TSIRANANA, MA","","","","","4","1,S","4","1,S","3","1,S","","","","","0","2,S","28","2,S","25","2,S","","","66.0","1,,S,09,","35.4","2,S,23,+","","","160.0","1,,,S","","","33.94","2,,,S","",""
"MAM00067027","1998-12","-15.667","46.352","26.5","PHILIBERT TSIRANANA, MA","","","256.2","4,S","15","4,S","11","4,S","3","4,S","0","2,S","0","2,S","0","2,S","29","2,S","5","2,S","22.5","2,S,26,+","43.9","4,,S,21,","32.8","2,S,26,+","0.0","2,S","200.6","4,,,S","27.81","4,S","31.31","2,,,S","24.30","2,,,S"
"MAM00067027","1999-01","-15.667","46.352","26.5","PHILIBERT TSIRANANA, MA","","","","","","","","","","","","","","","0","3,S","28","3,S","12","3,S","","","","","35.3","3,S,19,+","","","","","","","32.32","3,,,S","",""
"MAM00067027","1999-02","-15.667","46.352","26.5","PHILIBERT TSIRANANA, MA","","","264.7","1,S","","","","","","","0",",S","0",",S","0","1,S","27","1,S","20","1,S","22.0",",S,15,+","","","34.2","1,S,20,+","0.0","1,S","","","28.12","1,S","32.61","1,,,S","23.62",",,,S"
"MAM00067027","1999-03","-15.667","46.352","26.5","PHILIBERT TSIRANANA, MA","","","299.6","2,S","","","","","","","0","2,S","0","2,S","0",",S","31",",S","28",",S","22.0","2,S,29,","","","35.4",",S,10,","0.0",",S","","","28.62","2,S","33.41",",,,S","23.83","2,,,S"
"MAM00067027","1999-04","-15.667","46.352","26.5","PHILIBERT TSIRANANA, MA","","","268.6","3,S","","","","","","","0","3,S","0","3,S","0",",S","30",",S","30",",S","19.7","3,S,15,","","","34.9",",S,29,+","0.0",",S","","","28.30","3,S","34.04",",,,S","22.57","3,,,S"
"MAM00067027","1999-05","-15.667","46.352","26.5","PHILIBERT TSIRANANA, MA","","","234.1","5,S","","","","","","","0","5,S","0","5,S","0","1,S","30","1,S","30","1,S","17.8","5,S,31,","","","35.2","1,S,13,+","0.0","1,S","","","27.33","5,S","33.67","1,,,S","21.00","5,,,S"
"MAM00067027","1999-08","-15.667","46.352","26.5","PHILIBERT TSIRANANA, MA","","","207.2","2,S","","","","","","","0","2,S","0","2,S","0",",S","31",",S","17",",S","15.5","2,S,08,","","","33.2",",S,31,","0.0",",S","","","25.47","2,S","32.14",",,,S","18.80","2,,,S"
"MAM00067027","1999-09","-15.667","46.352","26.5","PHILIBERT TSIRANANA, MA","","","","","","","","","","","","","","","0",",S","30",",S","29",",S","","","","","35.8",",S,22,+","","","","","","","33.80",",,,S","",""
"MAM00067027","1999-10","-15.667","46.352","26.5","PHILIBERT TSIRANANA, MA","","","","","3","4,S","1","4,S","0","4,S","","","","","0","1,S","30","1,S","22","1,S","","","5.1","4,,S,24,","36.0","1,S,31,","","","8.1","4,,,S","","","33.02","1,,,S","",""
"MAM00067027","1999-11","-15.667","46.352","26.5","PHILIBERT TSIRANANA, MA","","","263.8","5,S","2","2,S","1","2,S","0","2,S","0","4,S","0","4,S","0","1,S","29","1,S","28","1,S","19.8","4,S,29,","16.0","2,,S,12,","36.0","1,S,01,","0.0","1,S","18.0","2,,,S","28.88","5,S","34.46","1,,,S","23.31","4,,,S"
"MAM00067027","1999-12","-15.667","46.352","26.5","PHILIBERT TSIRANANA, MA","","","284.2","4,S","8","2,S","8","2,S","3","2,S","0","3,S","0","3,S","0","2,S","29","2,S","24","2,S","22.4","3,S,15,+","42.9","2,,S,17,","35.9","2,S,07,+","0.0","2,S","159.8","2,,,S","28.72","4,S","33.17","2,,,S","24.27","3,,,S"
"MAM00067027","2000-02","-15.667","46.352","26.5","PHILIBERT TSIRANANA, MA","","","","","","","","","","","","","","","0","3,S","26","3,S","15","3,S","","","","","34.4","3,S,08,+","","","","","","","32.58","3,,,S","",""
"MAM00067027","2000-03","-15.667","46.352","26.5","PHILIBERT TSIRANANA, MA","","","","","","","","","","","","","","","0",",S","31",",S","28",",S","","","","","36.8",",S,29,","","","","","","","34.11",",,,S","",""
"MAM00067027","2000-04","-15.667","46.352","26.5","PHILIBERT TSIRANANA, MA","","","254.1","5,S","","","","","","","0","4,S","0","4,S","0","1,S","29","1,S","29","1,S","20.7","4,S,07,","","","35.8","1,S,01,","0.0","1,S","","","28.57","5,S","34.15","1,,,S","22.98","4,,,S"
"MAM00067027","2000-05","-15.667","46.352","26.5","PHILIBERT TSIRANANA, MA","","","","","","","","","","","","","","","0",",S","31",",S","27",",S","","","","","34.8",",S,04,","","","","","","","33.18",",,,S","",""
"MAM00067027","2000-07","-15.667","46.352","26.5","PHILIBERT TSIRANANA, MA","","","","","","","","","","","0","5,S","0","5,S","0","3,S","28","3,S","6","3,S","16.2","5,S,24,","","","33.4","3,S,30,+","","","","","25.20","8,S","31.61","3,,,S","18.80","5,,,S"
"MAM00067027","2000-08","-15.667","46.352","26.5","PHILIBERT TSIRANANA, MA","","","","","","","","","","","","","","","0","4,S","27","4,S","18","4,S","","","","","33.8","4,S,11,+","","","","","","","32.53","4,,,S","",""
"MAM00067027","2000-09","-15.667","46.352","26.5","PHILIBERT TSIRANANA, MA","","","","","","","","","","","","","","","0","3,S","27","3,S","22","3,S","","","","","35.8","3,S,30,","","","","","","","33.61","3,,,S","",""
"MAM00067027","2000-10","-15.667","46.352","26.5","PHILIBERT TSIRANANA, MA","","","","","","","","","","","","","","","0",",S","31",",S","23",",S","","","","","36.0",",S,02,+","","","","","","","33.62",",,,S","",""
"MAM00067027","2000-11","-15.667","46.352","26.5","PHILIBERT TSIRANANA, MA","","","","","","","","","","","","","","","0","5,S","25","5,S","22","5,S","","","","","35.5","5,S,13,+","","","","","","","33.65","5,,,S","",""
"MAM00067027","2000-12","-15.667","46.352","26.5","PHILIBERT TSIRANANA, MA","","","","","","","","","","","","","","","0","2,S","29","2,S","18","2,S","","","","","35.7","2,S,08,+","","","","","","","32.98","2,,,S","",""
"MAM00067027","2001-01","-15.667","46.352","26.5","PHILIBERT TSIRANANA, MA","","","","","","","","","","","","","","","0","4,S","27","4,S","12","4,S","","","","","33.0","4,S,29,+","","","","","","","31.07","4,,,S","",""
"MAM00067027","2001-02","-15.667","46.352","26.5","PHILIBERT TSIRANANA, MA","","","","","","","","","","","","","","","0","4,S","24","4,S","19","4,S","","","","","34.4","4,S,24,+","","","","","","","33.13","4,,,S","",""
"MAM00067027","2001-03","-15.667","46.352","26.5","PHILIBERT TSIRANANA, MA","","","","","","","","","","","","","","","0","3,S","28","3,S","28","3,S","","","","","35.6","3,S,31,+","","","","","","","34.29","3,,,S","",""
"MAM00067027","2001-04","-15.667","46.352","26.5","PHILIBERT TSIRANANA, MA","","","","","","","","","","","","","","","0","3,S","27","3,S","27","3,S","","","","","35.7","3,S,16,","","","","","","","34.51","3,,,S","",""
"MAM00067027","2001-06","-15.667","46.352","26.5","PHILIBERT TSIRANANA, MA","","","182.1","4,S","","","","","","","0","3,S","0","3,S","0","2,S","28","2,S","13","2,S","16.5","3,S,11,","","","34.3","2,S,06,","0.0","2,S","","","25.32","4,S","31.93","2,,,S","18.71","3,,,S"
"MAM00067027","2001-08","-15.667","46.352","26.5","PHILIBERT TSIRANANA, MA","","","","","","","","","","","","","","","0","2,S","29","2,S","21","2,S","","","","","34.0","2,S,10,","","","","","","","32.64","2,,,S","",""
"MAM00067027","2001-09","-15.667","46.352","26.5","PHILIBERT TSIRANANA, MA","","","","","","","","","","","","","","","0",",S","30",",S","18",",S","","","","","34.4",",S,29,+","","","","","","","32.26",",,,S","",""
"MAM00067027","2001-10","-15.667","46.352","26.5","PHILIBERT TSIRANANA, MA","","","","","","","","","","","","","","","0",",S","31",",S","23",",S","","","","","36.7",",S,04,+","","","","","","","33.50",",,,S","",""
"MAM00067027","2001-11","-15.667","46.352","26.5","PHILIBERT TSIRANANA, MA","","","278.2","4,S","","","","","","","0","4,S","0","4,S","0","1,S","29","1,S","28","1,S","21.3","4,S,11,","","","37.4","1,S,08,+","0.0","1,S","","","29.05","4,S","34.44","1,,,S","23.65","4,,,S"
"MAM00067027","2002-01","-15.667","46.352","26.5","PHILIBERT TSIRANANA, MA","","","","","","","","","","","","","","","0","3,S","28","3,S","16","3,S","","","","","39.6","3,S,18,","","","","","","","32.71","3,,,S","",""
"MAM00067027","2002-02","-15.667","46.352","26.5","PHILIBERT TSIRANANA, MA","","","","","","","","","","","","","","","0","5,S","23","5,S","11","5,S","","","","","33.4","5,S,28,","","","","","","","32.19","5,,,S","",""
"MAM00067027","2002-03","-15.667","46.352","26.5","PHILIBERT TSIRANANA, MA","","","282.7","4,S","","","","","","","0","3,S","0","3,S","0","2,S","29","2,S","26","2,S","22.3","3,S,27,","","","34.5","2,S,02,+","0.0","2,S","","","28.83","4,S","33.54","2,,,S","24.12","3,,,S"
"MAM00067027","2002-04","-15.667","46.352","26.5","PHILIBERT TSIRANANA, MA","","","","","","","","","","","0","3,S","0","3,S","","","","","","","21.1","3,S,30,","","","","","","","","","","","","","23.16","3,,,S"
"MAM00067027","2002-05","-15.667","46.352","26.5","PHILIBERT TSIRANANA, MA","","","226.3","5,S","","","","","","","0","2,S","0","2,S","0","3,S","28","3,S","20","3,S","17.6","2,S,27,","","","34.7","3,S,02,","0.0","3,S","","","27.08","5,S","32.53","3,,,S","21.64","2,,,S"
"MAM00067027","2002-07","-15.667","46.352","26.5","PHILIBERT TSIRANANA, MA","","","","","","","","","","","","","","","0","2,S","29","2,S","20","2,S","","","","","33.0","2,S,17,+","","","","","","","32.27","2,,,S","",""
"MAM00067027","2002-08","-15.667","46.352","26.5","PHILIBERT TSIRANANA, MA","","","","","","","","","","","","","","","0","3,S","28","3,S","22","3,S","","","","","34.2","3,S,25,+","","","","","","","32.71","3,,,S","",""
"MAM00067027","2002-09","-15.667","46.352","26.5","PHILIBERT TSIRANANA, MA","","","","","0",",S","0",",S","0",",S","","","","","0","1,S","29","1,S","25","1,S","","","0.0",",,S,30,+","35.3","1,S,28,","","","0.0",",,,S","","","32.94","1,,,S","",""
"MAM00067027","2002-10","-15.667","46.352","26.5","PHILIBERT TSIRANANA, MA","","","","","1","2,S","1","2,S","0","2,S","","","","","0",",S","31",",S","26",",S","","","5.1","2,,S,20,","36.6",",S,30,+","","","5.1","2,,,S","","","34.44",",,,S","",""
"MAM00067027","2002-11","-15.667","46.352","26.5","PHILIBERT TSIRANANA, MA","","","","","5","2,S","3","2,S","0","2,S","","","","","0","4,S","26","4,S","26","4,S","","","18.0","2,,S,07,","36.8","4,S,23,+","","","29.1","2,,,S","","","34.69","4,,,S","",""
"MAM00067027","2002-12","-15.667","46.352","26.5","PHILIBERT TSIRANANA, MA","","","","","14","2,S","10","2,S","2","2,S","","","","","0","4,S","27","4,S","23","4,S","","","36.1","2,,S,26,","36.6","4,S,03,","","","137.6","2,,,S","","","33.51","4,,,S","",""
"MAM00067027","2003-01","-15.667","46.352","26.5","PHILIBERT TSIRANANA, MA","","","","","23",",S","19",",S","10",",S","","","","","0","4,S","27","4,S","9","4,S","","","95.0",",,S,14,","33.3","4,S,20,+","","","622.2",",,,S","","","31.72","4,,,S","",""
"MAM00067027","2003-02","-15.667","46.352","26.5","PHILIBERT TSIRANANA, MA","","","","","","","","","","","","","","","0","3,S","25","3,S","16","3,S","","","","","34.0","3,S,28,","","","","","","","32.60","3,,,S","",""
"MAM00067027","2003-03","-15.667","46.352","26.5","PHILIBERT TSIRANANA, MA","","","","","12","2,S","9","2,S","1","2,S","","","","","0","2,S","29","2,S","28","2,S","","","29.0","2,,S,01,","35.0","2,S,29,+","","","123.2","2,,,S","","","33.44","2,,,S","",""
"MAM00067027","2003-04","-15.667","46.352","26.5","PHILIBERT TSIRANANA, MA","","","","","3","3,S","3","3,S","1","3,S","","","","","0",",S","30",",S","27",",S","","","52.1","3,,S,06,","35.9",",S,12,","","","74.2","3,,,S","","","33.71",",,,S","",""
"MAM00067027","2003-05","-15.667","46.352","26.5","PHILIBERT TSIRANANA, MA","","","","","2","2,S","0","2,S","0","2,S","0","5,S","0","5,S","0","2,S","29","2,S","28","2,S","18.8","5,S,25,","0.8","2,,S,13,","35.0","2,S,22,+","","","1.1","2,,,S","28.07","7,S","33.69","2,,,S","22.45","5,,,S"
"MAM00067027","2003-06","-15.667","46.352","26.5","PHILIBERT TSIRANANA, MA","","","","","2",",S","2",",S","0",",S","","","","","0","1,S","29","1,S","14","1,S","","","11.9",",,S,27,","33.6","1,S,02,+","","","19.8",",,,S","","","32.11","1,,,S","",""
"MAM00067027","2003-07","-15.667","46.352","26.5","PHILIBERT TSIRANANA, MA","","","","","0",",S","0",",S","0",",S","","","","","0","3,S","28","3,S","7","3,S","","","0.0",",,S,31,+","35.5","3,S,01,","","","0.0",",,,S","","","31.68","3,,,S","",""
"MAM00067027","2003-08","-15.667","46.352","26.5","PHILIBERT TSIRANANA, MA","","","","","0",",S","0",",S","0",",S","0","5,S","0","5,S","0","2,S","29","2,S","14","2,S","15.4","5,S,03,","0.0",",,S,31,+","34.2","2,S,08,","","","0.0",",,,S","25.12","6,S","31.97","2,,,S","18.27","5,,,S"
"MAM00067027","2003-09","-15.667","46.352","26.5","PHILIBERT TSIRANANA, MA","","","","","1","2,S","0","2,S","0","2,S","","","","","0","1,S","29","1,S","26","1,S","","","0.3","2,,S,07,","35.6","1,S,12,","","","0.3","2,,,S","","","33.52","1,,,S","",""
"MAM00067027","2003-10","-15.667","46.352","26.5","PHILIBERT TSIRANANA, MA","","","","","2",",S","0",",S","0",",S","","","","","0","1,S","30","1,S","23","1,S","","","2.0",",,S,16,","36.0","1,S,21,+","","","2.5",",,,S","","","34.02","1,,,S","",""
"MAM00067027","2003-11","-15.667","46.352","26.5","PHILIBERT TSIRANANA, MA","","","","","6","1,S","4","1,S","1","1,S","","","","","0","1,S","29","1,S","25","1,S","","","71.9","1,,S,30,","36.8","1,S,11,+","","","120.3","1,,,S","","","34.49","1,,,S","",""
"MAM00067027","2003-12","-15.667","46.352","26.5","PHILIBERT TSIRANANA, MA","","","","","18",",S","12",",S","3",",S","","","","","0","5,S","26","5,S","12","5,S","","","78.0",",,S,28,","35.5","5,S,10,+","","","293.4",",,,S","","","32.19","5,,,S","",""
"MAM00067027","2004-01","-15.667","46.352","26.5","PHILIBERT TSIRANANA, MA","","","","","22",",S","17",",S","11",",S","","","","","0","2,S","29","2,S","15","2,S","","","156.0",",,S,28,","34.8","2,S,24,+","","","836.0",",,,S","","","32.00","2,,,S","",""
"MAM00067027","2004-02","-15.667","46.352","26.5","PHILIBERT TSIRANANA, MA","","","","","13",",S","12",",S","2",",S","","","","","0","2,S","27","2,S","11","2,S","","","53.1",",,S,04,","36.0","2,S,02,","","","212.4",",,,S","","","32.13","2,,,S","",""
"MAM00067027","2004-03","-15.667","46.352","26.5","PHILIBERT TSIRANANA, MA","","","","","14","2,S","10","2,S","3","2,S","","","","","0","3,S","28","3,S","20","3,S","","","101.1","2,,S,11,","35.0","3,S,29,+","","","281.6","2,,,S","","","32.70","3,,,S","",""
"MAM00067027","2004-04","-15.667","46.352","26.5","PHILIBERT TSIRANANA, MA","","","","","3",",S","2",",S","1",",S","","","","","0","1,S","29","1,S","23","1,S","","","30.0",",,S,07,","34.5","1,S,18,+","","","52.6",",,,S","","","33.21","1,,,S","",""
"MAM00067027","2004-05","-15.667","46.352","26.5","PHILIBERT TSIRANANA, MA","","","","","1",",S","1",",S","0",",S","","","","","0",",S","31",",S","17",",S","","","9.9",",,S,08,","34.4",",S,12,+","","","9.9",",,,S","","","32.17",",,,S","",""
"MAM00067027","2004-06","-15.667","46.352","26.5","PHILIBERT TSIRANANA, MA","","","","","0","1,S","0","1,S","0","1,S","","","","","0","2,S","28","2,S","2","2,S","","","0.0","1,,S,30,+","32.3","2,S,26,+","","","0.0","1,,,S","","","31.30","2,,,S","",""
"MAM00067027","2004-07","-15.667","46.352","26.5","PHILIBERT TSIRANANA, MA","","","","","0","1,S","0","1,S","0","1,S","","","","","0","1,S","30","1,S","7","1,S","","","0.0","1,,S,31,+","32.7","1,S,31,","","","0.0","1,,,S","","","31.16","1,,,S","",""
"MAM00067027","2004-08","-15.667","46.352","26.5","PHILIBERT TSIRANANA, MA","","","174.0","5,S","0","1,S","0","1,S","0","1,S","0","2,S","0","2,S","0","3,S","28","3,S","10","3,S","15.2","2,S,08,","0.0","1,,S,31,+","33.0","3,S,02,+","0.0","3,S","0.0","1,,,S","25.17","5,S","31.71","3,,,S","18.63","2,,,S"
"MAM00067027","2004-09","-15.667","46.352","26.5","PHILIBERT TSIRANANA, MA","","","","","1",",S","1",",S","0",",S","","","","","0","1,S","29","1,S","24","1,S","","","5.1",",,S,23,","35.2","1,S,12,+","","","5.1",",,,S","","","32.83","1,,,S","",""
"MAM00067027","2004-10","-15.667","46.352","26.5","PHILIBERT TSIRANANA, MA","","","","","1","1,S","0","1,S","0","1,S","","","","","0","1,S","30","1,S","30","1,S","","","0.3","1,,S,02,","35.7","1,S,17,+","","","0.3","1,,,S","","","34.08","1,,,S","",""
"MAM00067027","2004-11","-15.667","46.352","26.5","PHILIBERT TSIRANANA, MA","","","","","6","3,S","5","3,S","1","3,S","","","","","0","4,S","26","4,S","24","4,S","","","77.0","3,,S,27,","36.0","4,S,20,+","","","119.0","3,,,S","","","34.03","4,,,S","",""
"MAM00067027","2004-12","-15.667","46.352","26.5","PHILIBERT TSIRANANA, MA","","","","","19","1,S","15","1,S","4","1,S","","","","","0","3,S","28","3,S","8","3,S","","","70.1","1,,S,31,","35.1","3,S,07,+","","","336.7","1,,,S","","","31.66","3,,,S","",""
"MAM00067027","2005-02","-15.667","46.352","26.5","PHILIBERT TSIRANANA, MA","","","","","8","1,S","5","1,S","1","1,S","","","","","0",",S","28",",S","21",",S","","","85.1","1,,S,08,","33.0",",S,16,+","","","120.6","1,,,S","","","32.39",",,,S","",""
"MAM00067027","2005-03","-15.667","46.352","26.5","PHILIBERT TSIRANANA, MA","","","","","6","3,S","5","3,S","2","3,S","","","","","0","4,S","27","4,S","22","4,S","","","110.0","3,,S,03,","33.7","4,S,18,+","","","192.0","3,,,S","","","32.60","4,,,S","",""
"MAM00067027","2005-04","-15.667","46.352","26.5","PHILIBERT TSIRANANA, MA","","","","","1","1,S","0","1,S","0","1,S","","","","","0","2,S","28","2,S","27","2,S","","","0.8","1,,S,06,","35.1","2,S,24,+","","","0.8","1,,,S","","","33.83","2,,,S","",""
"MAM00067027","2005-05","-15.667","46.352","26.5","PHILIBERT TSIRANANA, MA","","","","","1","3,S","0","3,S","0","3,S","","","","","0","2,S","29","2,S","26","2,S","","","2.0","3,,S,17,","35.5","2,S,18,+","","","2.0","3,,,S","","","33.59","2,,,S","",""
"MAM00067027","2005-06","-15.667","46.352","26.5","PHILIBERT TSIRANANA, MA","","","","","0",",S","0",",S","0",",S","","","","","0","2,S","28","2,S","19","2,S","","","0.0",",,S,30,+","33.9","2,S,09,+","","","0.0",",,,S","","","32.40","2,,,S","",""
"MAM00067027","2005-07","-15.667","46.352","26.5","PHILIBERT TSIRANANA, MA","","","","","","","","","","","","","","","0","5,S","26","5,S","0","5,S","","","","","32.0","5,S,24,+","","","","","","","31.20","5,,,S","",""
"MAM00067027","2005-08","-15.667","46.352","26.5","PHILIBERT TSIRANANA, MA","","","177.4","5,S","","","","","","","0","5,S","0","5,S","0",",S","31",",S","11",",S","17.0","5,S,03,","","","32.6",",S,31,","0.0",",S","","","25.16","5,S","31.77",",,,S","18.55","5,,,S"
"MAM00067027","2005-09","-15.667","46.352","26.5","PHILIBERT TSIRANANA, MA","","","","","","","","","","","","","","","0",",S","30",",S","26",",S","","","","","35.0",",S,23,+","","","","","","","33.06",",,,S","",""
"MAM00067027","2005-10","-15.667","46.352","26.5","PHILIBERT TSIRANANA, MA","","","","","","","","","","","","","","","0",",S","31",",S","29",",S","","","","","35.1",",S,31,","","","","","","","33.66",",,,S","",""
"MAM00067027","2005-11","-15.667","46.352","26.5","PHILIBERT TSIRANANA, MA","","","","","","","","","","","","","","","0","2,S","28","2,S","19","2,S","","","","","35.2","2,S,22,+","","","","","","","33.02","2,,,S","",""
"MAM00067027","2005-12","-15.667","46.352","26.5","PHILIBERT TSIRANANA, MA","","","","","","","","","","","","","","","0",",S","31",",S","9",",S","","","","","34.7",",S,31,","","","","","","","31.77",",,,S","",""
"MAM00067027","2006-01","-15.667","46.352","26.5","PHILIBERT TSIRANANA, MA","","","","","","","","","","","","","","","0",",S","31",",S","23",",S","","","","","35.5",",S,11,+","","","","","","","33.20",",,,S","",""
"MAM00067027","2006-02","-15.667","46.352","26.5","PHILIBERT TSIRANANA, MA","","","","","","","","","","","","","","","0","1,S","27","1,S","20","1,S","","","","","35.2","1,S,11,+","","","","","","","33.14","1,,,S","",""
"MAM00067027","2006-03","-15.667","46.352","26.5","PHILIBERT TSIRANANA, MA","","","","","","","","","","","","","","","0","2,S","29","2,S","23","2,S","","","","","34.9","2,S,31,","","","","","","","32.98","2,,,S","",""
"MAM00067027","2006-04","-15.667","46.352","26.5","PHILIBERT TSIRANANA, MA","","","","","","","","","","","","","","","0","2,S","28","2,S","28","2,S","","","","","35.1","2,S,05,+","","","","","","","34.00","2,,,S","",""
"MAM00067027","2006-05","-15.667","46.352","26.5","PHILIBERT TSIRANANA, MA","","","","","","","","","","","","","","","0","3,S","28","3,S","15","3,S","","","","","34.9","3,S,14,","","","","","","","32.15","3,,,S","",""
"MAM00067027","2006-06","-15.667","46.352","26.5","PHILIBERT TSIRANANA, MA","","","","","","","","","","","0","4,S","0","4,S","0","3,S","27","3,S","17","3,S","17.5","4,S,30,","","","33.8","3,S,21,+","","","","","26.26","6,S","32.41","3,,,S","20.11","4,,,S"
"MAM00067027","2006-07","-15.667","46.352","26.5","PHILIBERT TSIRANANA, MA","","","","","","","","","","","","","","","0","1,S","30","1,S","10","1,S","","","","","32.5","1,S,17,+","","","","","","","31.64","1,,,S","",""
"MAM00067027","2006-08","-15.667","46.352","26.5","PHILIBERT TSIRANANA, MA","","","","","","","","","","","","","","","0","3,S","28","3,S","11","3,S","","","","","33.1","3,S,10,+","","","","","","","31.99","3,,,S","",""
"MAM00067027","2006-09","-15.667","46.352","26.5","PHILIBERT TSIRANANA, MA","","","","","","","","","","","","","","","0","1,S","29","1,S","21","1,S","","","","","35.6","1,S,29,+","","","","","","","33.06","1,,,S","",""
"MAM00067027","2006-10","-15.667","46.352","26.5","PHILIBERT TSIRANANA, MA","","","","","","","","","","","","","","","0",",S","31",",S","30",",S","","","","","36.6",",S,29,","","","","","","","33.91",",,,S","",""
"MAM00067027","2006-11","-15.667","46.352","26.5","PHILIBERT TSIRANANA, MA","","","","","","","","","","","","","","","0",",S","30",",S","26",",S","","","","","36.2",",S,07,+","","","","","","","33.72",",,,S","",""
"MAM00067027","2006-12","-15.667","46.352","26.5","PHILIBERT TSIRANANA, MA","","","","","","","","","","","","","","","0",",S","31",",S","20",",S","","","","","35.0",",S,22,+","","","","","","","33.06",",,,S","",""
"MAM00067027","2007-01","-15.667","46.352","26.5","PHILIBERT TSIRANANA, MA","","","","","22","1,S","19","1,S","4","1,S","","","","","0","5,S","26","5,S","7","5,S","","","52.1","1,,S,28,","32.4","5,S,01,","","","334.0","1,,,S","","","31.33","5,,,S","",""
"MAM00067027","2007-02","-15.667","46.352","26.5","PHILIBERT TSIRANANA, MA","","","","","21","4,S","20","4,S","8","4,S","","","","","0","1,S","27","1,S","1","1,S","","","90.9","4,,S,10,","32.2","1,S,02,","","","456.1","4,,,S","","","30.70","1,,,S","",""
"MAM00067027","2007-03","-15.667","46.352","26.5","PHILIBERT TSIRANANA, MA","","","","","","","","","","","","","","","0","3,S","28","3,S","17","3,S","","","","","34.0","3,S,15,+","","","","","","","32.61","3,,,S","",""
"MAM00067027","2007-04","-15.667","46.352","26.5","PHILIBERT TSIRANANA, MA","","","","","","","","","","","","","","","0","2,S","28","2,S","28","2,S","","","","","35.2","2,S,15,+","","","","","","","33.97","2,,,S","",""
"MAM00067027","2007-05","-15.667","46.352","26.5","PHILIBERT TSIRANANA, MA","","","","","","","","","","","","","","","0","3,S","28","3,S","27","3,S","","","","","34.3","3,S,24,+","","","","","","","33.67","3,,,S","",""
"MAM00067027","2007-06","-15.667","46.352","26.5","PHILIBERT TSIRANANA, MA","","","","","","","","","","","","","","","0","2,S","28","2,S","6","2,S","","","","","34.0","2,S,01,","","","","","","","31.61","2,,,S","",""
"MAM00067027","2007-07","-15.667","46.352","26.5","PHILIBERT TSIRANANA, MA","","","","","","","","","","","","","","","0","2,S","29","2,S","2","2,S","","","","","32.8","2,S,16,+","","","","","","","31.50","2,,,S","",""
"MAM00067027","2007-08","-15.667","46.352","26.5","PHILIBERT TSIRANANA, MA","","","","","","","","","","","","","","","0",",S","31",",S","18",",S","","","","","33.8",",S,26,+","","","","","","","32.23",",,,S","",""
"MAM00067027","2007-09","-15.667","46.352","26.5","PHILIBERT TSIRANANA, MA","","","","","","","","","","","","","","","0","2,S","28","2,S","26","2,S","","","","","35.3","2,S,19,+","","","","","","","33.39","2,,,S","",""
"MAM00067027","2007-10","-15.667","46.352","26.5","PHILIBERT TSIRANANA, MA","","","","","","","","","","","","","","","0",",S","31",",S","28",",S","","","","","35.5",",S,12,","","","","","","","34.15",",,,S","",""
"MAM00067027","2007-11","-15.667","46.352","26.5","PHILIBERT TSIRANANA, MA","","","","","","","","","","","","","","","0","1,S","29","1,S","22","1,S","","","","","36.0","1,S,17,+","","","","","","","33.33","1,,,S","",""
"MAM00067027","2008-01","-15.667","46.352","26.5","PHILIBERT TSIRANANA, MA","","","","","","","","","","","","","","","0","1,S","30","1,S","15","1,S","","","","","34.6","1,S,25,+","","","","","","","31.77","1,,,S","",""
"MAM00067027","2008-02","-15.667","46.352","26.5","PHILIBERT TSIRANANA, MA","","","","","19","5,S","18","5,S","8","5,S","","","","","0","4,S","25","4,S","5","4,S","","","147.1","5,,S,18,","33.5","4,S,16,+","","","615.7","5,,,S","","","31.18","4,,,S","",""
"MAM00067027","2008-03","-15.667","46.352","26.5","PHILIBERT TSIRANANA, MA","","","","","","","","","","","","","","","0","4,S","27","4,S","19","4,S","","","","","34.0","4,S,20,+","","","","","","","32.59","4,,,S","",""
"MAM00067027","2008-04","-15.667","46.352","26.5","PHILIBERT TSIRANANA, MA","","","","","","","","","","","","","","","0","2,S","28","2,S","25","2,S","","","","","34.6","2,S,09,+","","","","","","","33.45","2,,,S","",""
"MAM00067027","2008-06","-15.667","46.352","26.5","PHILIBERT TSIRANANA, MA","","","","","","","","","","","","","","","0","5,S","25","5,S","0","5,S","","","","","31.9","5,S,15,","","","","","","","31.00","5,,,S","",""
"MAM00067027","2008-07","-15.667","46.352","26.5","PHILIBERT TSIRANANA, MA","","","","","","","","","","","","","","","0","1,S","30","1,S","2","1,S","","","","","32.2","1,S,28,+","","","","","","","31.35","1,,,S","",""
"MAM00067027","2008-08","-15.667","46.352","26.5","PHILIBERT TSIRANANA, MA","","","","","","","","","","","","","","","0","1,S","30","1,S","15","1,S","","","","","33.4","1,S,28,+","","","","","","","32.36","1,,,S","",""
"MAM00067027","2008-09","-15.667","46.352","26.5","PHILIBERT TSIRANANA, MA","","","","","","","","","","","","","","","0","2,S","28","2,S","23","2,S","","","","","35.5","2,S,29,+","","","","","","","33.43","2,,,S","",""
"MAM00067027","2008-10","-15.667","46.352","26.5","PHILIBERT TSIRANANA, MA","","","","","","","","","","","","","","","0",",S","31",",S","31",",S","","","","","36.3",",S,24,+","","","","","","","34.75",",,,S","",""
"MAM00067027","2008-11","-15.667","46.352","26.5","PHILIBERT TSIRANANA, MA","","","","","","","","","","","","","","","0","5,S","25","5,S","14","5,S","","","","","38.0","5,S,03,","","","","","","","32.14","5,,,S","",""
"MAM00067027","2008-12","-15.667","46.352","26.5","PHILIBERT TSIRANANA, MA","","","","","","","","","","","","","","","0","3,S","28","3,S","14","3,S","","","","","34.5","3,S,01,","","","","","","","32.20","3,,,S","",""
"MAM00067027","2009-01","-15.667","46.352","26.5","PHILIBERT TSIRANANA, MA","","","","","","","","","","","","","","","0","4,S","27","4,S","11","4,S","","","","","34.2","4,S,29,","","","","","","","31.56","4,,,S","",""
"MAM00067027","2009-03","-15.667","46.352","26.5","PHILIBERT TSIRANANA, MA","","","","","","","","","","","","","","","0","3,S","28","3,S","15","3,S","","","","","34.9","3,S,09,","","","","","","","32.24","3,,,S","",""
"MAM00067027","2009-04","-15.667","46.352","26.5","PHILIBERT TSIRANANA, MA","","","","","","","","","","","","","","","0",",S","30",",S","23",",S","","","","","34.0",",S,21,+","","","","","","","32.86",",,,S","",""
"MAM00067027","2009-05","-15.667","46.352","26.5","PHILIBERT TSIRANANA, MA","","","","","","","","","","","","","","","0","1,S","30","1,S","17","1,S","","","","","34.5","1,S,03,+","","","","","","","32.53","1,,,S","",""
"MAM00067027","2009-06","-15.667","46.352","26.5","PHILIBERT TSIRANANA, MA","","","","","","","","","","","","","","","0","1,S","29","1,S","18","1,S","","","","","34.1","1,S,05,+","","","","","","","32.31","1,,,S","",""
"MAM00067027","2009-07","-15.667","46.352","26.5","PHILIBERT TSIRANANA, MA","","","","","","","","","","","","","","","0","2,S","29","2,S","5","2,S","","","","","32.7","2,S,16,+","","","","","","","31.55","2,,,S","",""
"MAM00067027","2009-08","-15.667","46.352","26.5","PHILIBERT TSIRANANA, MA","","","","","","","","","","","","","","","0","1,S","30","1,S","11","1,S","","","","","33.5","1,S,03,+","","","","","","","31.97","1,,,S","",""
"MAM00067027","2009-09","-15.667","46.352","26.5","PHILIBERT TSIRANANA, MA","","","","","","","","","","","","","","","0",",S","30",",S","22",",S","","","","","34.2",",S,07,+","","","","","","","32.71",",,,S","",""
"MAM00067027","2009-10","-15.667","46.352","26.5","PHILIBERT TSIRANANA, MA","","","","","","","","","","","0","5,S","0","5,S","0","2,S","29","2,S","22","2,S","20.0","5,S,13,","","","36.7","2,S,25,+","","","","","28.49","6,S","33.86","2,,,S","23.13","5,,,S"
"MAM00067027","2009-11","-15.667","46.352","26.5","PHILIBERT TSIRANANA, MA","","","","","","","","","","","","","","","0","1,S","29","1,S","27","1,S","","","","","37.9","1,S,26,+","","","","","","","34.55","1,,,S","",""
"MAM00067027","2009-12","-15.667","46.352","26.5","PHILIBERT TSIRANANA, MA","","","","","","","","","","","","","","","0","1,S","30","1,S","30","1,S","","","","","35.6","1,S,11,+","","","","","","","33.64","1,,,S","",""
"MAM00067027","2010-01","-15.667","46.352","26.5","PHILIBERT TSIRANANA, MA","","","","","26","1,S","23","1,S","9","1,S","","","","","0","1,S","30","1,S","11","1,S","","","119.9","1,,S,13,","33.9","1,S,26,+","","","681.9","1,,,S","","","31.70","1,,,S","",""
"MAM00067027","2010-02","-15.667","46.352","26.5","PHILIBERT TSIRANANA, MA","","","","","","","","","","","","","","","0","4,S","24","4,S","15","4,S","","","","","34.6","4,S,13,+","","","","","","","32.82","4,,,S","",""
"MAM00067027","2010-03","-15.667","46.352","26.5","PHILIBERT TSIRANANA, MA","","","","","","","","","","","","","","","0",",S","31",",S","21",",S","","","","","34.3",",S,28,+","","","","","","","32.76",",,,S","",""
"MAM00067027","2010-04","-15.667","46.352","26.5","PHILIBERT TSIRANANA, MA","","","","","","","","","","","","","","","0","1,S","29","1,S","29","1,S","","","","","36.1","1,S,24,+","","","","","","","34.84","1,,,S","",""
"MAM00067027","2010-05","-15.667","46.352","26.5","PHILIBERT TSIRANANA, MA","","","","","","","","","","","0","3,S","0","3,S","","","","","","","21.0","3,S,30,+","","","","","","","","","","","","","22.75","3,,,S"
"MAM00067027","2010-06","-15.667","46.352","26.5","PHILIBERT TSIRANANA, MA","","","","","","","","","","","0","3,S","0","3,S","0","3,S","27","3,S","25","3,S","18.3","3,S,25,","","","34.2","3,S,28,+","","","","","27.12","6,S","33.16","3,,,S","21.07","3,,,S"
"MAM00067027","2010-07","-15.667","46.352","26.5","PHILIBERT TSIRANANA, MA","","","","","","","","","","","","","","","0","1,S","30","1,S","12","1,S","","","","","33.1","1,S,19,+","","","","","","","31.88","1,,,S","",""
"MAM00067027","2010-08","-15.667","46.352","26.5","PHILIBERT TSIRANANA, MA","","","","","","","","","","","","","","","0","4,S","27","4,S","21","4,S","","","","","33.9","4,S,31,","","","","","","","32.53","4,,,S","",""
"MAM00067027","2010-09","-15.667","46.352","26.5","PHILIBERT TSIRANANA, MA","","","","","","","","","","","","","","","0","5,S","25","5,S","20","5,S","","","","","35.4","5,S,20,","","","","","","","33.26","5,,,S","",""
"MAM00067027","2010-10","-15.667","46.352","26.5","PHILIBERT TSIRANANA, MA","","","","","","","","","","","","","","","0","2,S","29","2,S","24","2,S","","","","","35.7","2,S,15,+","","","","","","","33.15","2,,,S","",""
"MAM00067027","2010-11","-15.667","46.352","26.5","PHILIBERT TSIRANANA, MA","","","268.4","5,S","","","","","","","0","4,S","0","4,S","0","2,S","28","2,S","25","2,S","21.0","4,S,25,","","","36.2","2,S,13,+","0.0","2,S","","","29.05","5,S","33.92","2,,,S","24.18","4,,,S"
"MAM00067027","2010-12","-15.667","46.352","26.5","PHILIBERT TSIRANANA, MA","","","","","","","","","","","","","","","0","5,S","26","5,S","8","5,S","","","","","33.0","5,S,05,+","","","","","","","31.58","5,,,S","",""
"MAM00067027","2011-01","-15.667","46.352","26.5","PHILIBERT TSIRANANA, MA","","","","","21","4,S","19","4,S","9","4,S","","","","","0","2,S","29","2,S","9","2,S","","","80.0","4,,S,27,","34.3","2,S,05,+","","","585.0","4,,,S","","","31.82","2,,,S","",""
"MAM00067027","2011-02","-15.667","46.352","26.5","PHILIBERT TSIRANANA, MA","","","","","20","3,S","17","3,S","6","3,S","","","","","0","2,S","26","2,S","11","2,S","","","78.0","3,,S,15,","35.0","2,S,25,","","","371.5","3,,,S","","","31.49","2,,,S","",""
"MAM00067027","2011-03","-15.667","46.352","26.5","PHILIBERT TSIRANANA, MA","","","","","","","","","","","","","","","0","2,S","29","2,S","17","2,S","","","","","34.2","2,S,16,+","","","","","","","32.60","2,,,S","",""
"MAM00067027","2011-04","-15.667","46.352","26.5","PHILIBERT TSIRANANA, MA","","","","","","","","","","","0","4,S","0","4,S","0","3,S","27","3,S","23","3,S","22.6","4,S,16,","","","34.3","3,S,08,+","","","","","28.65","6,S","33.14","3,,,S","24.17","4,,,S"
"MAM00067027","2011-05","-15.667","46.352","26.5","PHILIBERT TSIRANANA, MA","","","","","","","","","","","","","","","0","3,S","28","3,S","23","3,S","","","","","34.1","3,S,24,+","","","","","","","32.91","3,,,S","",""
"MAM00067027","2011-06","-15.667","46.352","26.5","PHILIBERT TSIRANANA, MA","","","","","","","","","","","","","","","0","4,S","26","4,S","14","4,S","","","","","33.8","4,S,01,","","","","","","","32.13","4,,,S","",""
"MAM00067027","2011-07","-15.667","46.352","26.5","PHILIBERT TSIRANANA, MA","","","","","","","","","","","","","","","0","3,S","28","3,S","4","3,S","","","","","32.4","3,S,23,+","","","","","","","31.07","3,,,S","",""
"MAM00067027","2011-08","-15.667","46.352","26.5","PHILIBERT TSIRANANA, MA","","","","","","","","","","","","","","","0","3,S","28","3,S","14","3,S","","","","","33.7","3,S,24,+","","","","","","","31.76","3,,,S","",""
"MAM00067027","2011-09","-15.667","46.352","26.5","PHILIBERT TSIRANANA, MA","","","","","","","","","","","","","","","0","1,S","29","1,S","24","1,S","","","","","34.7","1,S,30,+","","","","","","","33.33","1,,,S","",""
"MAM00067027","2011-10","-15.667","46.352","26.5","PHILIBERT TSIRANANA, MA","","","","","","","","","","","","","","","0","2,S","29","2,S","26","2,S","","","","","35.4","2,S,08,","","","","","","","33.56","2,,,S","",""
"MAM00067027","2011-11","-15.667","46.352","26.5","PHILIBERT TSIRANANA, MA","","","","","","","","","","","","","","","0","2,S","28","2,S","25","2,S","","","","","35.2","2,S,01,","","","","","","","33.68","2,,,S","",""
"MAM00067027","2011-12","-15.667","46.352","26.5","PHILIBERT TSIRANANA, MA","","","","","","","","","","","","","","","0","1,S","30","1,S","20","1,S","","","","","36.4","1,S,27,+","","","","","","","33.01","1,,,S","",""
"MAM00067027","2012-01","-15.667","46.352","26.5","PHILIBERT TSIRANANA, MA","","","","","21","5,S","17","5,S","8","5,S","","","","","0","4,S","27","4,S","2","4,S","","","134.1","5,,S,09,","32.8","4,S,29,+","","","487.6","5,,,S","","","30.96","4,,,S","",""
"MAM00067027","2012-02","-15.667","46.352","26.5","PHILIBERT TSIRANANA, MA","","","","","","","","","","","","","","","0",",S","29",",S","10",",S","","","","","32.8",",S,05,+","","","","","","","31.55",",,,S","",""
"MAM00067027","2012-04","-15.667","46.352","26.5","PHILIBERT TSIRANANA, MA","","","","","","","","","","","","","","","0","2,S","28","2,S","25","2,S","","","","","34.2","2,S,02,+","","","","","","","33.00","2,,,S","",""
"MAM00067027","2012-05","-15.667","46.352","26.5","PHILIBERT TSIRANANA, MA","","","","","","","","","","","","","","","0","4,S","27","4,S","17","4,S","","","","","33.2","4,S,22,+","","","","","","","32.32","4,,,S","",""
"MAM00067027","2012-06","-15.667","46.352","26.5","PHILIBERT TSIRANANA, MA","","","","","","","","","","","","","","","0","3,S","27","3,S","2","3,S","","","","","32.3","3,S,13,+","","","","","","","31.20","3,,,S","",""
"MAM00067027","2012-07","-15.667","46.352","26.5","PHILIBERT TSIRANANA, MA","","","","","","","","","","","","","","","0","3,S","28","3,S","5","3,S","","","","","33.0","3,S,23,+","","","","","","","31.00","3,,,S","",""
"MAM00067027","2012-08","-15.667","46.352","26.5","PHILIBERT TSIRANANA, MA","","","","","","","","","","","","","","","0","2,S","29","2,S","21","2,S","","","","","33.7","2,S,19,+","","","","","","","32.32","2,,,S","",""
"MAM00067027","2012-09","-15.667","46.352","26.5","PHILIBERT TSIRANANA, MA","","","","","","","","","","","","","","","0",",S","30",",S","24",",S","","","","","36.2",",S,27,","","","","","","","33.18",",,,S","",""
"MAM00067027","2012-10","-15.667","46.352","26.5","PHILIBERT TSIRANANA, MA","","","","","","","","","","","","","","","0","1,S","30","1,S","26","1,S","","","","","35.4","1,S,09,+","","","","","","","33.69","1,,,S","",""
"MAM00067027","2012-11","-15.667","46.352","26.5","PHILIBERT TSIRANANA, MA","","","","","","","","","","","","","","","0","1,S","29","1,S","22","1,S","","","","","36.6","1,S,14,+","","","","","","","33.32","1,,,S","",""
"MAM00067027","2012-12","-15.667","46.352","26.5","PHILIBERT TSIRANANA, MA","","","","","","","","","","","","","","","0","3,S","28","3,S","24","3,S","","","","","35.4","3,S,04,+","","","","","","","33.50","3,,,S","",""
"MAM00067027","2013-01","-15.667","46.352","26.5","PHILIBERT TSIRANANA, MA","","","","","","","","","","","","","","","0","5,S","26","5,S","17","5,S","","","","","35.2","5,S,01,","","","","","","","32.72","5,,,S","",""
"MAM00067027","2013-02","-15.667","46.352","26.5","PHILIBERT TSIRANANA, MA","","","","","","","","","","","","","","","0","3,S","25","3,S","11","3,S","","","","","32.9","3,S,07,+","","","","","","","31.76","3,,,S","",""
"MAM00067027","2013-04","-15.667","46.352","26.5","PHILIBERT TSIRANANA, MA","","","265.7","5,S","","","","","","","0","4,S","0","4,S","0","1,S","29","1,S","29","1,S","22.2","4,S,29,","","","35.4","1,S,21,+","0.0","1,S","","","28.88","5,S","33.95","1,,,S","23.82","4,,,S"
"MAM00067027","2013-05","-15.667","46.352","26.5","PHILIBERT TSIRANANA, MA","","","","","","","","","","","","","","","0","2,S","29","2,S","29","2,S","","","","","34.8","2,S,06,+","","","","","","","33.35","2,,,S","",""
"MAM00067027","2013-06","-15.667","46.352","26.5","PHILIBERT TSIRANANA, MA","","","","","","","","","","","","","","","0","1,S","29","1,S","9","1,S","","","","","32.8","1,S,13,+","","","","","","","31.46","1,,,S","",""
"MAM00067027","2013-09","-15.667","46.352","26.5","PHILIBERT TSIRANANA, MA","","","","","","","","","","","","","","","0","5,S","25","5,S","23","5,S","","","","","34.8","5,S,23,","","","","","","","33.32","5,,,S","",""
"MAM00067027","2013-10","-15.667","46.352","26.5","PHILIBERT TSIRANANA, MA","","","","","","","","","","","","","","","0","4,S","27","4,S","21","4,S","","","","","36.4","4,S,26,+","","","","","","","33.71","4,,,S","",""
"MAM00067027","2013-12","-15.667","46.352","26.5","PHILIBERT TSIRANANA, MA","","","","","","","","","","","","","","","0","2,S","29","2,S","26","2,S","","","","","35.3","2,S,04,","","","","","","","32.74","2,,,S","",""
"MAM00067027","2014-01","-15.667","46.352","26.5","PHILIBERT TSIRANANA, MA","","","","","","","","","","","","","","","0","1,S","30","1,S","10","1,S","","","","","34.5","1,S,01,","","","","","","","31.37","1,,,S","",""
"MAM00067027","2014-02","-15.667","46.352","26.5","PHILIBERT TSIRANANA, MA","","","","","19","4,S","16","4,S","6","4,S","","","","","0","3,S","25","3,S","2","3,S","","","55.9","4,,S,21,","32.8","3,S,28,","","","351.7","4,,,S","","","31.22","3,,,S","",""
"MAM00067027","2014-03","-15.667","46.352","26.5","PHILIBERT TSIRANANA, MA","","","","","","","","","","","","","","","0",",S","31",",S","29",",S","","","","","34.8",",S,14,+","","","","","","","33.41",",,,S","",""
"MAM00067027","2014-04","-15.667","46.352","26.5","PHILIBERT TSIRANANA, MA","","","","","","","","","","","","","","","0","5,S","25","5,S","22","5,S","","","","","35.0","5,S,19,+","","","","","","","33.32","5,,,S","",""
"MAM00067027","2014-05","-15.667","46.352","26.5","PHILIBERT TSIRANANA, MA","","","","","","","","","","","","","","","0","2,S","29","2,S","20","2,S","","","","","35.0","2,S,03,+","","","","","","","32.94","2,,,S","",""
"MAM00067027","2014-06","-15.667","46.352","26.5","PHILIBERT TSIRANANA, MA","","","","","","","","","","","","","","","0","4,S","26","4,S","13","4,S","","","","","33.4","4,S,10,","","","","","","","32.17","4,,,S","",""
"MAM00067027","2014-07","-15.667","46.352","26.5","PHILIBERT TSIRANANA, MA","","","","","","","","","","","","","","","0","4,S","27","4,S","11","4,S","","","","","33.2","4,S,24,+","","","","","","","31.97","4,,,S","",""
"MAM00067027","2014-08","-15.667","46.352","26.5","PHILIBERT TSIRANANA, MA","","","","","","","","","","","0","5,S","0","5,S","0","1,S","30","1,S","20","1,S","16.8","5,S,08,","","","33.8","1,S,21,+","","","","","26.15","6,S","32.41","1,,,S","19.88","5,,,S"
"MAM00067027","2014-09","-15.667","46.352","26.5","PHILIBERT TSIRANANA, MA","","","","","","","","","","","","","","","0","2,S","28","2,S","25","2,S","","","","","34.9","2,S,21,+","","","","","","","33.33","2,,,S","",""
"MAM00067027","2014-10","-15.667","46.352","26.5","PHILIBERT TSIRANANA, MA","","","","","","","","","","","","","","","0","3,S","28","3,S","14","3,S","","","","","35.3","3,S,10,","","","","","","","32.71","3,,,S","",""
"MAM00067027","2014-11","-15.667","46.352","26.5","PHILIBERT TSIRANANA, MA","","","","","","","","","","","","","","","0","2,S","28","2,S","24","2,S","","","","","36.7","2,S,02,+","","","","","","","33.87","2,,,S","",""
"MAM00067027","2014-12","-15.667","46.352","26.5","PHILIBERT TSIRANANA, MA","","","","","","","","","","","","","","","0","5,S","26","5,S","13","5,S","","","","","34.8","5,S,12,","","","","","","","32.30","5,,,S","",""
"MAM00067027","2015-01","-15.667","46.352","26.5","PHILIBERT TSIRANANA, MA","","","","","24","3,S","20","3,S","9","3,S","","","","","0","2,S","29","2,S","1","2,S","","","69.1","3,,S,09,","32.5","2,S,27,","","","534.4","3,,,S","","","30.77","2,,,S","",""
"MAM00067027","2015-02","-15.667","46.352","26.5","PHILIBERT TSIRANANA, MA","","","","","","","","","","","","","","","0","3,S","25","3,S","5","3,S","","","","","33.6","3,S,13,","","","","","","","31.19","3,,,S","",""
"MAM00067027","2015-03","-15.667","46.352","26.5","PHILIBERT TSIRANANA, MA","","","","","","","","","","","","","","","0","4,S","27","4,S","17","4,S","","","","","35.2","4,S,21,+","","","","","","","32.64","4,,,S","",""
"MAM00067027","2015-04","-15.667","46.352","26.5","PHILIBERT TSIRANANA, MA","","","","","","","","","","","","","","","0",",S","30",",S","28",",S","","","","","35.0",",S,26,+","","","","","","","33.31",",,,S","",""
"MAM00067027","2015-05","-15.667","46.352","26.5","PHILIBERT TSIRANANA, MA","","","","","","","","","","","0","5,S","0","5,S","0","3,S","28","3,S","27","3,S","18.8","5,S,31,","","","39.5","3,S,03,","","","","","27.79","7,S","33.65","3,,,S","21.92","5,,,S"
"MAM00067027","2015-06","-15.667","46.352","26.5","PHILIBERT TSIRANANA, MA","","","","","","","","","","","","","","","0","3,S","27","3,S","13","3,S","","","","","33.8","3,S,21,+","","","","","","","32.16","3,,,S","",""
"MAM00067027","2015-08","-15.667","46.352","26.5","PHILIBERT TSIRANANA, MA","","","","","","","","","","","","","","","0","5,S","26","5,S","16","5,S","","","","","33.7","5,S,16,+","","","","","","","32.25","5,,,S","",""
"MAM00067027","2015-09","-15.667","46.352","26.5","PHILIBERT TSIRANANA, MA","","","","","","","","","","","","","","","0","5,S","25","5,S","23","5,S","","","","","36.0","5,S,22,+","","","","","","","33.58","5,,,S","",""
"MAM00067027","2015-10","-15.667","46.352","26.5","PHILIBERT TSIRANANA, MA","","","","","","","","","","","","","","","0","3,S","28","3,S","28","3,S","","","","","36.4","3,S,31,+","","","","","","","35.00","3,,,S","",""
"MAM00067027","2015-11","-15.667","46.352","26.5","PHILIBERT TSIRANANA, MA","","","","","","","","","","","","","","","0","3,S","27","3,S","24","3,S","","","","","36.1","3,S,30,","","","","","","","33.78","3,,,S","",""
"MAM00067027","2015-12","-15.667","46.352","26.5","PHILIBERT TSIRANANA, MA","","","","","","","","","","","","","","","0","4,S","27","4,S","23","4,S","","","","","36.1","4,S,01,","","","","","","","33.20","4,,,S","",""
"MAM00067027","2016-01","-15.667","46.352","26.5","PHILIBERT TSIRANANA, MA","","","","","","","","","","","","","","","0","4,S","27","4,S","18","4,S","","","","","34.5","4,S,31,+","","","","","","","32.46","4,,,S","",""
"MAM00067027","2016-02","-15.667","46.352","26.5","PHILIBERT TSIRANANA, MA","","","","","18","5,S","14","5,S","6","5,S","","","","","0","2,S","27","2,S","9","2,S","","","173.0","5,,S,02,","34.4","2,S,18,+","","","473.0","5,,,S","","","31.91","2,,,S","",""
"MAM00067027","2016-04","-15.667","46.352","26.5","PHILIBERT TSIRANANA, MA","","","","","","","","","","","","","","","0","4,S","26","4,S","26","4,S","","","","","36.0","4,S,27,+","","","","","","","34.09","4,,,S","",""
"MAM00067027","2016-05","-15.667","46.352","26.5","PHILIBERT TSIRANANA, MA","","","","","","","","","","","","","","","0","3,S","28","3,S","17","3,S","","","","","34.3","3,S,15,+","","","","","","","32.29","3,,,S","",""
"MAM00067027","2016-06","-15.667","46.352","26.5","PHILIBERT TSIRANANA, MA","","","","","","","","","","","","","","","0","5,S","25","5,S","9","5,S","","","","","33.0","5,S,03,+","","","","","","","31.76","5,,,S","",""
"MAM00067027","2016-07","-15.667","46.352","26.5","PHILIBERT TSIRANANA, MA","","","","","","","","","","","","","","","0","4,S","27","4,S","8","4,S","","","","","33.4","4,S,23,+","","","","","","","31.23","4,,,S","",""
"MAM00067027","2016-08","-15.667","46.352","26.5","PHILIBERT TSIRANANA, MA","","","","","","","","","","","","","","","0","2,S","29","2,S","17","2,S","","","","","34.6","2,S,16,+","","","","","","","32.36","2,,,S","",""
"MAM00067027","2016-09","-15.667","46.352","26.5","PHILIBERT TSIRANANA, MA","","","","","","","","","","","","","","","0","3,S","27","3,S","24","3,S","","","","","34.1","3,S,23,+","","","","","","","33.01","3,,,S","",""
"MAM00067027","2016-10","-15.667","46.352","26.5","PHILIBERT TSIRANANA, MA","","","","","","","","","","","","","","","0","1,S","30","1,S","25","1,S","","","","","36.0","1,S,20,+","","","","","","","33.48","1,,,S","",""
"MAM00067027","2016-11","-15.667","46.352","26.5","PHILIBERT TSIRANANA, MA","","","","","","","","","","","","","","","0","2,S","28","2,S","24","2,S","","","","","36.0","2,S,08,+","","","","","","","33.44","2,,,S","",""
"MAM00067027","2017-02","-15.667","46.352","26.5","PHILIBERT TSIRANANA, MA","","","","","16","5,S","12","5,S","2","5,S","","","","","0","2,S","26","2,S","19","2,S","","","59.9","5,,S,09,","34.4","2,S,17,+","","","164.1","5,,,S","","","32.45","2,,,S","",""
"MAM00067027","2017-03","-15.667","46.352","26.5","PHILIBERT TSIRANANA, MA","","","","","","","","","","","","","","","0","3,S","28","3,S","22","3,S","","","","","34.2","3,S,23,+","","","","","","","32.93","3,,,S","",""
"MAM00067027","2017-04","-15.667","46.352","26.5","PHILIBERT TSIRANANA, MA","","","","","","","","","","","","","","","0","2,S","28","2,S","24","2,S","","","","","34.8","2,S,06,","","","","","","","33.09","2,,,S","",""
"MAM00067027","2017-06","-15.667","46.352","26.5","PHILIBERT TSIRANANA, MA","","","","","","","","","","","","","","","0","3,S","27","3,S","21","3,S","","","","","35.0","3,S,11,+","","","","","","","32.73","3,,,S","",""
"MAM00067027","2017-07","-15.667","46.352","26.5","PHILIBERT TSIRANANA, MA","","","","","","","","","","","","","","","0","2,S","29","2,S","16","2,S","","","","","33.4","2,S,19,+","","","","","","","32.11","2,,,S","",""
"MAM00067027","2017-08","-15.667","46.352","26.5","PHILIBERT TSIRANANA, MA","","","","","","","","","","","","","","","0","1,S","30","1,S","23","1,S","","","","","34.0","1,S,12,+","","","","","","","32.61","1,,,S","",""
"MAM00067027","2017-09","-15.667","46.352","26.5","PHILIBERT TSIRANANA, MA","","","","","","","","","","","","","","","0","3,S","27","3,S","25","3,S","","","","","35.4","3,S,30,","","","","","","","33.65","3,,,S","",""
"MAM00067027","2017-10","-15.667","46.352","26.5","PHILIBERT TSIRANANA, MA","","","","","","","","","","","","","","","0","4,S","27","4,S","25","4,S","","","","","37.0","4,S,23,+","","","","","","","34.31","4,,,S","",""
"MAM00067027","2017-11","-15.667","46.352","26.5","PHILIBERT TSIRANANA, MA","","","","","","","","","","","","","","","0","5,S","25","5,S","21","5,S","","","","","36.2","5,S,02,","","","","","","","33.33","5,,,S","",""
"MAM00067027","2017-12","-15.667","46.352","26.5","PHILIBERT TSIRANANA, MA","","","","","","","","","","","","","","","0",",S","31",",S","21",",S","","","","","36.5",",S,05,+","","","","","","","32.77",",,,S","",""
"MAM00067027","2018-01","-15.667","46.352","26.5","PHILIBERT TSIRANANA, MA","","","","","","","","","","","","","","","0","5,S","26","5,S","12","5,S","","","","","34.2","5,S,11,","","","","","","","31.56","5,,,S","",""
"MAM00067027","2018-02","-15.667","46.352","26.5","PHILIBERT TSIRANANA, MA","","","","","","","","","","","","","","","0","2,S","26","2,S","18","2,S","","","","","34.0","2,S,02,","","","","","","","32.39","2,,,S","",""
"MAM00067027","2018-03","-15.667","46.352","26.5","PHILIBERT TSIRANANA, MA","","","","","","","","","","","","","","","0","2,S","29","2,S","25","2,S","","","","","34.3","2,S,25,+","","","","","","","33.09","2,,,S","",""
"MAM00067027","2018-04","-15.667","46.352","26.5","PHILIBERT TSIRANANA, MA","","","","","","","","","","","","","","","0",",S","30",",S","30",",S","","","","","35.0",",S,30,+","","","","","","","34.05",",,,S","",""
"MAM00067027","2018-05","-15.667","46.352","26.5","PHILIBERT TSIRANANA, MA","","","","","","","","","","","","","","","0","1,S","30","1,S","30","1,S","","","","","35.4","1,S,13,+","","","","","","","33.97","1,,,S","",""
"MAM00067027","2018-06","-15.667","46.352","26.5","PHILIBERT TSIRANANA, MA","","","","","","","","","","","","","","","0","3,S","27","3,S","21","3,S","","","","","33.8","3,S,11,","","","","","","","32.41","3,,,S","",""
"MAM00067027","2018-07","-15.667","46.352","26.5","PHILIBERT TSIRANANA, MA","","","","","","","","","","","","","","","0","1,S","30","1,S","10","1,S","","","","","33.3","1,S,28,+","","","","","","","31.81","1,,,S","",""
"MAM00067027","2018-08","-15.667","46.352","26.5","PHILIBERT TSIRANANA, MA","","","","","","","","","","","","","","","0",",S","31",",S","26",",S","","","","","34.9",",S,12,","","","","","","","32.84",",,,S","",""
"MAM00067027","2018-09","-15.667","46.352","26.5","PHILIBERT TSIRANANA, MA","","","","","","","","","","","","","","","0","1,S","29","1,S","26","1,S","","","","","37.0","1,S,20,+","","","","","","","34.51","1,,,S","",""
"MAM00067027","2018-10","-15.667","46.352","26.5","PHILIBERT TSIRANANA, MA","","","","","","","","","","","","","","","0","1,S","30","1,S","26","1,S","","","","","36.4","1,S,12,","","","","","","","33.86","1,,,S","",""
"MAM00067027","2018-11","-15.667","46.352","26.5","PHILIBERT TSIRANANA, MA","","","","","","","","","","","","","","","0","1,S","29","1,S","29","1,S","","","","","36.0","1,S,15,+","","","","","","","34.23","1,,,S","",""
"MAM00067027","2018-12","-15.667","46.352","26.5","PHILIBERT TSIRANANA, MA","","","","","","","","","","","","","","","0","2,S","29","2,S","26","2,S","","","","","35.0","2,S,15,+","","","","","","","33.47","2,,,S","",""
"MAM00067027","2019-01","-15.667","46.352","26.5","PHILIBERT TSIRANANA, MA","","","","","","","","","","","","","","","0","1,S","30","1,S","23","1,S","","","","","34.3","1,S,01,","","","","","","","32.70","1,,,S","",""
"MAM00067027","2019-02","-15.667","46.352","26.5","PHILIBERT TSIRANANA, MA","","","","","","","","","","","","","","","0","1,S","27","1,S","22","1,S","","","","","34.0","1,S,27,+","","","","","","","32.89","1,,,S","",""
"MAM00067027","2019-03","-15.667","46.352","26.5","PHILIBERT TSIRANANA, MA","","","","","","","","","","","","","","","0","3,S","28","3,S","20","3,S","","","","","34.5","3,S,04,+","","","","","","","32.82","3,,,S","",""
"MAM00067027","2019-04","-15.667","46.352","26.5","PHILIBERT TSIRANANA, MA","","","","","","","","","","","","","","","0","1,S","29","1,S","28","1,S","","","","","36.3","1,S,19,+","","","","","","","34.66","1,,,S","",""
"MAM00067027","2019-05","-15.667","46.352","26.5","PHILIBERT TSIRANANA, MA","","","","","","","","","","","","","","","0","2,S","29","2,S","24","2,S","","","","","34.8","2,S,06,+","","","","","","","33.15","2,,,S","",""
"MAM00067027","2019-06","-15.667","46.352","26.5","PHILIBERT TSIRANANA, MA","","","","","","","","","","","","","","","0","1,S","29","1,S","23","1,S","","","","","34.8","1,S,30,+","","","","","","","32.73","1,,,S","",""
"MAM00067027","2019-08","-15.667","46.352","26.5","PHILIBERT TSIRANANA, MA","","","","","","","","","","","","","","","0","3,S","28","3,S","28","3,S","","","","","35.0","3,S,23,+","","","","","","","33.94","3,,,S","",""
"MAM00067027","2019-09","-15.667","46.352","26.5","PHILIBERT TSIRANANA, MA","","","","","","","","","","","","","","","0","5,S","25","5,S","25","5,S","","","","","35.4","5,S,25,+","","","","","","","34.28","5,,,S","",""
"MAM00067027","2019-10","-15.667","46.352","26.5","PHILIBERT TSIRANANA, MA","","","","","","","","","","","","","","","0","3,S","28","3,S","28","3,S","","","","","37.0","3,S,25,+","","","","","","","35.42","3,,,S","",""
"MAM00067027","2019-11","-15.667","46.352","26.5","PHILIBERT TSIRANANA, MA","","","","","","","","","","","","","","","0","2,S","28","2,S","26","2,S","","","","","37.9","2,S,09,","","","","","","","34.74","2,,,S","",""
"MAM00067027","2019-12","-15.667","46.352","26.5","PHILIBERT TSIRANANA, MA","","","","","","","","","","","","","","","0",",S","31",",S","31",",S","","","","","36.6",",S,04,+","","","","","","","34.25",",,,S","",""
"MAM00067027","2020-01","-15.667","46.352","26.5","PHILIBERT TSIRANANA, MA","","","","","23","2,S","20","2,S","9","2,S","","","","","0","3,S","28","3,S","20","3,S","","","119.1","2,,S,23,","34.9","3,S,17,+","","","724.8","2,,,S","","","32.15","3,,,S","",""
"MAM00067027","2020-02","-15.667","46.352","26.5","PHILIBERT TSIRANANA, MA","","","","","","","","","","","","","","","0","2,S","27","2,S","24","2,S","","","","","35.0","2,S,04,+","","","","","","","33.41","2,,,S","",""
"MAM00067027","2020-09","-15.667","46.352","26.5","PHILIBERT TSIRANANA, MA","","","","","","","","","","","","","","","0","5,S","25","5,S","23","5,S","","","","","35.8","5,S,11,+","","","","","","","33.58","5,,,S","",""
"MAM00067027","2020-11","-15.667","46.352","26.5","PHILIBERT TSIRANANA, MA","","","","","","","","","","","","","","","0","2,S","28","2,S","28","2,S","","","","","36.2","2,S,24,","","","","","","","34.53","2,,,S","",""
"MAM00067027","2020-12","-15.667","46.352","26.5","PHILIBERT TSIRANANA, MA","","","","","","","","","","","","","","","0","1,S","30","1,S","25","1,S","","","","","35.5","1,S,19,+","","","","","","","33.61","1,,,S","",""
"MAM00067027","2021-01","-15.667","46.352","26.5","PHILIBERT TSIRANANA, MA","","","","","","","","","","","","","","","0","1,S","30","1,S","21","1,S","","","","","35.0","1,S,03,+","","","","","","","33.00","1,,,S","",""
"MAM00067027","2021-02","-15.667","46.352","26.5","PHILIBERT TSIRANANA, MA","","","","","18","5,S","12","5,S","1","5,S","","","","","","","","","","","","","35.1","5,,S,06,","","","","","181.7","5,,,S","","","","","",""
"MAM00067027","2021-04","-15.667","46.352","26.5","PHILIBERT TSIRANANA, MA","","","","","","","","","","","","","","","0","5,S","25","5,S","25","5,S","","","","","35.2","5,S,13,+","","","","","","","34.47","5,,,S","",""
