"STATION","DATE","LATITUDE","LONGITUDE","ELEVATION","NAME","CDSD","CDSD_ATTRIBUTES","CLDD","CLDD_ATTRIBUTES","DT00","DT00_ATTRIBUTES","DT32","DT32_ATTRIBUTES","DX32","DX32_ATTRIBUTES","DX70","DX70_ATTRIBUTES","DX90","DX90_ATTRIBUTES","EMNT","EMNT_ATTRIBUTES","EMXT","EMXT_ATTRIBUTES","HDSD","HDSD_ATTRIBUTES","HTDD","HTDD_ATTRIBUTES","TAVG","TAVG_ATTRIBUTES","TMAX","TMAX_ATTRIBUTES","TMIN","TMIN_ATTRIBUTES"
"NOE00156803","2002-08","59.5667","9.2106","20.0","NOTODDEN FLYPLASS, NO","","","21.4","4,E","0","4,E","0","4,E","0","4,E","25","4,E","0","4,E","7.3","4,E,29,","28.9","4,E,01,","","","11.6","4,E","18.69","4,E","25.41","4,,,E","11.97","4,,,E"
"NOE00156803","2002-09","59.5667","9.2106","20.0","NOTODDEN FLYPLASS, NO","","","0.0",",E","0",",E","1",",E","0",",E","10",",E","0",",E","-0.4",",E,23,","27.4",",E,13,","","","170.4",",E","12.65",",E","18.95",",,,E","6.36",",,,E"
"NOE00156803","2002-10","59.5667","9.2106","20.0","NOTODDEN FLYPLASS, NO","","","0.0",",E","0",",E","15",",E","0",",E","0",",E","0",",E","-7.4",",E,30,","12.9",",E,02,+","","","474.4",",E","3.03",",E","6.08",",,,E","-0.03",",,,E"
"NOE00156803","2002-11","59.5667","9.2106","20.0","NOTODDEN FLYPLASS, NO","","","0.0",",E","0",",E","30",",E","16",",E","0",",E","0",",E","-16.6",",E,20,","9.2",",E,01,","","","639.8",",E","-3.00",",E","-0.15",",,,E","-5.84",",,,E"
"NOE00156803","2002-12","59.5667","9.2106","20.0","NOTODDEN FLYPLASS, NO","","","0.0",",E","12",",E","31",",E","28",",E","0",",E","0",",E","-29.1",",E,31,","3.2",",E,20,","","","851.0",",E","-9.12",",E","-5.98",",,,E","-12.26",",,,E"
"NOE00156803","2003-01","59.5667","9.2106","20.0","NOTODDEN FLYPLASS, NO","0.0","E","0.0",",E","10",",E","30",",E","14",",E","0",",E","0",",E","-29.7",",E,04,","7.5",",E,27,","","","778.1",",E","-6.77",",E","-2.17",",,,E","-11.36",",,,E"
"NOE00156803","2003-02","59.5667","9.2106","20.0","NOTODDEN FLYPLASS, NO","0.0","E","0.0",",E","1",",E","26",",E","12",",E","0",",E","0",",E","-17.9",",E,01,","6.0",",E,27,","","","647.8",",E","-4.80",",E","0.45",",,,E","-10.06",",,,E"
"NOE00156803","2003-03","59.5667","9.2106","20.0","NOTODDEN FLYPLASS, NO","0.0","E","0.0",",E","0",",E","31",",E","4",",E","0",",E","0",",E","-14.2",",E,01,","14.0",",E,26,","","","535.1",",E","1.07",",E","6.90",",,,E","-4.75",",,,E"
"NOE00156803","2003-04","59.5667","9.2106","20.0","NOTODDEN FLYPLASS, NO","0.0","E","0.0",",E","0",",E","21",",E","0",",E","0",",E","0",",E","-5.7",",E,09,+","20.2",",E,23,","","","385.1",",E","5.50",",E","11.94",",,,E","-0.94",",,,E"
"NOE00156803","2003-05","59.5667","9.2106","20.0","NOTODDEN FLYPLASS, NO","0.0","E","0.0",",E","0",",E","3",",E","0",",E","1",",E","0",",E","-1.3",",E,04,","23.8",",E,31,","","","272.7",",E","9.54",",E","14.61",",,,E","4.47",",,,E"
"NOE00156803","2003-06","59.5667","9.2106","20.0","NOTODDEN FLYPLASS, NO","1.3","E","1.3",",E","0",",E","0",",E","0",",E","15",",E","0",",E","5.4",",E,02,+","25.8",",E,27,","","","93.2",",E","15.27",",E","21.43",",,,E","9.11",",,,E"
"NOE00156803","2003-07","59.5667","9.2106","20.0","NOTODDEN FLYPLASS, NO","21.5","E","20.2",",E","0",",E","0",",E","0",",E","27",",E","0",",E","7.3",",E,29,","29.3",",E,17,+","32.4","E","32.4",",E","17.94",",E","23.75",",,,E","12.12",",,,E"
"NOE00156803","2003-08","59.5667","9.2106","20.0","NOTODDEN FLYPLASS, NO","33.6","E","12.1",",E","0",",E","0",",E","0",",E","22",",E","0",",E","2.9",",E,28,","28.2",",E,10,","105.4","E","73.0",",E","16.37",",E","22.51",",,,E","10.23",",,,E"
"NOE00156803","2003-09","59.5667","9.2106","20.0","NOTODDEN FLYPLASS, NO","33.6","E","0.0",",E","0",",E","3",",E","0",",E","4",",E","0",",E","-1.2",",E,24,","23.7",",E,04,","300.3","E","194.9",",E","11.84",",E","17.28",",,,E","6.39",",,,E"
"NOE00156803","2003-10","59.5667","9.2106","20.0","NOTODDEN FLYPLASS, NO","33.6","E","0.0",",E","0",",E","24",",E","1",",E","0",",E","0",",E","-10.8",",E,24,","14.7",",E,02,","797.2","E","496.9",",E","2.30",",E","7.67",",,,E","-3.06",",,,E"
"NOE00156803","2003-11","59.5667","9.2106","20.0","NOTODDEN FLYPLASS, NO","33.6","E","0.0",",E","0",",E","19",",E","3",",E","0",",E","0",",E","-9.7",",E,24,","9.5",",E,03,","1318.9","E","521.7",",E","0.94",",E","3.23",",,,E","-1.35",",,,E"
"NOE00156803","2003-12","59.5667","9.2106","20.0","NOTODDEN FLYPLASS, NO","33.6","E","0.0",",E","0",",E","28",",E","13",",E","0",",E","0",",E","-17.7",",E,23,","9.4",",E,05,","1978.8","E","659.9",",E","-2.95",",E","0.70",",,,E","-6.60",",,,E"
"NOE00156803","2004-01","59.5667","9.2106","20.0","NOTODDEN FLYPLASS, NO","0.0","E","0.0",",E","5",",E","31",",E","25",",E","0",",E","0",",E","-21.3",",E,22,","3.0",",E,11,","2751.2","E","772.4",",E","-6.58",",E","-3.25",",,,E","-9.92",",,,E"
"NOE00156803","2004-02","59.5667","9.2106","20.0","NOTODDEN FLYPLASS, NO","0.0","E","0.0",",E","2",",E","29",",E","13",",E","0",",E","0",",E","-20.9",",E,01,","10.6",",E,04,","3429.1","E","677.9",",E","-5.04",",E","1.26",",,,E","-11.34",",,,E"
"NOE00156803","2004-03","59.5667","9.2106","20.0","NOTODDEN FLYPLASS, NO","0.0","E","0.0",",E","1",",E","28",",E","2",",E","0",",E","0",",E","-18.8",",E,05,","15.2",",E,30,","3955.7","E","526.6",",E","1.35",",E","7.20",",,,E","-4.51",",,,E"
"NOE00156803","2004-04","59.5667","9.2106","20.0","NOTODDEN FLYPLASS, NO","0.0","E","0.0",",E","0",",E","11",",E","0",",E","0",",E","0",",E","-5.7",",E,03,","19.2",",E,24,","4300.5","E","344.8",",E","6.84",",E","11.89",",,,E","1.78",",,,E"
"NOE00156803","2004-05","59.5667","9.2106","20.0","NOTODDEN FLYPLASS, NO","0.0","E","0.0",",E","0",",E","2",",E","0",",E","5",",E","0",",E","-1.7",",E,23,+","24.2",",E,09,","4519.7","E","219.2",",E","11.26",",E","17.48",",,,E","5.04",",,,E"
"NOE00156803","2004-06","59.5667","9.2106","20.0","NOTODDEN FLYPLASS, NO","0.0","E","0.0",",E","0",",E","0",",E","0",",E","12",",E","0",",E","3.7",",E,01,","24.1",",E,13,","4650.1","E","130.4",",E","13.99",",E","19.64",",,,E","8.33",",,,E"
"NOE00156803","2004-07","59.5667","9.2106","20.0","NOTODDEN FLYPLASS, NO","1.3","E","1.3",",E","0",",E","0",",E","0",",E","14",",E","0",",E","4.7",",E,26,+","27.0",",E,31,","103.2","E","103.2",",E","15.04",",E","21.12",",,,E","8.96",",,,E"
"NOE00156803","2004-08","59.5667","9.2106","20.0","NOTODDEN FLYPLASS, NO","24.0","E","22.7",",E","0",",E","0",",E","0",",E","17",",E","0",",E","2.5",",E,23,","30.1",",E,10,","178.5","E","75.3",",E","16.63",",E","22.27",",,,E","11.00",",,,E"
"NOE00156803","2004-09","59.5667","9.2106","20.0","NOTODDEN FLYPLASS, NO","24.0","E","0.0",",E","0",",E","3",",E","0",",E","4",",E","0",",E","-1.1",",E,30,","23.9",",E,09,","383.3","E","204.8",",E","11.51",",E","17.97",",,,E","5.04",",,,E"
"NOE00156803","2004-10","59.5667","9.2106","20.0","NOTODDEN FLYPLASS, NO","24.0","E","0.0",",E","0",",E","8",",E","0",",E","0",",E","0",",E","-4.4",",E,28,","13.6",",E,03,","778.0","E","394.7",",E","5.60",",E","8.75",",,,E","2.45",",,,E"
"NOE00156803","2004-11","59.5667","9.2106","20.0","NOTODDEN FLYPLASS, NO","24.0","E","0.0",",E","0",",E","27",",E","11",",E","0",",E","0",",E","-16.1",",E,24,+","14.0",",E,15,","1379.4","E","601.4",",E","-1.71",",E","2.22",",,,E","-5.65",",,,E"
"NOE00156803","2004-12","59.5667","9.2106","20.0","NOTODDEN FLYPLASS, NO","24.0","E","0.0",",E","0",",E","30",",E","15",",E","0",",E","0",",E","-15.6",",E,27,","8.8",",E,15,","2037.4","E","658.0",",E","-2.89",",E","1.31",",,,E","-7.10",",,,E"
"NOE00156803","2005-01","59.5667","9.2106","20.0","NOTODDEN FLYPLASS, NO","0.0","E","0.0",",E","0",",E","27",",E","11",",E","0",",E","0",",E","-14.8",",E,22,","11.1",",E,10,+","2634.2","E","596.8",",E","-0.92",",E","3.03",",,,E","-4.86",",,,E"
"NOE00156803","2005-02","59.5667","9.2106","20.0","NOTODDEN FLYPLASS, NO","0.0","E","0.0",",E","0",",E","26",",E","4",",E","0",",E","0",",E","-12.4",",E,24,","7.0",",E,05,","3171.4","E","537.2",",E","-0.85",",E","3.03",",,,E","-4.73",",,,E"
"NOE00156803","2005-03","59.5667","9.2106","20.0","NOTODDEN FLYPLASS, NO","0.0","E","0.0",",E","1",",E","29",",E","4",",E","0",",E","0",",E","-18.2",",E,15,","14.9",",E,28,+","3748.2","E","576.8",",E","-0.27",",E","5.80",",,,E","-6.35",",,,E"
"NOE00156803","2005-04","59.5667","9.2106","20.0","NOTODDEN FLYPLASS, NO","0.0","E","0.0",",E","0",",E","18",",E","0",",E","0",",E","0",",E","-4.1",",E,01,","17.7",",E,11,","4088.7","E","340.5",",E","6.98",",E","13.88",",,,E","0.09",",,,E"
"NOE00156803","2005-05","59.5667","9.2106","20.0","NOTODDEN FLYPLASS, NO","0.0","E","0.0",",E","0",",E","5",",E","0",",E","0",",E","0",",E","-2.3",",E,08,","20.5",",E,15,","4351.8","E","263.1",",E","9.85",",E","15.78",",,,E","3.91",",,,E"
"NOE00156803","2005-06","59.5667","9.2106","20.0","NOTODDEN FLYPLASS, NO","4.8","E","4.8",",E","0",",E","0",",E","0",",E","14",",E","0",",E","1.6",",E,07,","27.8",",E,23,","4467.1","E","115.3",",E","14.65",",E","20.39",",,,E","8.91",",,,E"
"NOE00156803","2005-07","59.5667","9.2106","20.0","NOTODDEN FLYPLASS, NO","36.3","E","31.5",",E","0",",E","0",",E","0",",E","26",",E","0",",E","8.3",",E,26,","32.1",",E,12,","25.6","E","25.6",",E","18.52",",E","24.41",",,,E","12.64",",,,E"
"NOE00156803","2005-08","59.5667","9.2106","20.0","NOTODDEN FLYPLASS, NO","42.6","E","6.3",",E","0",",E","0",",E","0",",E","18",",E","0",",E","3.0",",E,27,","27.4",",E,10,","98.0","E","72.4",",E","16.20",",E","21.66",",,,E","10.74",",,,E"
"NOE00156803","2005-09","59.5667","9.2106","20.0","NOTODDEN FLYPLASS, NO","42.6","E","0.0",",E","0",",E","3",",E","0",",E","4",",E","0",",E","-2.2",",E,17,","24.6",",E,06,","282.4","E","184.4",",E","12.19",",E","17.92",",,,E","6.45",",,,E"
"NOE00156803","2005-10","59.5667","9.2106","20.0","NOTODDEN FLYPLASS, NO","42.6","E","0.0",",E","0",",E","11",",E","0",",E","0",",E","0",",E","-5.2",",E,24,","18.8",",E,04,","634.8","E","352.4",",E","6.96",",E","11.54",",,,E","2.39",",,,E"
"NOE00156803","2005-11","59.5667","9.2106","20.0","NOTODDEN FLYPLASS, NO","42.6","E","0.0",",E","0",",E","14",",E","6",",E","0",",E","0",",E","-10.7",",E,30,","15.7",",E,15,","1094.2","E","459.4",",E","3.02",",E","6.13",",,,E","-0.09",",,,E"
"NOE00156803","2005-12","59.5667","9.2106","20.0","NOTODDEN FLYPLASS, NO","42.6","E","0.0","1,E","0",",E","27",",E","17","1,E","0","1,E","0","1,E","-14.0",",E,25,","8.3","1,E,15,","1733.6","E","639.4","1,E","-3.11","1,E","-0.03","1,,,E","-6.19",",,,E"
"NOE00156803","2006-01","59.5667","9.2106","20.0","NOTODDEN FLYPLASS, NO","0.0","E","0.0",",E","0",",E","27",",E","20",",E","0",",E","0",",E","-16.6",",E,28,","6.9",",E,11,","2430.0","E","696.4",",E","-4.13",",E","-1.17",",,,E","-7.09",",,,E"
"NOE00156803","2006-02","59.5667","9.2106","20.0","NOTODDEN FLYPLASS, NO","0.0","E","0.0",",E","2",",E","28",",E","12",",E","0",",E","0",",E","-21.0",",E,12,","6.7",",E,24,","3072.9","E","642.9",",E","-4.63",",E","0.24",",,,E","-9.49",",,,E"
"NOE00156803","2006-03","59.5667","9.2106","20.0","NOTODDEN FLYPLASS, NO","0.0","E","0.0",",E","4",",E","29",",E","9",",E","0",",E","0",",E","-23.5",",E,07,","10.4",",E,17,","3764.2","E","691.3",",E","-3.97",",E","2.59",",,,E","-10.53",",,,E"
"NOE00156803","2006-04","59.5667","9.2106","20.0","NOTODDEN FLYPLASS, NO","0.0","E","0.0",",E","0",",E","20",",E","0",",E","0",",E","0",",E","-5.5",",E,01,","15.7",",E,24,","4173.4","E","409.2",",E","4.69",",E","10.04",",,,E","-0.66",",,,E"
"NOE00156803","2006-05","59.5667","9.2106","20.0","NOTODDEN FLYPLASS, NO","0.0","E","0.0",",E","0",",E","2",",E","0",",E","7",",E","0",",E","-0.8",",E,16,","26.2",",E,09,","4398.7","E","225.3",",E","11.07",",E","16.77",",,,E","5.36",",,,E"
"NOE00156803","2006-06","59.5667","9.2106","20.0","NOTODDEN FLYPLASS, NO","9.4","E","9.4",",E","0",",E","0",",E","0",",E","20",",E","0",",E","3.6",",E,04,","29.8",",E,12,","4466.9","E","68.2",",E","16.37",",E","23.29",",,,E","9.45",",,,E"
"NOE00156803","2006-07","59.5667","9.2106","20.0","NOTODDEN FLYPLASS, NO","67.5","E","58.1",",E","0",",E","0",",E","0",",E","31",",E","0",",E","7.6",",E,15,","31.5",",E,26,+","10.0","E","10.0",",E","19.89",",E","27.03",",,,E","12.74",",,,E"
"NOE00156803","2006-08","59.5667","9.2106","20.0","NOTODDEN FLYPLASS, NO","80.7","E","13.2",",E","0",",E","0",",E","0",",E","24",",E","0",",E","5.6",",E,30,","30.3",",E,05,","36.1","E","26.1",",E","17.91",",E","23.42",",,,E","12.41",",,,E"
"NOE00156803","2006-09","59.5667","9.2106","20.0","NOTODDEN FLYPLASS, NO","81.6","E","0.9",",E","0",",E","0",",E","0",",E","10",",E","0",",E","3.0",",E,08,","24.4",",E,21,","146.1","E","110.0",",E","14.70",",E","19.50",",,,E","9.89",",,,E"
"NOE00156803","2006-10","59.5667","9.2106","20.0","NOTODDEN FLYPLASS, NO","81.6","E","0.0",",E","0",",E","4",",E","0",",E","0",",E","0",",E","-1.6",",E,30,","18.2",",E,10,","469.1","E","323.0",",E","7.91",",E","10.75",",,,E","5.08",",,,E"
"NOE00156803","2006-11","59.5667","9.2106","20.0","NOTODDEN FLYPLASS, NO","81.6","E","0.0",",E","0",",E","20",",E","1",",E","0",",E","0",",E","-7.8",",E,03,","14.8",",E,07,","943.7","E","474.6",",E","2.51",",E","6.52",",,,E","-1.49",",,,E"
"NOE00156803","2006-12","59.5667","9.2106","20.0","NOTODDEN FLYPLASS, NO","81.6","E","0.0",",E","0",",E","21",",E","10",",E","0",",E","0",",E","-11.2",",E,29,","12.5",",E,14,","1487.5","E","543.8",",E","0.79",",E","4.14",",,,E","-2.56",",,,E"
"NOE00156803","2007-01","59.5667","9.2106","20.0","NOTODDEN FLYPLASS, NO","0.0","E","0.0",",E","3",",E","31",",E","14",",E","0",",E","0",",E","-20.4",",E,25,","10.4",",E,16,+","2156.7","E","669.2",",E","-3.25",",E","1.19",",,,E","-7.70",",,,E"
"NOE00156803","2007-02","59.5667","9.2106","20.0","NOTODDEN FLYPLASS, NO","0.0","E","0.0",",E","1",",E","27",",E","15",",E","0",",E","0",",E","-22.8",",E,11,","7.9",",E,02,","2785.8","E","629.1",",E","-4.14",",E","-1.01",",,,E","-7.26",",,,E"
"NOE00156803","2007-03","59.5667","9.2106","20.0","NOTODDEN FLYPLASS, NO","0.0","E","0.0",",E","0",",E","23",",E","0",",E","0",",E","0",",E","-5.8",",E,22,+","16.8",",E,27,","3229.8","E","444.0",",E","4.01",",E","9.66",",,,E","-1.64",",,,E"
"NOE00156803","2007-04","59.5667","9.2106","20.0","NOTODDEN FLYPLASS, NO","0.0","E","0.0",",E","0",",E","16",",E","0",",E","2",",E","0",",E","-4.9",",E,21,","21.5",",E,29,","3547.6","E","317.8",",E","7.74",",E","14.79",",,,E","0.69",",,,E"
"NOE00156803","2007-05","59.5667","9.2106","20.0","NOTODDEN FLYPLASS, NO","0.0","E","0.0",",E","0",",E","4",",E","0",",E","3",",E","0",",E","-1.3",",E,10,","24.3",",E,03,","3782.0","E","234.4",",E","10.77",",E","16.75",",,,E","4.79",",,,E"
"NOE00156803","2007-06","59.5667","9.2106","20.0","NOTODDEN FLYPLASS, NO","13.8","E","13.8",",E","0",",E","0",",E","0",",E","19",",E","0",",E","2.3",",E,15,","32.1",",E,10,","3845.9","E","63.9",",E","16.66",",E","23.35",",,,E","9.98",",,,E"
"NOE00156803","2007-07","59.5667","9.2106","20.0","NOTODDEN FLYPLASS, NO","17.7","E","3.9",",E","0",",E","0",",E","0",",E","13",",E","0",",E","5.9",",E,30,","26.1",",E,25,","68.3","E","68.3",",E","16.25",",E","20.67",",,,E","11.84",",,,E"
"NOE00156803","2007-08","59.5667","9.2106","20.0","NOTODDEN FLYPLASS, NO","29.9","E","12.2",",E","0",",E","0",",E","0",",E","18",",E","0",",E","1.8",",E,28,","27.7",",E,23,","142.9","E","74.6",",E","16.32",",E","21.93",",,,E","10.70",",,,E"
"NOE00156803","2007-09","59.5667","9.2106","20.0","NOTODDEN FLYPLASS, NO","29.9","E","0.0",",E","0",",E","2",",E","0",",E","1",",E","0",",E","-0.6",",E,18,","22.6",",E,07,","374.0","E","231.1",",E","10.63",",E","16.26",",,,E","4.99",",,,E"
"NOE00156803","2007-10","59.5667","9.2106","20.0","NOTODDEN FLYPLASS, NO","29.9","E","0.0",",E","0",",E","12",",E","0",",E","0",",E","0",",E","-5.3",",E,26,","17.0",",E,01,","737.3","E","363.3",",E","6.61",",E","11.63",",,,E","1.59",",,,E"
"NOE00156803","2007-11","59.5667","9.2106","20.0","NOTODDEN FLYPLASS, NO","29.9","E","0.0",",E","0",",E","28",",E","3",",E","0",",E","0",",E","-10.6",",E,15,","14.8",",E,03,","1287.2","E","549.9",",E","0.00",",E","4.00",",,,E","-4.00",",,,E"
"NOE00156803","2007-12","59.5667","9.2106","20.0","NOTODDEN FLYPLASS, NO","29.9","E","0.0",",E","2",",E","28",",E","17",",E","0",",E","0",",E","-18.6",",E,19,","8.5",",E,06,","2037.4","E","750.2",",E","-5.87",",E","-2.88",",,,E","-8.85",",,,E"
"NOE00156803","2008-01","59.5667","9.2106","20.0","NOTODDEN FLYPLASS, NO","0.0","E","0.0",",E","0",",E","28",",E","8",",E","0",",E","0",",E","-12.4",",E,22,","8.7",",E,29,","2640.1","E","602.7",",E","-1.11",",E","2.21",",,,E","-4.43",",,,E"
"NOE00156803","2008-02","59.5667","9.2106","20.0","NOTODDEN FLYPLASS, NO","0.0","E","0.0",",E","0",",E","23",",E","4",",E","0",",E","0",",E","-14.0",",E,15,","12.4",",E,18,","3141.8","E","501.7",",E","1.03",",E","5.43",",,,E","-3.36",",,,E"
"NOE00156803","2008-03","59.5667","9.2106","20.0","NOTODDEN FLYPLASS, NO","0.0","E","0.0",",E","0",",E","22",",E","2",",E","0",",E","0",",E","-16.8",",E,23,","10.2",",E,31,","3682.6","E","540.8",",E","0.89",",E","5.36",",,,E","-3.59",",,,E"
"NOE00156803","2008-04","59.5667","9.2106","20.0","NOTODDEN FLYPLASS, NO","0.0","E","0.0",",E","0",",E","19",",E","0",",E","0",",E","0",",E","-3.0",",E,10,","17.9",",E,21,","4051.6","E","369.0",",E","6.03",",E","11.71",",,,E","0.35",",,,E"
"NOE00156803","2008-05","59.5667","9.2106","20.0","NOTODDEN FLYPLASS, NO","0.3","E","0.3",",E","0",",E","3",",E","0",",E","12",",E","0",",E","-1.0",",E,18,","27.5",",E,31,","4261.0","E","209.4",",E","11.59",",E","19.53",",,,E","3.65",",,,E"
"NOE00156803","2008-06","59.5667","9.2106","20.0","NOTODDEN FLYPLASS, NO","2.2","E","1.9",",E","0",",E","0",",E","0",",E","15",",E","0",",E","3.3",",E,25,","29.2",",E,07,+","4365.9","E","104.9",",E","14.90",",E","21.56",",,,E","8.24",",,,E"
"NOE00156803","2008-07","59.5667","9.2106","20.0","NOTODDEN FLYPLASS, NO","33.5","E","31.3",",E","0",",E","0",",E","0",",E","23",",E","0",",E","5.1",",E,17,","31.9",",E,28,","47.1","E","47.1",",E","17.82",",E","24.77",",,,E","10.87",",,,E"
"NOE00156803","2008-08","59.5667","9.2106","20.0","NOTODDEN FLYPLASS, NO","36.9","E","3.4",",E","0",",E","0",",E","0",",E","16",",E","0",",E","5.6",",E,29,","27.8",",E,01,","132.2","E","85.1",",E","15.70",",E","20.96",",,,E","10.43",",,,E"
"NOE00156803","2008-09","59.5667","9.2106","20.0","NOTODDEN FLYPLASS, NO","36.9","E","0.0",",E","0",",E","0",",E","0",",E","0",",E","0",",E","0.7",",E,29,","19.2",",E,27,","356.3","E","224.1",",E","10.86",",E","15.43",",,,E","6.30",",,,E"
"NOE00156803","2008-10","59.5667","9.2106","20.0","NOTODDEN FLYPLASS, NO","36.9","E","0.0",",E","0",",E","12",",E","1",",E","0",",E","0",",E","-4.7",",E,29,","17.8",",E,11,","731.4","E","375.1",",E","6.23",",E","10.78",",,,E","1.69",",,,E"
"NOE00156803","2008-11","59.5667","9.2106","20.0","NOTODDEN FLYPLASS, NO","36.9","E","0.0",",E","0",",E","25",",E","1",",E","0",",E","0",",E","-10.3",",E,24,","11.6",",E,27,","1270.6","E","539.2",",E","0.36",",E","4.50",",,,E","-3.78",",,,E"
"NOE00156803","2008-12","59.5667","9.2106","20.0","NOTODDEN FLYPLASS, NO","36.9","E","0.0",",E","0",",E","31",",E","21",",E","0",",E","0",",E","-16.4",",E,10,","8.9",",E,18,","1964.6","E","694.0",",E","-4.05",",E","-1.01",",,,E","-7.09",",,,E"
"NOE00156803","2009-01","59.5667","9.2106","20.0","NOTODDEN FLYPLASS, NO","0.0","E","0.0",",E","1",",E","28",",E","18",",E","0",",E","0",",E","-20.9",",E,05,","11.0",",E,12,","2681.6","E","717.0",",E","-4.80",",E","-1.25",",,,E","-8.34",",,,E"
"NOE00156803","2009-02","59.5667","9.2106","20.0","NOTODDEN FLYPLASS, NO","0.0","E","0.0",",E","7",",E","28",",E","22",",E","0",",E","0",",E","-24.6",",E,09,","6.7",",E,26,","3406.1","E","724.5",",E","-7.54",",E","-2.68",",,,E","-12.41",",,,E"
"NOE00156803","2009-03","59.5667","9.2106","20.0","NOTODDEN FLYPLASS, NO","0.0","E","0.0",",E","0",",E","25",",E","1",",E","0",",E","0",",E","-7.6",",E,26,","13.9",",E,31,","3919.5","E","513.4",",E","1.77",",E","6.03",",,,E","-2.48",",,,E"
"NOE00156803","2009-04","59.5667","9.2106","20.0","NOTODDEN FLYPLASS, NO","0.0","E","0.0",",E","0",",E","12",",E","0",",E","0",",E","0",",E","-3.2",",E,04,","20.5",",E,24,","4221.3","E","301.8",",E","8.27",",E","14.97",",,,E","1.57",",,,E"
"NOE00156803","2009-05","59.5667","9.2106","20.0","NOTODDEN FLYPLASS, NO","0.0","E","0.0",",E","0",",E","1",",E","0",",E","7",",E","0",",E","-0.2",",E,04,","26.3",",E,31,","4435.4","E","214.1",",E","11.43",",E","18.05",",,,E","4.80",",,,E"
"NOE00156803","2009-06","59.5667","9.2106","20.0","NOTODDEN FLYPLASS, NO","13.1","E","13.1",",E","0",",E","0",",E","0",",E","14",",E","0",",E","2.1",",E,04,","30.9",",E,28,","4548.0","E","112.6",",E","15.02",",E","21.91",",,,E","8.12",",,,E"
"NOE00156803","2009-07","59.5667","9.2106","20.0","NOTODDEN FLYPLASS, NO","33.2","E","20.1",",E","0",",E","0",",E","0",",E","18",",E","1",",E","7.3",",E,22,","32.7",",E,03,","50.0","E","50.0",",E","17.37",",E","22.29",",,,E","12.44",",,,E"
"NOE00156803","2009-08","59.5667","9.2106","20.0","NOTODDEN FLYPLASS, NO","37.8","E","4.6",",E","0",",E","0",",E","0",",E","15",",E","0",",E","4.9",",E,14,","26.1",",E,07,","133.8","E","83.8",",E","15.78",",E","21.11",",,,E","10.45",",,,E"
"NOE00156803","2009-09","59.5667","9.2106","20.0","NOTODDEN FLYPLASS, NO","37.8","E","0.0",",E","0",",E","2",",E","0",",E","1",",E","0",",E","-2.9",",E,30,","21.5",",E,26,","323.3","E","189.5",",E","12.02",",E","18.23",",,,E","5.81",",,,E"
"NOE00156803","2009-10","59.5667","9.2106","20.0","NOTODDEN FLYPLASS, NO","37.8","E","0.0",",E","0",",E","21",",E","2",",E","0",",E","0",",E","-6.7",",E,14,","12.9",",E,07,","798.2","E","474.9",",E","3.01",",E","7.44",",,,E","-1.41",",,,E"
"NOE00156803","2009-11","59.5667","9.2106","20.0","NOTODDEN FLYPLASS, NO","37.8","E","0.0",",E","0",",E","17",",E","0",",E","0",",E","0",",E","-4.3",",E,29,","11.3",",E,20,","1289.4","E","491.2",",E","1.96",",E","4.11",",,,E","-0.19",",,,E"
"NOE00156803","2009-12","59.5667","9.2106","20.0","NOTODDEN FLYPLASS, NO","37.8","E","0.0",",E","7",",E","26",",E","23",",E","0",",E","0",",E","-24.7",",E,30,","3.7",",E,07,","2078.2","E","788.8",",E","-7.11",",E","-4.28",",,,E","-9.95",",,,E"
"NOE00156803","2010-01","59.5667","9.2106","20.0","NOTODDEN FLYPLASS, NO","0.0","E","0.0",",E","11",",E","31",",E","31",",E","0",",E","0",",E","-29.1",",E,09,","-1.9",",E,22,","2999.8","E","921.6",",E","-11.40",",E","-7.93",",,,E","-14.87",",,,E"
"NOE00156803","2010-02","59.5667","9.2106","20.0","NOTODDEN FLYPLASS, NO","0.0","E","0.0",",E","6",",E","28",",E","24",",E","0",",E","0",",E","-24.4",",E,01,","2.3",",E,14,","3735.1","E","735.3",",E","-7.93",",E","-3.61",",,,E","-12.25",",,,E"
"NOE00156803","2010-03","59.5667","9.2106","20.0","NOTODDEN FLYPLASS, NO","0.0","E","0.0",",E","3",",E","23",",E","2",",E","0",",E","0",",E","-23.3",",E,06,","9.8",",E,23,","4328.4","E","593.3",",E","-0.81",",E","5.66",",,,E","-7.27",",,,E"
"NOE00156803","2010-04","59.5667","9.2106","20.0","NOTODDEN FLYPLASS, NO","0.0","E","0.0",",E","0",",E","19",",E","0",",E","0",",E","0",",E","-5.1",",E,22,","18.5",",E,29,","4717.9","E","389.5",",E","5.35",",E","11.47",",,,E","-0.77",",,,E"
"NOE00156803","2010-05","59.5667","9.2106","20.0","NOTODDEN FLYPLASS, NO","0.4","E","0.4",",E","0",",E","8",",E","0",",E","5",",E","0",",E","-3.7",",E,02,","25.5",",E,21,","4977.2","E","259.3",",E","9.98",",E","16.33",",,,E","3.64",",,,E"
"NOE00156803","2010-06","59.5667","9.2106","20.0","NOTODDEN FLYPLASS, NO","0.4","E","0.0",",E","0",",E","0",",E","0",",E","17",",E","0",",E","4.5",",E,04,","25.1",",E,26,+","5083.7","E","106.5",",E","14.78",",E","21.46",",,,E","8.11",",,,E"
"NOE00156803","2010-07","59.5667","9.2106","20.0","NOTODDEN FLYPLASS, NO","17.8","E","17.4",",E","0",",E","0",",E","0",",E","27",",E","0",",E","6.8",",E,23,","28.6",",E,10,","35.8","E","35.8",",E","17.74",",E","23.29",",,,E","12.19",",,,E"
"NOE00156803","2010-08","59.5667","9.2106","20.0","NOTODDEN FLYPLASS, NO","20.9","E","3.1",",E","0",",E","0",",E","0",",E","17",",E","0",",E","5.5",",E,31,","25.9",",E,08,","111.4","E","75.6",",E","15.99",",E","20.82",",,,E","11.16",",,,E"
"NOE00156803","2010-09","59.5667","9.2106","20.0","NOTODDEN FLYPLASS, NO","20.9","E","0.0",",E","0",",E","3",",E","0",",E","0",",E","0",",E","-2.7",",E,29,","20.7",",E,12,","340.8","E","229.4",",E","10.69",",E","16.26",",,,E","5.11",",,,E"
"NOE00156803","2010-10","59.5667","9.2106","20.0","NOTODDEN FLYPLASS, NO","20.9","E","0.0",",E","0",",E","18",",E","0",",E","0",",E","0",",E","-8.2",",E,26,","16.0",",E,07,","756.9","E","416.1",",E","4.91",",E","9.52",",,,E","0.30",",,,E"
"NOE00156803","2010-11","59.5667","9.2106","20.0","NOTODDEN FLYPLASS, NO","20.9","E","0.0",",E","0",",E","29",",E","15",",E","0",",E","0",",E","-17.4",",E,30,","9.9",",E,03,","1412.2","E","655.3",",E","-3.51",",E","-0.11",",,,E","-6.91",",,,E"
"NOE00156803","2010-12","59.5667","9.2106","20.0","NOTODDEN FLYPLASS, NO","20.9","E","0.0",",E","21",",E","31",",E","28",",E","0",",E","0",",E","-25.5",",E,25,","4.5",",E,12,","2431.0","E","1018.8",",E","-14.53",",E","-9.83",",,,E","-19.24",",,,E"
"NOE00156803","2011-01","59.5667","9.2106","20.0","NOTODDEN FLYPLASS, NO","0.0","E","0.0",",E","5",",E","31",",E","25",",E","0",",E","0",",E","-20.5",",E,27,","6.1",",E,01,","3241.1","E","810.1",",E","-7.80",",E","-3.75",",,,E","-11.85",",,,E"
"NOE00156803","2011-02","59.5667","9.2106","20.0","NOTODDEN FLYPLASS, NO","0.0","E","0.0",",E","5",",E","28",",E","20",",E","0",",E","0",",E","-26.4",",E,13,","5.5",",E,04,","3965.7","E","724.6",",E","-7.55",",E","-3.01",",,,E","-12.09",",,,E"
"NOE00156803","2011-03","59.5667","9.2106","20.0","NOTODDEN FLYPLASS, NO","0.0","E","0.0",",E","0",",E","27",",E","1",",E","0",",E","0",",E","-15.0",",E,02,","13.6",",E,21,","4534.3","E","568.6",",E","-0.01",",E","5.86",",,,E","-5.88",",,,E"
"NOE00156803","2011-04","59.5667","9.2106","20.0","NOTODDEN FLYPLASS, NO","0.0","E","0.0",",E","0",",E","6",",E","0",",E","3",",E","0",",E","-2.8",",E,04,","23.0",",E,25,","4809.0","E","274.7",",E","9.18",",E","16.90",",,,E","1.45",",,,E"
"NOE00156803","2011-05","59.5667","9.2106","20.0","NOTODDEN FLYPLASS, NO","0.0","E","0.0",",E","0",",E","2",",E","0",",E","2",",E","0",",E","-2.0",",E,04,","21.5",",E,10,+","5059.2","E","250.2",",E","10.26",",E","16.45",",,,E","4.07",",,,E"
"NOE00156803","2011-06","59.5667","9.2106","20.0","NOTODDEN FLYPLASS, NO","0.8","E","0.8",",E","0",",E","0",",E","0",",E","13",",E","0",",E","3.4",",E,01,","26.5",",E,03,","5143.8","E","84.6",",E","15.54",",E","20.89",",,,E","10.19",",,,E"
"NOE00156803","2011-07","59.5667","9.2106","20.0","NOTODDEN FLYPLASS, NO","13.7","E","12.9",",E","0",",E","0",",E","0",",E","17",",E","0",",E","7.6",",E,14,","28.5",",E,29,","41.2","E","41.2",",E","17.42",",E","21.90",",,,E","12.95",",,,E"
"NOE00156803","2011-08","59.5667","9.2106","20.0","NOTODDEN FLYPLASS, NO","24.5","E","10.8",",E","0",",E","0",",E","0",",E","13",",E","0",",E","4.7",",E,12,","27.5",",E,01,","120.6","E","79.4",",E","16.12",",E","21.28",",,,E","10.96",",,,E"
"NOE00156803","2011-09","59.5667","9.2106","20.0","NOTODDEN FLYPLASS, NO","24.5","E","0.0",",E","0",",E","0",",E","0",",E","3",",E","0",",E","1.5",",E,17,","23.9",",E,29,","295.2","E","174.6",",E","12.51",",E","17.29",",,,E","7.74",",,,E"
"NOE00156803","2011-10","59.5667","9.2106","20.0","NOTODDEN FLYPLASS, NO","24.5","E","0.0",",E","0",",E","11",",E","0",",E","0",",E","0",",E","-4.9",",E,21,","20.5",",E,01,","655.7","E","360.5",",E","6.70",",E","11.20",",,,E","2.21",",,,E"
"NOE00156803","2011-11","59.5667","9.2106","20.0","NOTODDEN FLYPLASS, NO","24.5","E","0.0",",E","0",",E","17",",E","4",",E","0",",E","0",",E","-9.0",",E,17,","13.0",",E,02,","1112.1","E","456.4",",E","3.12",",E","6.23",",,,E","0.01",",,,E"
"NOE00156803","2011-12","59.5667","9.2106","20.0","NOTODDEN FLYPLASS, NO","24.5","E","0.0",",E","0",",E","27",",E","12",",E","0",",E","0",",E","-12.6",",E,20,+","13.9",",E,27,","1740.4","E","628.3",",E","-1.93",",E","1.93",",,,E","-5.80",",,,E"
"NOE00156803","2012-01","59.5667","9.2106","20.0","NOTODDEN FLYPLASS, NO","0.0","E","0.0",",E","1",",E","31",",E","23",",E","0",",E","0",",E","-20.2",",E,31,","6.7",",E,12,","2464.1","E","723.7",",E","-5.01",",E","-1.80",",,,E","-8.22",",,,E"
"NOE00156803","2012-02","59.5667","9.2106","20.0","NOTODDEN FLYPLASS, NO","0.0","E","0.0",",E","4",",E","28",",E","13",",E","0",",E","0",",E","-22.4",",E,03,","12.7",",E,28,","3116.3","E","652.2",",E","-4.16",",E","0.85",",,,E","-9.17",",,,E"
"NOE00156803","2012-03","59.5667","9.2106","20.0","NOTODDEN FLYPLASS, NO","0.0","E","0.0",",E","0",",E","23",",E","0",",E","1",",E","0",",E","-6.2",",E,03,","21.5",",E,27,","3517.2","E","400.9",",E","5.40",",E","12.05",",,,E","-1.25",",,,E"
"NOE00156803","2012-04","59.5667","9.2106","20.0","NOTODDEN FLYPLASS, NO","0.0","E","0.0",",E","0",",E","14",",E","0",",E","0",",E","0",",E","-7.1",",E,04,","16.1",",E,29,","3923.3","E","406.1",",E","4.80",",E","9.51",",,,E","0.08",",,,E"
"NOE00156803","2012-05","59.5667","9.2106","20.0","NOTODDEN FLYPLASS, NO","6.1","E","6.1",",E","0",",E","5",",E","0",",E","9",",E","0",",E","-2.9",",E,06,","30.3",",E,25,","4126.8","E","203.5",",E","11.97",",E","18.33",",,,E","5.60",",,,E"
"NOE00156803","2012-06","59.5667","9.2106","20.0","NOTODDEN FLYPLASS, NO","6.1","E","0.0",",E","0",",E","0",",E","0",",E","3",",E","0",",E","1.0",",E,02,","22.6",",E,21,","4280.5","E","153.7",",E","13.21",",E","18.24",",,,E","8.18",",,,E"
"NOE00156803","2012-07","59.5667","9.2106","20.0","NOTODDEN FLYPLASS, NO","15.5","E","9.4",",E","0",",E","0",",E","0",",E","13",",E","0",",E","5.4",",E,17,","26.0",",E,05,","76.9","E","76.9",",E","16.16",",E","21.14",",,,E","11.17",",,,E"
"NOE00156803","2012-08","59.5667","9.2106","20.0","NOTODDEN FLYPLASS, NO","17.5","E","2.0",",E","0",",E","0",",E","0",",E","17",",E","0",",E","6.1",",E,31,","26.8",",E,19,","152.0","E","75.1",",E","15.98",",E","21.46",",,,E","10.49",",,,E"
"NOE00156803","2012-09","59.5667","9.2106","20.0","NOTODDEN FLYPLASS, NO","17.5","E","0.0",",E","0",",E","3",",E","0",",E","3",",E","0",",E","-1.8",",E,21,","22.2",",E,04,","375.1","E","223.1",",E","10.90",",E","16.17",",,,E","5.62",",,,E"
"NOE00156803","2012-10","59.5667","9.2106","20.0","NOTODDEN FLYPLASS, NO","17.5","E","0.0",",E","0",",E","13",",E","0",",E","0",",E","0",",E","-9.7",",E,30,","16.8",",E,02,","808.1","E","433.0",",E","4.37",",E","8.27",",,,E","0.46",",,,E"
"NOE00156803","2012-11","59.5667","9.2106","20.0","NOTODDEN FLYPLASS, NO","17.5","E","0.0",",E","0",",E","16",",E","3",",E","0",",E","0",",E","-6.4",",E,30,","10.4",",E,20,","1301.0","E","492.9",",E","1.90",",E","4.28",",,,E","-0.48",",,,E"
"NOE00156803","2012-12","59.5667","9.2106","20.0","NOTODDEN FLYPLASS, NO","17.5","E","0.0",",E","4",",E","31",",E","25",",E","0",",E","0",",E","-20.4",",E,11,","5.8",",E,30,","2105.4","E","804.4",",E","-7.61",",E","-4.50",",,,E","-10.73",",,,E"
"NOE00156803","2013-01","59.5667","9.2106","20.0","NOTODDEN FLYPLASS, NO","0.0","E","0.0",",E","10",",E","31",",E","27",",E","0",",E","0",",E","-24.3",",E,23,","4.5",",E,30,","2961.5","E","856.1",",E","-9.28",",E","-5.05",",,,E","-13.51",",,,E"
"NOE00156803","2013-02","59.5667","9.2106","20.0","NOTODDEN FLYPLASS, NO","0.0","E","0.0",",E","4",",E","28",",E","17",",E","0",",E","0",",E","-22.1",",E,09,","9.5",",E,28,","3632.2","E","670.7",",E","-5.62",",E","-0.64",",,,E","-10.60",",,,E"
"NOE00156803","2013-03","59.5667","9.2106","20.0","NOTODDEN FLYPLASS, NO","0.0","E","0.0",",E","3",",E","31",",E","6",",E","0",",E","0",",E","-19.2",",E,11,","9.7",",E,02,","4311.0","E","678.8",",E","-3.56",",E","3.38",",,,E","-10.51",",,,E"
"NOE00156803","2013-04","59.5667","9.2106","20.0","NOTODDEN FLYPLASS, NO","0.0","E","0.0",",E","0",",E","21",",E","0",",E","0",",E","0",",E","-9.6",",E,01,","14.1",",E,17,","4748.7","E","437.7",",E","3.74",",E","9.96",",,,E","-2.47",",,,E"
"NOE00156803","2013-05","59.5667","9.2106","20.0","NOTODDEN FLYPLASS, NO","4.0","E","4.0",",E","0",",E","4",",E","0",",E","8",",E","0",",E","-1.8",",E,01,","27.0",",E,18,","4953.1","E","204.4",",E","11.87",",E","17.25",",,,E","6.48",",,,E"
"NOE00156803","2013-06","59.5667","9.2106","20.0","NOTODDEN FLYPLASS, NO","5.3","E","1.3",",E","0",",E","0",",E","0",",E","13",",E","0",",E","4.3",",E,04,","24.7",",E,20,","5066.0","E","112.9",",E","14.61",",E","20.16",",,,E","9.07",",,,E"
"NOE00156803","2013-07","59.5667","9.2106","20.0","NOTODDEN FLYPLASS, NO","21.6","E","16.3",",E","0",",E","0",",E","0",",E","27",",E","0",",E","6.2",",E,03,","29.9",",E,20,","35.0","E","35.0",",E","17.73",",E","24.36",",,,E","11.10",",,,E"
"NOE00156803","2013-08","59.5667","9.2106","20.0","NOTODDEN FLYPLASS, NO","24.1","E","2.5",",E","0",",E","0",",E","0",",E","22",",E","0",",E","5.1",",E,20,","25.2",",E,07,","122.0","E","87.0",",E","15.61",",E","21.64",",,,E","9.58",",,,E"
"NOE00156803","2013-09","59.5667","9.2106","20.0","NOTODDEN FLYPLASS, NO","24.1","E","0.0",",E","0",",E","3",",E","0",",E","5",",E","0",",E","-1.8",",E,28,+","23.0",",E,03,","316.7","E","194.7",",E","11.84",",E","17.03",",,,E","6.65",",,,E"
"NOE00156803","2013-10","59.5667","9.2106","20.0","NOTODDEN FLYPLASS, NO","24.1","E","0.0",",E","0",",E","11",",E","0",",E","0",",E","0",",E","-3.8",",E,19,","18.2",",E,08,","670.2","E","353.5",",E","6.93",",E","11.48",",,,E","2.38",",,,E"
"NOE00156803","2013-11","59.5667","9.2106","20.0","NOTODDEN FLYPLASS, NO","24.1","E","0.0",",E","0",",E","24",",E","7",",E","0",",E","0",",E","-10.9",",E,22,","14.2",",E,16,","1202.3","E","532.1",",E","0.60",",E","4.16",",,,E","-2.96",",,,E"
"NOE00156803","2013-12","59.5667","9.2106","20.0","NOTODDEN FLYPLASS, NO","24.1","E","0.0",",E","0",",E","28",",E","10",",E","0",",E","0",",E","-11.8",",E,08,","9.2",",E,24,","1773.5","E","571.2",",E","-0.09",",E","3.44",",,,E","-3.62",",,,E"
"NOE00156803","2014-01","59.5667","9.2106","20.0","NOTODDEN FLYPLASS, NO","0.0","E","0.0",",E","0",",E","23",",E","20",",E","0",",E","0",",E","-17.2",",E,13,","8.7",",E,07,","2429.2","E","655.7",",E","-2.82",",E","-0.74",",,,E","-4.90",",,,E"
"NOE00156803","2014-02","59.5667","9.2106","20.0","NOTODDEN FLYPLASS, NO","0.0","E","0.0",",E","0",",E","14",",E","2",",E","0",",E","0",",E","-8.3",",E,20,","8.9",",E,24,","2894.2","E","465.0",",E","1.73",",E","3.77",",,,E","-0.31",",,,E"
"NOE00156803","2014-03","59.5667","9.2106","20.0","NOTODDEN FLYPLASS, NO","0.0","E","0.0",",E","0",",E","15",",E","0",",E","0",",E","0",",E","-4.7",",E,18,","17.7",",E,29,","3316.5","E","422.3",",E","4.71",",E","9.50",",,,E","-0.08",",,,E"
"NOE00156803","2014-04","59.5667","9.2106","20.0","NOTODDEN FLYPLASS, NO","0.0","E","0.0",",E","0",",E","10",",E","0",",E","2",",E","0",",E","-4.1",",E,04,","22.3",",E,28,","3635.2","E","318.7",",E","7.71",",E","14.10",",,,E","1.31",",,,E"
"NOE00156803","2014-05","59.5667","9.2106","20.0","NOTODDEN FLYPLASS, NO","1.2","E","1.2",",E","0",",E","4",",E","0",",E","12",",E","0",",E","-2.8",",E,02,","25.2",",E,30,+","3839.0","E","203.8",",E","11.80",",E","17.60",",,,E","6.00",",,,E"
"NOE00156803","2014-06","59.5667","9.2106","20.0","NOTODDEN FLYPLASS, NO","1.9","E","0.7",",E","0",",E","0",",E","0",",E","18",",E","0",",E","3.3",",E,24,","27.7",",E,18,","3925.4","E","86.4",",E","15.48",",E","21.78",",,,E","9.18",",,,E"
"NOE00156803","2014-07","59.5667","9.2106","20.0","NOTODDEN FLYPLASS, NO","59.5","E","57.6",",E","0",",E","0",",E","0",",E","28",",E","2",",E","5.3",",E,04,","32.9",",E,23,","15.5","E","15.5",",E","19.69",",E","26.33",",,,E","13.05",",,,E"
"NOE00156803","2014-08","59.5667","9.2106","20.0","NOTODDEN FLYPLASS, NO","68.7","E","9.2",",E","0",",E","0",",E","0",",E","17",",E","0",",E","4.6",",E,27,","27.3",",E,10,","106.3","E","90.8",",E","15.70",",E","21.29",",,,E","10.11",",,,E"
"NOE00156803","2014-09","59.5667","9.2106","20.0","NOTODDEN FLYPLASS, NO","68.7","E","0.0",",E","0",",E","0",",E","0",",E","6",",E","0",",E","0.9",",E,23,","23.2",",E,03,","269.4","E","163.1",",E","12.90",",E","18.83",",,,E","6.96",",,,E"
"NOE00156803","2014-10","59.5667","9.2106","20.0","NOTODDEN FLYPLASS, NO","68.7","E","0.0",",E","0",",E","3",",E","0",",E","0",",E","0",",E","-2.3",",E,30,","18.0",",E,02,","575.9","E","306.5",",E","8.45",",E","11.68",",,,E","5.21",",,,E"
"NOE00156803","2014-11","59.5667","9.2106","20.0","NOTODDEN FLYPLASS, NO","68.7","E","0.0",",E","0",",E","11",",E","1",",E","0",",E","0",",E","-4.8",",E,26,","13.2",",E,03,+","1026.2","E","450.3",",E","3.32",",E","4.98",",,,E","1.67",",,,E"
"NOE00156803","2014-12","59.5667","9.2106","20.0","NOTODDEN FLYPLASS, NO","68.7","E","0.0",",E","1",",E","31",",E","20",",E","0",",E","0",",E","-18.2",",E,26,","8.1",",E,15,","1724.4","E","698.2",",E","-4.19",",E","-1.11",",,,E","-7.27",",,,E"
"NOE00156803","2015-01","59.5667","9.2106","20.0","NOTODDEN FLYPLASS, NO","0.0","E","0.0",",E","0",",E","29",",E","7",",E","0",",E","0",",E","-16.6",",E,23,","8.4",",E,02,","2315.3","E","590.9",",E","-0.73",",E","2.83",",,,E","-4.29",",,,E"
"NOE00156803","2015-02","59.5667","9.2106","20.0","NOTODDEN FLYPLASS, NO","0.0","E","0.0",",E","0",",E","26",",E","4",",E","0",",E","0",",E","-13.7",",E,05,","13.8",",E,18,","2841.4","E","526.1",",E","-0.46",",E","3.23",",,,E","-4.14",",,,E"
"NOE00156803","2015-03","59.5667","9.2106","20.0","NOTODDEN FLYPLASS, NO","0.0","E","0.0",",E","0",",E","19",",E","0",",E","0",",E","0",",E","-6.4",",E,28,","15.1",",E,08,","3295.0","E","453.6",",E","3.70",",E","8.62",",,,E","-1.22",",,,E"
"NOE00156803","2015-04","59.5667","9.2106","20.0","NOTODDEN FLYPLASS, NO","0.0","E","0.0",",E","0",",E","18",",E","0",",E","1",",E","0",",E","-4.4",",E,03,","23.3",",E,20,","3639.9","E","344.9",",E","6.84",",E","13.90",",,,E","-0.22",",,,E"
"NOE00156803","2015-05","59.5667","9.2106","20.0","NOTODDEN FLYPLASS, NO","0.0","E","0.0",",E","0",",E","3",",E","0",",E","0",",E","0",",E","-1.8",",E,09,","18.4",",E,21,","3925.5","E","285.6",",E","9.12",",E","14.58",",,,E","3.66",",,,E"
"NOE00156803","2015-06","59.5667","9.2106","20.0","NOTODDEN FLYPLASS, NO","1.8","E","1.8",",E","0",",E","0",",E","0",",E","13",",E","0",",E","2.0",",E,15,","26.9",",E,30,","4040.9","E","115.4",",E","14.55",",E","20.76",",,,E","8.33",",,,E"
"NOE00156803","2015-07","59.5667","9.2106","20.0","NOTODDEN FLYPLASS, NO","27.3","E","25.5",",E","0",",E","0",",E","0",",E","21",",E","0",",E","4.8",",E,25,","29.9",",E,04,+","57.7","E","57.7",",E","17.30",",E","22.35",",,,E","12.24",",,,E"
"NOE00156803","2015-08","59.5667","9.2106","20.0","NOTODDEN FLYPLASS, NO","28.5","E","1.2",",E","0",",E","0",",E","0",",E","16",",E","0",",E","5.4",",E,03,","25.5",",E,23,","149.8","E","92.1",",E","15.40",",E","21.52",",,,E","9.28",",,,E"
"NOE00156803","2015-09","59.5667","9.2106","20.0","NOTODDEN FLYPLASS, NO","28.5","E","0.0",",E","0",",E","0",",E","0",",E","3",",E","0",",E","0.4",",E,27,","23.2",",E,09,","337.9","E","188.1",",E","12.06",",E","16.70",",,,E","7.43",",,,E"
"NOE00156803","2015-10","59.5667","9.2106","20.0","NOTODDEN FLYPLASS, NO","28.5","E","0.0",",E","0",",E","15",",E","0",",E","0",",E","0",",E","-4.1",",E,17,","18.7",",E,02,","713.7","E","375.8",",E","6.21",",E","11.05",",,,E","1.36",",,,E"
"NOE00156803","2015-11","59.5667","9.2106","20.0","NOTODDEN FLYPLASS, NO","28.5","E","0.0",",E","0",",E","19",",E","5",",E","0",",E","0",",E","-10.9",",E,22,","10.5",",E,28,","1226.6","E","512.9",",E","1.24",",E","4.13",",,,E","-1.66",",,,E"
"NOE00156803","2015-12","59.5667","9.2106","20.0","NOTODDEN FLYPLASS, NO","28.5","E","0.0",",E","0",",E","24",",E","8",",E","0",",E","0",",E","-12.0",",E,16,","12.7",",E,06,","1791.1","E","564.5",",E","0.12",",E","3.44",",,,E","-3.20",",,,E"
"NOE00156803","2016-01","59.5667","9.2106","20.0","NOTODDEN FLYPLASS, NO","0.0","E","0.0",",E","6",",E","30",",E","23",",E","0",",E","0",",E","-23.1",",E,21,","9.7",",E,29,","2576.5","E","785.4",",E","-7.00",",E","-3.95",",,,E","-10.05",",,,E"
"NOE00156803","2016-02","59.5667","9.2106","20.0","NOTODDEN FLYPLASS, NO","0.0","E","0.0",",E","0",",E","26",",E","4",",E","0",",E","0",",E","-13.3",",E,16,","7.5",",E,28,","3147.3","E","570.8",",E","-1.35",",E","3.26",",,,E","-5.96",",,,E"
"NOE00156803","2016-03","59.5667","9.2106","20.0","NOTODDEN FLYPLASS, NO","0.0","E","0.0",",E","0",",E","25",",E","0",",E","0",",E","0",",E","-8.1",",E,11,","16.4",",E,17,","3617.3","E","470.0",",E","3.17",",E","8.17",",,,E","-1.83",",,,E"
"NOE00156803","2016-04","59.5667","9.2106","20.0","NOTODDEN FLYPLASS, NO","0.0","E","0.0",",E","0",",E","12",",E","0",",E","0",",E","0",",E","-4.7",",E,01,","15.0",",E,12,","3991.2","E","373.9",",E","5.87",",E","11.06",",,,E","0.68",",,,E"
"NOE00156803","2016-05","59.5667","9.2106","20.0","NOTODDEN FLYPLASS, NO","0.2","E","0.2",",E","0",",E","2",",E","0",",E","8",",E","0",",E","-1.2",",E,04,","25.8",",E,09,","4178.7","E","187.5",",E","12.29",",E","18.38",",,,E","6.19",",,,E"
"NOE00156803","2016-06","59.5667","9.2106","20.0","NOTODDEN FLYPLASS, NO","20.5","E","20.3",",E","0",",E","0",",E","0",",E","18",",E","0",",E","6.7",",E,29,","28.2",",E,02,","4229.3","E","50.6",",E","17.32",",E","22.73",",,,E","11.91",",,,E"
"NOE00156803","2016-07","59.5667","9.2106","20.0","NOTODDEN FLYPLASS, NO","30.4","E","9.9",",E","0",",E","0",",E","0",",E","24",",E","0",",E","5.6",",E,04,","27.1",",E,20,","61.1","E","61.1",",E","16.68",",E","22.46",",,,E","10.90",",,,E"
"NOE00156803","2016-08","59.5667","9.2106","20.0","NOTODDEN FLYPLASS, NO","31.5","E","1.1",",E","0",",E","0",",E","0",",E","14",",E","0",",E","2.8",",E,11,","26.6",",E,17,","149.2","E","88.1",",E","15.53",",E","20.90",",,,E","10.15",",,,E"
"NOE00156803","2016-09","59.5667","9.2106","20.0","NOTODDEN FLYPLASS, NO","34.7","E","3.2",",E","0",",E","0",",E","0",",E","11",",E","0",",E","2.5",",E,24,","26.2",",E,15,","259.7","E","110.5",",E","14.76",",E","20.36",",,,E","9.15",",,,E"
"NOE00156803","2016-10","59.5667","9.2106","20.0","NOTODDEN FLYPLASS, NO","34.7","E","0.0",",E","0",",E","10",",E","0",",E","0",",E","0",",E","-3.6",",E,06,","16.0",",E,03,","658.2","E","398.5",",E","5.48",",E","9.27",",,,E","1.69",",,,E"
"NOE00156803","2016-11","59.5667","9.2106","20.0","NOTODDEN FLYPLASS, NO","34.7","E","0.0",",E","0",",E","27",",E","9",",E","0",",E","0",",E","-15.0",",E,12,","8.4",",E,26,","1258.5","E","600.3",",E","-1.68",",E","1.28",",,,E","-4.64",",,,E"
"NOE00156803","2016-12","59.5667","9.2106","20.0","NOTODDEN FLYPLASS, NO","34.7","E","0.0",",E","0",",E","29",",E","13",",E","0",",E","0",",E","-14.4",",E,15,","13.5",",E,31,","1878.2","E","619.7",",E","-1.66",",E","1.83",",,,E","-5.14",",,,E"
"NOE00156803","2017-01","59.5667","9.2106","20.0","NOTODDEN FLYPLASS, NO","0.0","E","0.0",",E","0",",E","30",",E","21",",E","0",",E","0",",E","-16.7",",E,16,","6.1",",E,11,","2586.9","E","708.7",",E","-4.53",",E","-1.06",",,,E","-7.99",",,,E"
"NOE00156803","2017-02","59.5667","9.2106","20.0","NOTODDEN FLYPLASS, NO","0.0","E","0.0",",E","0",",E","27",",E","7",",E","0",",E","0",",E","-15.5",",E,15,","9.3",",E,21,","3162.0","E","575.1",",E","-2.21",",E","1.99",",,,E","-6.40",",,,E"
"NOE00156803","2017-03","59.5667","9.2106","20.0","NOTODDEN FLYPLASS, NO","0.0","E","0.0",",E","0",",E","23",",E","1",",E","1",",E","0",",E","-13.7",",E,08,","21.1",",E,26,","3656.0","E","494.0",",E","2.40",",E","7.22",",,,E","-2.43",",,,E"
"NOE00156803","2017-04","59.5667","9.2106","20.0","NOTODDEN FLYPLASS, NO","0.0","E","0.0",",E","0",",E","17",",E","0",",E","0",",E","0",",E","-5.1",",E,19,","19.5",",E,09,","4031.0","E","375.0",",E","5.83",",E","12.03",",,,E","-0.37",",,,E"
"NOE00156803","2017-05","59.5667","9.2106","20.0","NOTODDEN FLYPLASS, NO","1.8","E","1.8",",E","0",",E","4",",E","0",",E","10",",E","0",",E","-2.0",",E,02,","29.9",",E,27,","4214.3","E","183.3",",E","12.48",",E","19.02",",,,E","5.93",",,,E"
"NOE00156803","2017-06","59.5667","9.2106","20.0","NOTODDEN FLYPLASS, NO","2.9","E","1.1",",E","0",",E","0",",E","0",",E","12",",E","0",",E","3.4",",E,01,","26.3",",E,30,","4320.4","E","106.1",",E","14.83",",E","20.66",",,,E","9.01",",,,E"
"NOE00156803","2017-07","59.5667","9.2106","20.0","NOTODDEN FLYPLASS, NO","5.9","E","3.0",",E","0",",E","0",",E","0",",E","23",",E","0",",E","5.5",",E,13,","26.9",",E,01,","63.3","E","63.3",",E","16.39",",E","22.26",",,,E","10.51",",,,E"
"NOE00156803","2017-08","59.5667","9.2106","20.0","NOTODDEN FLYPLASS, NO","6.5","E","0.6",",E","0",",E","0",",E","0",",E","11",",E","0",",E","4.2",",E,14,","24.7",",E,10,","160.1","E","96.8",",E","15.23",",E","20.53",",,,E","9.94",",,,E"
"NOE00156803","2017-09","59.5667","9.2106","20.0","NOTODDEN FLYPLASS, NO","6.5","E","0.0",",E","0",",E","0",",E","0",",E","0",",E","0",",E","4.7",",E,01,","20.3",",E,02,","337.0","E","176.9",",E","12.44",",E","15.75",",,,E","9.12",",,,E"
"NOE00156803","2017-10","59.5667","9.2106","20.0","NOTODDEN FLYPLASS, NO","6.5","E","0.0",",E","0",",E","11",",E","0",",E","0",",E","0",",E","-3.7",",E,30,","17.8",",E,03,","712.4","E","375.4",",E","6.22",",E","10.42",",,,E","2.03",",,,E"
"NOE00156803","2017-11","59.5667","9.2106","20.0","NOTODDEN FLYPLASS, NO","6.5","E","0.0",",E","0",",E","29",",E","6",",E","0",",E","0",",E","-11.4",",E,21,","11.8",",E,02,","1284.8","E","572.4",",E","-0.75",",E","3.04",",,,E","-4.53",",,,E"
"NOE00156803","2017-12","59.5667","9.2106","20.0","NOTODDEN FLYPLASS, NO","6.5","E","0.0",",E","0",",E","31",",E","21",",E","0",",E","0",",E","-16.6",",E,17,","9.8",",E,07,","2009.7","E","724.9",",E","-5.05",",E","-1.22",",,,E","-8.89",",,,E"
"NOE00156803","2018-01","59.5667","9.2106","20.0","NOTODDEN FLYPLASS, NO","0.0","E","0.0",",E","3",",E","29",",E","19",",E","0",",E","0",",E","-20.5",",E,07,","8.0",",E,25,","2719.6","E","709.9",",E","-4.57",",E","-1.09",",,,E","-8.05",",,,E"
"NOE00156803","2018-02","59.5667","9.2106","20.0","NOTODDEN FLYPLASS, NO","0.0","E","0.0",",E","1",",E","27",",E","14",",E","0",",E","0",",E","-18.8",",E,26,","3.2",",E,14,","3364.7","E","645.1",",E","-4.71",",E","-0.99",",,,E","-8.42",",,,E"
"NOE00156803","2018-03","59.5667","9.2106","20.0","NOTODDEN FLYPLASS, NO","0.0","E","0.0",",E","2",",E","30",",E","8",",E","0",",E","0",",E","-18.7",",E,18,","12.5",",E,25,","4022.1","E","657.4",",E","-2.87",",E","2.95",",,,E","-8.70",",,,E"
"NOE00156803","2018-04","59.5667","9.2106","20.0","NOTODDEN FLYPLASS, NO","0.0","E","0.0",",E","0",",E","19",",E","0",",E","0",",E","0",",E","-10.8",",E,02,","19.8",",E,19,","4403.2","E","381.1",",E","5.63",",E","12.45",",,,E","-1.19",",,,E"
"NOE00156803","2018-05","59.5667","9.2106","20.0","NOTODDEN FLYPLASS, NO","8.0","E","8.0",",E","0",",E","1",",E","0",",E","26",",E","0",",E","-0.1",",E,04,","29.4",",E,30,","4509.9","E","106.7",",E","15.15",",E","23.23",",,,E","7.07",",,,E"
"NOE00156803","2018-06","59.5667","9.2106","20.0","NOTODDEN FLYPLASS, NO","34.0","E","26.0",",E","0",",E","0",",E","0",",E","21",",E","0",",E","3.4",",E,22,","31.6",",E,25,","4563.6","E","53.7",",E","17.41",",E","24.86",",,,E","9.96",",,,E"
"NOE00156803","2018-08","59.5667","9.2106","20.0","NOTODDEN FLYPLASS, NO","","","8.3",",E","0",",E","0",",E","0",",E","17",",E","0",",E","2.8",",E,25,","27.7",",E,04,","","","85.2",",E","15.85",",E","21.72",",,,E","9.99",",,,E"
"NOE00156803","2018-09","59.5667","9.2106","20.0","NOTODDEN FLYPLASS, NO","","","0.0",",E","0",",E","1",",E","0",",E","7",",E","0",",E","-2.1",",E,25,","22.5",",E,03,","","","184.1",",E","12.20",",E","17.42",",,,E","6.97",",,,E"
"NOE00156803","2018-10","59.5667","9.2106","20.0","NOTODDEN FLYPLASS, NO","","","0.0",",E","0",",E","14",",E","0",",E","0",",E","0",",E","-6.7",",E,29,+","19.5",",E,10,","","","349.3",",E","7.07",",E","12.09",",,,E","2.04",",,,E"
"NOE00156803","2018-11","59.5667","9.2106","20.0","NOTODDEN FLYPLASS, NO","","","0.0",",E","0",",E","15",",E","8",",E","0",",E","0",",E","-12.0",",E,26,","10.8",",E,12,","","","498.1",",E","1.73",",E","4.28",",,,E","-0.82",",,,E"
"NOE00156803","2018-12","59.5667","9.2106","20.0","NOTODDEN FLYPLASS, NO","","","0.0",",E","0",",E","29",",E","21",",E","0",",E","0",",E","-16.0",",E,13,","7.9",",E,01,","","","696.9",",E","-4.15",",E","-1.36",",,,E","-6.93",",,,E"
"NOE00156803","2019-01","59.5667","9.2106","20.0","NOTODDEN FLYPLASS, NO","0.0","E","0.0",",E","1",",E","31",",E","22",",E","0",",E","0",",E","-18.8",",E,29,","7.4",",E,01,","","","731.8",",E","-5.27",",E","-1.48",",,,E","-9.06",",,,E"
"NOE00156803","2019-02","59.5667","9.2106","20.0","NOTODDEN FLYPLASS, NO","0.0","E","0.0",",E","0",",E","23",",E","8",",E","0",",E","0",",E","-17.5",",E,04,","11.1",",E,13,","","","549.3",",E","-1.29",",E","2.77",",,,E","-5.34",",,,E"
"NOE00156803","2019-03","59.5667","9.2106","20.0","NOTODDEN FLYPLASS, NO","0.0","E","0.0",",E","0",",E","26",",E","0",",E","0",",E","0",",E","-14.9",",E,11,","14.9",",E,21,","","","507.5",",E","1.96",",E","7.19",",,,E","-3.27",",,,E"
"NOE00156803","2019-04","59.5667","9.2106","20.0","NOTODDEN FLYPLASS, NO","0.0","E","0.0",",E","0",",E","20",",E","0",",E","4",",E","0",",E","-6.6",",E,01,","24.1",",E,29,","","","330.9",",E","7.30",",E","14.71",",,,E","-0.11",",,,E"
"NOE00156803","2019-05","59.5667","9.2106","20.0","NOTODDEN FLYPLASS, NO","0.0","E","0.0",",E","0",",E","7",",E","0",",E","5",",E","0",",E","-3.2",",E,08,","23.7",",E,21,","","","250.9",",E","10.24",",E","16.21",",,,E","4.26",",,,E"
"NOE00156803","2019-06","59.5667","9.2106","20.0","NOTODDEN FLYPLASS, NO","7.2","E","7.2",",E","0",",E","0",",E","0",",E","14",",E","0",",E","4.9",",E,10,","31.5",",E,29,","","","85.4",",E","15.73",",E","21.55",",,,E","9.90",",,,E"
"NOE00156803","2019-07","59.5667","9.2106","20.0","NOTODDEN FLYPLASS, NO","39.2","E","32.0",",E","0",",E","0",",E","0",",E","22",",E","1",",E","3.6",",E,05,","32.4",",E,26,","53.3","E","53.3",",E","17.65",",E","23.84",",,,E","11.45",",,,E"
"NOE00156803","2019-08","59.5667","9.2106","20.0","NOTODDEN FLYPLASS, NO","47.3","E","8.1",",E","0",",E","0",",E","0",",E","17",",E","0",",E","4.6",",E,15,","28.0",",E,02,","105.8","E","52.5",",E","16.90",",E","22.25",",,,E","11.55",",,,E"
"NOE00156803","2019-09","59.5667","9.2106","20.0","NOTODDEN FLYPLASS, NO","47.3","E","0.0",",E","0",",E","2",",E","0",",E","2",",E","0",",E","-0.5",",E,19,","24.5",",E,21,","316.6","E","210.8",",E","11.31",",E","16.11",",,,E","6.50",",,,E"
"NOE00156803","2019-10","59.5667","9.2106","20.0","NOTODDEN FLYPLASS, NO","47.3","E","0.0",",E","0",",E","8",",E","0",",E","0",",E","0",",E","-5.9",",E,30,","14.8",",E,23,","721.0","E","404.4",",E","5.29",",E","8.75",",,,E","1.82",",,,E"
"NOE00156803","2019-11","59.5667","9.2106","20.0","NOTODDEN FLYPLASS, NO","47.3","E","0.0",",E","0",",E","19",",E","4",",E","0",",E","0",",E","-10.6",",E,30,","4.9",",E,17,","1287.0","E","566.0",",E","-0.54",",E","1.37",",,,E","-2.44",",,,E"
"NOE00156803","2019-12","59.5667","9.2106","20.0","NOTODDEN FLYPLASS, NO","47.3","E","0.0",",E","0",",E","26",",E","12",",E","0",",E","0",",E","-14.0",",E,27,","9.8",",E,30,","1930.1","E","643.1",",E","-2.41",",E","0.55",",,,E","-5.37",",,,E"
"NOE00156803","2020-01","59.5667","9.2106","20.0","NOTODDEN FLYPLASS, NO","0.0","E","0.0",",E","0",",E","25",",E","3",",E","0",",E","0",",E","-9.6",",E,11,","11.0",",E,21,","2462.7","E","532.6",",E","1.15",",E","5.04",",,,E","-2.74",",,,E"
"NOE00156803","2020-02","59.5667","9.2106","20.0","NOTODDEN FLYPLASS, NO","0.0","E","0.0","2,E","0","2,E","21","2,E","2","2,E","0","2,E","0","2,E","-12.3","2,E,05,","10.1","2,E,22,","2933.3","E","470.6","2,E","0.90","2,E","4.87","2,,,E","-3.07","2,,,E"
"NOE00156803","2020-03","59.5667","9.2106","20.0","NOTODDEN FLYPLASS, NO","0.0","E","0.0","2,E","0",",E","20",",E","0","2,E","0","2,E","0","2,E","-9.9",",E,14,","13.2","2,E,26,","3375.9","E","442.6","2,E","3.05","2,E","7.73","2,,,E","-1.64",",,,E"
"NOE00156803","2020-05","59.5667","9.2106","20.0","NOTODDEN FLYPLASS, NO","","","0.0",",E","0",",E","11",",E","0",",E","5",",E","0",",E","-4.0",",E,13,","25.2",",E,30,","","","285.6",",E","9.12",",E","16.04",",,,E","2.20",",,,E"
"NOE00156803","2020-06","59.5667","9.2106","20.0","NOTODDEN FLYPLASS, NO","","","33.8",",E","0",",E","0",",E","0",",E","21",",E","0",",E","5.0",",E,06,","30.2",",E,16,","","","51.4",",E","17.75",",E","24.11",",,,E","11.38",",,,E"
"NOE00156803","2020-07","59.5667","9.2106","20.0","NOTODDEN FLYPLASS, NO","","","0.0",",E","0",",E","0",",E","0",",E","11",",E","0",",E","4.6",",E,23,","27.4",",E,31,","106.4","E","106.4",",E","14.90",",E","20.37",",,,E","9.43",",,,E"
"NOE00156803","2020-08","59.5667","9.2106","20.0","NOTODDEN FLYPLASS, NO","","","17.3",",E","0",",E","0",",E","0",",E","21",",E","0",",E","2.7",",E,25,","28.1",",E,17,","167.7","E","61.3",",E","16.91",",E","23.28",",,,E","10.55",",,,E"
"NOE00156803","2020-09","59.5667","9.2106","20.0","NOTODDEN FLYPLASS, NO","","","0.0",",E","0",",E","1",",E","0",",E","5",",E","0",",E","0.0",",E,17,","25.7",",E,14,","346.0","E","178.3",",E","12.39",",E","18.09",",,,E","6.69",",,,E"
"NOE00156803","2020-10","59.5667","9.2106","20.0","NOTODDEN FLYPLASS, NO","","","0.0",",E","0",",E","9",",E","0",",E","0",",E","0",",E","-4.1",",E,19,","16.0",",E,05,","690.1","E","344.1",",E","7.23",",E","10.78",",,,E","3.69",",,,E"
"NOE00156803","2020-11","59.5667","9.2106","20.0","NOTODDEN FLYPLASS, NO","","","0.0",",E","0",",E","16",",E","3",",E","0",",E","0",",E","-7.8",",E,28,","15.7",",E,06,","1140.9","E","450.8",",E","3.31",",E","6.99",",,,E","-0.38",",,,E"
"NOE00156803","2020-12","59.5667","9.2106","20.0","NOTODDEN FLYPLASS, NO","","","0.0",",E","0",",E","12",",E","4",",E","0",",E","0",",E","-9.5",",E,26,+","8.3",",E,20,","1690.5","E","549.6",",E","0.60",",E","2.27",",,,E","-1.07",",,,E"
"NOE00156803","2021-01","59.5667","9.2106","20.0","NOTODDEN FLYPLASS, NO","0.0","","0.0",",E","5",",E","30",",E","26",",E","0",",E","0",",E","-19.9",",E,16,","5.8",",E,23,","2494.4","","803.9",",E","-7.60",",E","-4.02",",,,E","-11.18",",,,E"
"NOE00156803","2021-02","59.5667","9.2106","20.0","NOTODDEN FLYPLASS, NO","0.0","","0.0",",E","3",",E","22",",E","17",",E","0",",E","0",",E","-19.1",",E,14,","11.0",",E,26,","3119.5","","625.1",",E","-3.99",",E","0.38",",,,E","-8.36",",,,E"
"NOE00156803","2021-03","59.5667","9.2106","20.0","NOTODDEN FLYPLASS, NO","0.0","","0.0",",E","0",",E","23",",E","0",",E","0",",E","0",",E","-8.7",",E,08,","19.2",",E,30,","3585.1","","465.6",",E","3.31",",E","8.95",",,,E","-2.32",",,,E"
"NOE00156803","2021-04","59.5667","9.2106","20.0","NOTODDEN FLYPLASS, NO","0.0","","0.0",",E","0",",E","24",",E","0",",E","0",",E","0",",E","-5.6",",E,08,","18.6",",E,18,","3986.2","","401.1",",E","4.96",",E","11.99",",,,E","-2.07",",,,E"
"NOE00156803","2021-05","59.5667","9.2106","20.0","NOTODDEN FLYPLASS, NO","0.3","","0.3",",E","0",",E","5",",E","0",",E","6",",E","0",",E","-3.5",",E,01,","29.3",",E,31,","4226.0","","239.8",",E","10.60",",E","16.14",",,,E","5.07",",,,E"
