"STATION","DATE","LATITUDE","LONGITUDE","ELEVATION","NAME","CDSD","CDSD_ATTRIBUTES","CLDD","CLDD_ATTRIBUTES","DP01","DP01_ATTRIBUTES","DP10","DP10_ATTRIBUTES","DP1X","DP1X_ATTRIBUTES","DSND","DSND_ATTRIBUTES","DT00","DT00_ATTRIBUTES","DT32","DT32_ATTRIBUTES","DX32","DX32_ATTRIBUTES","DX70","DX70_ATTRIBUTES","DX90","DX90_ATTRIBUTES","EMNT","EMNT_ATTRIBUTES","EMSD","EMSD_ATTRIBUTES","EMXP","EMXP_ATTRIBUTES","EMXT","EMXT_ATTRIBUTES","HDSD","HDSD_ATTRIBUTES","HTDD","HTDD_ATTRIBUTES","PRCP","PRCP_ATTRIBUTES","TAVG","TAVG_ATTRIBUTES","TMAX","TMAX_ATTRIBUTES","TMIN","TMIN_ATTRIBUTES"
"UPM00033536","1959-07","49.017","25.8","318.0","CHORTKIV, UP","","","","","9",",I","7",",I","0",",I","","","","","","","","","","","","","","","","","9.0",",,I,18,","","","","","","","48.7",",,,I","","","","","",""
"UPM00033536","1959-08","49.017","25.8","318.0","CHORTKIV, UP","","","","","10","3,I","7","3,I","0","3,I","","","","","","","","","","","","","","","","","19.8","3,,I,03,","","","","","","","53.6","3,,,I","","","","","",""
"UPM00033536","1959-09","49.017","25.8","318.0","CHORTKIV, UP","","","","","9",",I","6",",I","0",",I","","","","","","","","","","","","","","","","","9.7",",,I,01,","","","","","","","35.8",",,,I","","","","","",""
"UPM00033536","1959-10","49.017","25.8","318.0","CHORTKIV, UP","","","","","4","2,I","1","2,I","0","2,I","","","","","","","","","","","","","","","","","3.7","2,,I,30,","","","","","","","6.4","2,,,I","","","","","",""
"UPM00033536","1959-11","49.017","25.8","318.0","CHORTKIV, UP","","","","","14","1,I","8","1,I","0","1,I","","","","","","","","","","","","","","","","","19.9","1,,I,04,","","","","","","","75.3","1,,,I","","","","","",""
"UPM00033536","1959-12","49.017","25.8","318.0","CHORTKIV, UP","","","","","15","4,I","6","4,I","0","4,I","","","","","","","","","","","","","","","","","12.2","4,,I,14,","","","","","","","46.9","4,,,I","","","","","",""
"UPM00033536","1960-01","49.017","25.8","318.0","CHORTKIV, UP","","","","","12","2,I","4","2,I","0","2,I","","","","","","","","","","","","","","","","","7.2","2,,I,14,","","","","","","","29.1","2,,,I","","","","","",""
"UPM00033536","1960-02","49.017","25.8","318.0","CHORTKIV, UP","","","","","7","2,I","1","2,I","0","2,I","","","","","","","","","","","","","","","","","4.6","2,,I,24,","","","","","","","13.5","2,,,I","","","","","",""
"UPM00033536","1960-03","49.017","25.8","318.0","CHORTKIV, UP","","","","","9","2,I","0","2,I","0","2,I","","","","","","","","","","","","","","","","","2.2","2,,I,29,","","","","","","","10.6","2,,,I","","","","","",""
"UPM00033536","1960-04","49.017","25.8","318.0","CHORTKIV, UP","","","","","4","1,I","1","1,I","0","1,I","","","","","","","","","","","","","","","","","2.7","1,,I,22,","","","","","","","6.1","1,,,I","","","","","",""
"UPM00033536","1960-05","49.017","25.8","318.0","CHORTKIV, UP","","","","","15",",I","10",",I","0",",I","","","","","","","","","","","","","","","","","19.2",",,I,27,","","","","","","","79.4",",,,I","","","","","",""
"UPM00033536","1960-06","49.017","25.8","318.0","CHORTKIV, UP","","","","","10",",I","8",",I","1",",I","","","","","","","","","","","","","","","","","49.7",",,I,12,","","","","","","","94.4",",,,I","","","","","",""
"UPM00033536","1960-07","49.017","25.8","318.0","CHORTKIV, UP","","","","","9",",I","3",",I","0",",I","","","","","","","","","","","","","","","","","14.3",",,I,13,","","","","","","","30.3",",,,I","","","","","",""
"UPM00033536","1960-08","49.017","25.8","318.0","CHORTKIV, UP","","","","","9",",I","4",",I","0",",I","","","","","","","","","","","","","","","","","5.9",",,I,20,","","","","","","","20.3",",,,I","","","","","",""
"UPM00033536","1960-09","49.017","25.8","318.0","CHORTKIV, UP","","","","","5","2,I","2","2,I","0","2,I","","","","","","","","","","","","","","","","","10.9","2,,I,03,","","","","","","","20.3","2,,,I","","","","","",""
"UPM00033536","1960-10","49.017","25.8","318.0","CHORTKIV, UP","","","","","14",",I","8",",I","0",",I","","","","","","","","","","","","","","","","","21.7",",,I,08,","","","","","","","83.1",",,,I","","","","","",""
"UPM00033536","1960-11","49.017","25.8","318.0","CHORTKIV, UP","","","","","18",",I","10",",I","1",",I","","","","","","","","","","","","","","","","","28.9",",,I,08,","","","","","","","114.1",",,,I","","","","","",""
"UPM00033536","1960-12","49.017","25.8","318.0","CHORTKIV, UP","","","","","11",",I","5",",I","0",",I","","","","","","","","","","","","","","","","","15.9",",,I,14,","","","","","","","48.1",",,,I","","","","","",""
"UPM00033536","1961-01","49.017","25.8","318.0","CHORTKIV, UP","","","","","8","2,I","2","2,I","0","2,I","","","","","","","","","","","","","","","","","3.3","2,,I,11,","","","","","","","9.5","2,,,I","","","","","",""
"UPM00033536","1961-02","49.017","25.8","318.0","CHORTKIV, UP","","","","","8","1,I","2","1,I","0","1,I","","","","","","","","","","","","","","","","","5.7","1,,I,08,","","","","","","","16.8","1,,,I","","","","","",""
"UPM00033536","1961-03","49.017","25.8","318.0","CHORTKIV, UP","","","","","7",",I","1",",I","0",",I","","","","","","","","","","","","","","","","","2.5",",,I,13,","","","","","","","8.5",",,,I","","","","","",""
"UPM00033536","1961-04","49.017","25.8","318.0","CHORTKIV, UP","","","","","8",",I","2",",I","0",",I","","","","","","","","","","","","","","","","","9.2",",,I,20,","","","","","","","20.1",",,,I","","","","","",""
"UPM00033536","1961-05","49.017","25.8","318.0","CHORTKIV, UP","","","","","13","1,I","9","1,I","0","1,I","","","","","","","","","","","","","","","","","9.3","1,,I,21,","","","","","","","44.5","1,,,I","","","","","",""
"UPM00033536","1961-06","49.017","25.8","318.0","CHORTKIV, UP","","","","","10",",I","6",",I","2",",I","","","","","","","","","","","","","","","","","66.6",",,I,12,","","","","","","","120.0",",,,I","","","","","",""
"UPM00033536","1961-07","49.017","25.8","318.0","CHORTKIV, UP","","","","","12",",I","8",",I","0",",I","","","","","","","","","","","","","","","","","15.0",",,I,31,","","","","","","","63.0",",,,I","","","","","",""
"UPM00033536","1961-08","49.017","25.8","318.0","CHORTKIV, UP","","","","","8","1,I","5","1,I","0","1,I","","","","","","","","","","","","","","","","","8.5","1,,I,13,","","","","","","","32.9","1,,,I","","","","","",""
"UPM00033536","1961-09","49.017","25.8","318.0","CHORTKIV, UP","","","","","3",",I","0",",I","0",",I","","","","","","","","","","","","","","","","","1.3",",,I,11,","","","","","","","2.7",",,,I","","","","","",""
"UPM00033536","1961-10","49.017","25.8","318.0","CHORTKIV, UP","","","","","3",",I","0",",I","0",",I","","","","","","","","","","","","","","","","","1.3",",,I,14,","","","","","","","2.3",",,,I","","","","","",""
"UPM00033536","1961-11","49.017","25.8","318.0","CHORTKIV, UP","","","","","7","1,I","2","1,I","0","1,I","","","","","","","","","","","","","","","","","6.1","1,,I,08,","","","","","","","16.2","1,,,I","","","","","",""
"UPM00033536","1961-12","49.017","25.8","318.0","CHORTKIV, UP","","","","","10","3,I","4","3,I","0","3,I","","","","","","","","","","","","","","","","","5.1","3,,I,12,","","","","","","","23.0","3,,,I","","","","","",""
"UPM00033536","1962-01","49.017","25.8","318.0","CHORTKIV, UP","","","","","11","1,I","4","1,I","0","1,I","","","","","","","","","","","","","","","","","6.0","1,,I,24,","","","","","","","24.1","1,,,I","","","","","",""
"UPM00033536","1962-02","49.017","25.8","318.0","CHORTKIV, UP","","","","","19",",I","7",",I","0",",I","","","","","","","","","","","","","","","","","16.7",",,I,14,","","","","","","","58.2",",,,I","","","","","",""
"UPM00033536","1962-03","49.017","25.8","318.0","CHORTKIV, UP","","","","","17",",I","8",",I","0",",I","","","","","","","","","","","","","","","","","25.0",",,I,16,","","","","","","","87.1",",,,I","","","","","",""
"UPM00033536","1962-04","49.017","25.8","318.0","CHORTKIV, UP","","","","","10",",I","5",",I","0",",I","","","","","","","","","","","","","","","","","11.4",",,I,07,","","","","","","","31.2",",,,I","","","","","",""
"UPM00033536","1962-05","49.017","25.8","318.0","CHORTKIV, UP","","","","","11","2,I","6","2,I","0","2,I","","","","","","","","","","","","","","","","","22.0","2,,I,21,","","","","","","","86.2","2,,,I","","","","","",""
"UPM00033536","1962-06","49.017","25.8","318.0","CHORTKIV, UP","","","","","14",",I","10",",I","1",",I","","","","","","","","","","","","","","","","","42.0",",,I,18,","","","","","","","90.9",",,,I","","","","","",""
"UPM00033536","1962-07","49.017","25.8","318.0","CHORTKIV, UP","","","","","15","2,I","9","2,I","0","2,I","","","","","","","","","","","","","","","","","13.3","2,,I,15,","","","","","","","83.6","2,,,I","","","","","",""
"UPM00033536","1962-08","49.017","25.8","318.0","CHORTKIV, UP","","","","","9",",I","7",",I","1",",I","","","","","","","","","","","","","","","","","50.8",",,I,18,","","","","","","","77.7",",,,I","","","","","",""
"UPM00033536","1962-09","49.017","25.8","318.0","CHORTKIV, UP","","","","","9","1,I","4","1,I","0","1,I","","","","","","","","","","","","","","","","","11.7","1,,I,20,","","","","","","","33.4","1,,,I","","","","","",""
"UPM00033536","1962-10","49.017","25.8","318.0","CHORTKIV, UP","","","","","2","1,I","1","1,I","0","1,I","","","","","","","","","","","","","","","","","2.6","1,,I,29,","","","","","","","3.3","1,,,I","","","","","",""
"UPM00033536","1962-11","49.017","25.8","318.0","CHORTKIV, UP","","","","","10",",I","6",",I","0",",I","","","","","","","","","","","","","","","","","14.9",",,I,22,","","","","","","","49.9",",,,I","","","","","",""
"UPM00033536","1962-12","49.017","25.8","318.0","CHORTKIV, UP","","","","","13",",I","5",",I","0",",I","","","","","","","","","","","","","","","","","10.4",",,I,31,","","","","","","","36.7",",,,I","","","","","",""
"UPM00033536","1963-02","49.017","25.8","318.0","CHORTKIV, UP","","","","","7","2,I","5","2,I","0","2,I","","","","","","","","","","","","","","","","","20.3","2,,I,06,","","","","","","","47.2","2,,,I","","","","","",""
"UPM00033536","1963-03","49.017","25.8","318.0","CHORTKIV, UP","","","","","9","2,I","3","2,I","0","2,I","","","","","","","","","","","","","","","","","4.6","2,,I,04,","","","","","","","16.8","2,,,I","","","","","",""
"UPM00033536","1963-04","49.017","25.8","318.0","CHORTKIV, UP","","","","","6","1,I","4","1,I","0","1,I","","","","","","","","","","","","","","","","","16.5","1,,I,13,","","","","","","","33.4","1,,,I","","","","","",""
"UPM00033536","1963-05","49.017","25.8","318.0","CHORTKIV, UP","","","","","11",",I","9",",I","1",",I","","","","","","","","","","","","","","","","","45.5",",,I,21,","","","","","","","96.6",",,,I","","","","","",""
"UPM00033536","1963-06","49.017","25.8","318.0","CHORTKIV, UP","","","","","13","1,I","6","1,I","0","1,I","","","","","","","","","","","","","","","","","7.1","1,,I,24,","","","","","","","32.2","1,,,I","","","","","",""
"UPM00033536","1963-07","49.017","25.8","318.0","CHORTKIV, UP","","","","","8",",I","3",",I","0",",I","","","","","","","","","","","","","","","","","22.6",",,I,01,","","","","","","","47.7",",,,I","","","","","",""
"UPM00033536","1963-08","49.017","25.8","318.0","CHORTKIV, UP","","","","","10","1,I","7","1,I","0","1,I","","","","","","","","","","","","","","","","","17.7","1,,I,23,","","","","","","","59.9","1,,,I","","","","","",""
"UPM00033536","1963-09","49.017","25.8","318.0","CHORTKIV, UP","","","","","7","1,I","4","1,I","0","1,I","","","","","","","","","","","","","","","","","7.1","1,,I,07,","","","","","","","24.9","1,,,I","","","","","",""
"UPM00033536","1963-10","49.017","25.8","318.0","CHORTKIV, UP","","","","","9","2,I","4","2,I","1","2,I","","","","","","","","","","","","","","","","","32.6","2,,I,06,","","","","","","","52.9","2,,,I","","","","","",""
"UPM00033536","1963-11","49.017","25.8","318.0","CHORTKIV, UP","","","","","6","2,I","2","2,I","0","2,I","","","","","","","","","","","","","","","","","20.2","2,,I,13,","","","","","","","27.8","2,,,I","","","","","",""
"UPM00033536","1963-12","49.017","25.8","318.0","CHORTKIV, UP","","","","","15",",I","5",",I","0",",I","","","","","","","","","","","","","","","","","8.4",",,I,22,","","","","","","","39.8",",,,I","","","","","",""
"UPM00033536","1964-01","49.017","25.8","318.0","CHORTKIV, UP","","","","","10","3,I","3","3,I","0","3,I","","","","","","","","","","","","","","","","","3.3","3,,I,25,","","","","","","","16.2","3,,,I","","","","","",""
"UPM00033536","1964-02","49.017","25.8","318.0","CHORTKIV, UP","","","","","18","1,I","8","1,I","0","1,I","","","","","","","","","","","","","","","","","5.2","1,,I,02,","","","","","","","38.9","1,,,I","","","","","",""
"UPM00033536","1964-03","49.017","25.8","318.0","CHORTKIV, UP","","","","","12",",I","4",",I","0",",I","","","","","","","","","","","","","","","","","11.2",",,I,16,","","","","","","","39.4",",,,I","","","","","",""
"UPM00033536","1964-04","49.017","25.8","318.0","CHORTKIV, UP","","","","","6",",I","3",",I","0",",I","","","","","","","","","","","","","","","","","7.4",",,I,06,","","","","","","","20.2",",,,I","","","","","",""
"UPM00033536","1964-05","49.017","25.8","318.0","CHORTKIV, UP","","","","","12",",I","8",",I","0",",I","","","","","","","","","","","","","","","","","9.4",",,I,01,","","","","","","","41.7",",,,I","","","","","",""
"UPM00033536","1964-06","49.017","25.8","318.0","CHORTKIV, UP","","","","","5","1,I","3","1,I","0","1,I","","","","","","","","","","","","","","","","","10.5","1,,I,25,","","","","","","","23.5","1,,,I","","","","","",""
"UPM00033536","1964-07","49.017","25.8","318.0","CHORTKIV, UP","","","","","13",",I","8",",I","1",",I","","","","","","","","","","","","","","","","","49.1",",,I,03,","","","","","","","123.9",",,,I","","","","","",""
"UPM00033536","1964-08","49.017","25.8","318.0","CHORTKIV, UP","","","","","13",",I","6",",I","0",",I","","","","","","","","","","","","","","","","","13.3",",,I,14,","","","","","","","40.9",",,,I","","","","","",""
"UPM00033536","1964-09","49.017","25.8","318.0","CHORTKIV, UP","","","","","13",",I","7",",I","1",",I","","","","","","","","","","","","","","","","","25.9",",,I,23,","","","","","","","84.8",",,,I","","","","","",""
"UPM00033536","1964-10","49.017","25.8","318.0","CHORTKIV, UP","","","","","6",",I","2",",I","0",",I","","","","","","","","","","","","","","","","","15.5",",,I,20,","","","","","","","25.6",",,,I","","","","","",""
"UPM00033536","1964-11","49.017","25.8","318.0","CHORTKIV, UP","","","","","12","1,I","4","1,I","0","1,I","","","","","","","","","","","","","","","","","6.2","1,,I,21,","","","","","","","31.2","1,,,I","","","","","",""
"UPM00033536","1964-12","49.017","25.8","318.0","CHORTKIV, UP","","","","","10","2,I","6","2,I","0","2,I","","","","","","","","","","","","","","","","","8.7","2,,I,02,","","","","","","","38.5","2,,,I","","","","","",""
"UPM00033536","1965-01","49.017","25.8","318.0","CHORTKIV, UP","","","","","10",",I","6",",I","0",",I","","","","","","","","","","","","","","","","","12.5",",,I,20,","","","","","","","43.3",",,,I","","","","","",""
"UPM00033536","1965-02","49.017","25.8","318.0","CHORTKIV, UP","","","","","12","2,I","6","2,I","0","2,I","","","","","","","","","","","","","","","","","20.3","2,,I,18,","","","","","","","54.6","2,,,I","","","","","",""
"UPM00033536","1965-03","49.017","25.8","318.0","CHORTKIV, UP","","","","","10",",I","2",",I","0",",I","","","","","","","","","","","","","","","","","4.3",",,I,22,","","","","","","","13.3",",,,I","","","","","",""
"UPM00033536","1965-04","49.017","25.8","318.0","CHORTKIV, UP","","","","","8","2,I","8","2,I","0","2,I","","","","","","","","","","","","","","","","","20.7","2,,I,22,","","","","","","","75.8","2,,,I","","","","","",""
"UPM00033536","1965-05","49.017","25.8","318.0","CHORTKIV, UP","","","","","14","2,I","7","2,I","0","2,I","","","","","","","","","","","","","","","","","19.7","2,,I,26,","","","","","","","64.6","2,,,I","","","","","",""
"UPM00033536","1965-06","49.017","25.8","318.0","CHORTKIV, UP","","","","","10",",I","5",",I","1",",I","","","","","","","","","","","","","","","","","43.8",",,I,10,","","","","","","","78.1",",,,I","","","","","",""
"UPM00033536","1965-07","49.017","25.8","318.0","CHORTKIV, UP","","","","","14",",I","11",",I","0",",I","","","","","","","","","","","","","","","","","14.7",",,I,16,","","","","","","","99.9",",,,I","","","","","",""
"UPM00033536","1965-08","49.017","25.8","318.0","CHORTKIV, UP","","","","","5",",I","4",",I","0",",I","","","","","","","","","","","","","","","","","8.5",",,I,12,","","","","","","","25.0",",,,I","","","","","",""
"UPM00033536","1965-09","49.017","25.8","318.0","CHORTKIV, UP","","","","","7",",I","5",",I","0",",I","","","","","","","","","","","","","","","","","11.8",",,I,13,","","","","","","","27.5",",,,I","","","","","",""
"UPM00033536","1965-10","49.017","25.8","318.0","CHORTKIV, UP","","","","","6",",I","0",",I","0",",I","","","","","","","","","","","","","","","","","2.3",",,I,30,","","","","","","","5.5",",,,I","","","","","",""
"UPM00033536","1965-11","49.017","25.8","318.0","CHORTKIV, UP","","","","","13","1,I","8","1,I","0","1,I","","","","","","","","","","","","","","","","","15.8","1,,I,14,","","","","","","","73.4","1,,,I","","","","","",""
"UPM00033536","1965-12","49.017","25.8","318.0","CHORTKIV, UP","","","","","15","1,I","6","1,I","0","1,I","","","","","","","","","","","","","","","","","12.4","1,,I,08,","","","","","","","43.7","1,,,I","","","","","",""
"UPM00033536","1966-03","49.017","25.8","318.0","CHORTKIV, UP","","","","","15",",I","4",",I","0",",I","","","","","","","","","","","","","","","","","6.7",",,I,10,","","","","","","","29.0",",,,I","","","","","",""
"UPM00033536","1966-05","49.017","25.8","318.0","CHORTKIV, UP","","","","","9","1,I","7","1,I","0","1,I","","","","","","","","","","","","","","","","","21.9","1,,I,13,","","","","","","","69.7","1,,,I","","","","","",""
"UPM00033536","1966-06","49.017","25.8","318.0","CHORTKIV, UP","","","","","11",",I","7",",I","0",",I","","","","","","","","","","","","","","","","","14.4",",,I,26,","","","","","","","48.4",",,,I","","","","","",""
"UPM00033536","1966-07","49.017","25.8","318.0","CHORTKIV, UP","","","","","16",",I","11",",I","1",",I","","","","","","","","","","","","","","","","","50.7",",,I,21,","","","","","","","125.6",",,,I","","","","","",""
"UPM00033536","1966-08","49.017","25.8","318.0","CHORTKIV, UP","","","","","8",",I","6",",I","0",",I","","","","","","","","","","","","","","","","","24.8",",,I,27,","","","","","","","68.7",",,,I","","","","","",""
"UPM00033536","1966-09","49.017","25.8","318.0","CHORTKIV, UP","","","","","4",",I","2",",I","0",",I","","","","","","","","","","","","","","","","","7.7",",,I,06,","","","","","","","16.8",",,,I","","","","","",""
"UPM00033536","1966-10","49.017","25.8","318.0","CHORTKIV, UP","","","","","15","2,I","4","2,I","0","2,I","","","","","","","","","","","","","","","","","20.0","2,,I,30,","","","","","","","37.3","2,,,I","","","","","",""
"UPM00033536","1966-11","49.017","25.8","318.0","CHORTKIV, UP","","","","","17",",I","3",",I","1",",I","","","","","","","","","","","","","","","","","28.5",",,I,14,","","","","","","","52.8",",,,I","","","","","",""
"UPM00033536","1966-12","49.017","25.8","318.0","CHORTKIV, UP","","","","","18",",I","3",",I","0",",I","","","","","","","","","","","","","","","","","7.3",",,I,19,","","","","","","","27.5",",,,I","","","","","",""
"UPM00033536","1967-01","49.017","25.8","318.0","CHORTKIV, UP","","","","","15",",I","2",",I","0",",I","","","","","","","","","","","","","","","","","10.0",",,I,29,","","","","","","","28.0",",,,I","","","","","",""
"UPM00033536","1967-02","49.017","25.8","318.0","CHORTKIV, UP","","","","","11",",I","5",",I","0",",I","","","","","","","","","","","","","","","","","8.5",",,I,21,","","","","","","","36.4",",,,I","","","","","",""
"UPM00033536","1967-03","49.017","25.8","318.0","CHORTKIV, UP","","","","","15",",I","5",",I","0",",I","","","","","","","","","","","","","","","","","8.1",",,I,12,","","","","","","","37.9",",,,I","","","","","",""
"UPM00033536","1967-05","49.017","25.8","318.0","CHORTKIV, UP","","","","","13",",I","7",",I","1",",I","","","","","","","","","","","","","","","","","42.4",",,I,07,","","","","","","","93.3",",,,I","","","","","",""
"UPM00033536","1967-06","49.017","25.8","318.0","CHORTKIV, UP","","","","","13",",I","5",",I","1",",I","","","","","","","","","","","","","","","","","48.7",",,I,15,","","","","","","","103.5",",,,I","","","","","",""
"UPM00033536","1967-07","49.017","25.8","318.0","CHORTKIV, UP","","","","","8",",I","6",",I","2",",I","","","","","","","","","","","","","","","","","54.8",",,I,18,","","","","","","","152.1",",,,I","","","","","",""
"UPM00033536","1967-08","49.017","25.8","318.0","CHORTKIV, UP","","","","","10",",I","5",",I","0",",I","","","","","","","","","","","","","","","","","13.9",",,I,15,","","","","","","","41.1",",,,I","","","","","",""
"UPM00033536","1967-09","49.017","25.8","318.0","CHORTKIV, UP","","","","","8",",I","4",",I","0",",I","","","","","","","","","","","","","","","","","10.3",",,I,17,","","","","","","","24.0",",,,I","","","","","",""
"UPM00033536","1967-10","49.017","25.8","318.0","CHORTKIV, UP","","","","","15",",I","2",",I","0",",I","","","","","","","","","","","","","","","","","12.0",",,I,06,","","","","","","","25.2",",,,I","","","","","",""
"UPM00033536","1967-11","49.017","25.8","318.0","CHORTKIV, UP","","","","","12",",I","3",",I","0",",I","","","","","","","","","","","","","","","","","6.7",",,I,19,","","","","","","","20.4",",,,I","","","","","",""
"UPM00033536","1967-12","49.017","25.8","318.0","CHORTKIV, UP","","","","","17",",I","5",",I","0",",I","","","","","","","","","","","","","","","","","10.4",",,I,10,","","","","","","","33.4",",,,I","","","","","",""
"UPM00033536","1968-01","49.017","25.8","318.0","CHORTKIV, UP","","","","","20",",I","4",",I","0",",I","","","","","","","","","","","","","","","","","3.6",",,I,19,","","","","","","","30.4",",,,I","","","","","",""
"UPM00033536","1968-02","49.017","25.8","318.0","CHORTKIV, UP","","","","","17","1,I","5","1,I","0","1,I","","","","","","","","","","","","","","","","","18.6","1,,I,25,","","","","","","","59.4","1,,,I","","","","","",""
"UPM00033536","1968-03","49.017","25.8","318.0","CHORTKIV, UP","","","","","14","1,I","4","1,I","0","1,I","","","","","","","","","","","","","","","","","8.7","1,,I,11,","","","","","","","37.6","1,,,I","","","","","",""
"UPM00033536","1968-04","49.017","25.8","318.0","CHORTKIV, UP","","","","","5",",I","2",",I","0",",I","","","","","","","","","","","","","","","","","16.0",",,I,09,","","","","","","","24.1",",,,I","","","","","",""
"UPM00033536","1968-05","49.017","25.8","318.0","CHORTKIV, UP","","","","","12",",I","7",",I","0",",I","","","","","","","","","","","","","","","","","21.0",",,I,20,","","","","","","","50.4",",,,I","","","","","",""
"UPM00033536","1968-06","49.017","25.8","318.0","CHORTKIV, UP","","","","","6",",I","1",",I","0",",I","","","","","","","","","","","","","","","","","6.1",",,I,12,","","","","","","","12.4",",,,I","","","","","",""
"UPM00033536","1968-07","49.017","25.8","318.0","CHORTKIV, UP","","","","","19",",I","12",",I","0",",I","","","","","","","","","","","","","","","","","22.6",",,I,27,","","","","","","","114.7",",,,I","","","","","",""
"UPM00033536","1968-08","49.017","25.8","318.0","CHORTKIV, UP","","","","","10",",I","7",",I","2",",I","","","","","","","","","","","","","","","","","46.2",",,I,24,","","","","","","","140.9",",,,I","","","","","",""
"UPM00033536","1968-09","49.017","25.8","318.0","CHORTKIV, UP","","","","","17",",I","7",",I","0",",I","","","","","","","","","","","","","","","","","22.8",",,I,19,","","","","","","","73.3",",,,I","","","","","",""
"UPM00033536","1968-10","49.017","25.8","318.0","CHORTKIV, UP","","","","","13",",I","7",",I","0",",I","","","","","","","","","","","","","","","","","8.7",",,I,03,","","","","","","","43.3",",,,I","","","","","",""
"UPM00033536","1968-11","49.017","25.8","318.0","CHORTKIV, UP","","","","","13",",I","3",",I","0",",I","","","","","","","","","","","","","","","","","3.7",",,I,21,","","","","","","","22.9",",,,I","","","","","",""
"UPM00033536","1968-12","49.017","25.8","318.0","CHORTKIV, UP","","","","","10",",I","4",",I","0",",I","","","","","","","","","","","","","","","","","9.2",",,I,31,","","","","","","","31.1",",,,I","","","","","",""
"UPM00033536","1969-01","49.017","25.8","318.0","CHORTKIV, UP","","","","","17",",I","1",",I","0",",I","","","","","","","","","","","","","","","","","7.2",",,I,24,","","","","","","","24.0",",,,I","","","","","",""
"UPM00033536","1969-02","49.017","25.8","318.0","CHORTKIV, UP","","","","","16",",I","6",",I","0",",I","","","","","","","","","","","","","","","","","9.6",",,I,17,","","","","","","","39.0",",,,I","","","","","",""
"UPM00033536","1969-03","49.017","25.8","318.0","CHORTKIV, UP","","","","","14",",I","6",",I","0",",I","","","","","","","","","","","","","","","","","11.1",",,I,18,","","","","","","","54.0",",,,I","","","","","",""
"UPM00033536","1969-04","49.017","25.8","318.0","CHORTKIV, UP","","","","","11",",I","6",",I","0",",I","","","","","","","","","","","","","","","","","17.4",",,I,19,","","","","","","","39.7",",,,I","","","","","",""
"UPM00033536","1969-05","49.017","25.8","318.0","CHORTKIV, UP","","","","","9",",I","3",",I","1",",I","","","","","","","","","","","","","","","","","27.3",",,I,27,","","","","","","","40.2",",,,I","","","","","",""
"UPM00033536","1969-06","49.017","25.8","318.0","CHORTKIV, UP","","","","","20",",I","17",",I","2",",I","","","","","","","","","","","","","","","","","52.5",",,I,08,","","","","","","","221.2",",,,I","","","","","",""
"UPM00033536","1969-07","49.017","25.8","318.0","CHORTKIV, UP","","","","","11",",I","7",",I","1",",I","","","","","","","","","","","","","","","","","44.3",",,I,13,","","","","","","","115.4",",,,I","","","","","",""
"UPM00033536","1969-08","49.017","25.8","318.0","CHORTKIV, UP","","","","","15",",I","9",",I","2",",I","","","","","","","","","","","","","","","","","45.3",",,I,18,","","","","","","","138.6",",,,I","","","","","",""
"UPM00033536","1969-09","49.017","25.8","318.0","CHORTKIV, UP","","","","","4",",I","1",",I","0",",I","","","","","","","","","","","","","","","","","6.9",",,I,04,","","","","","","","8.8",",,,I","","","","","",""
"UPM00033536","1969-10","49.017","25.8","318.0","CHORTKIV, UP","","","","","6",",I","1",",I","0",",I","","","","","","","","","","","","","","","","","11.6",",,I,02,","","","","","","","15.1",",,,I","","","","","",""
"UPM00033536","1969-11","49.017","25.8","318.0","CHORTKIV, UP","","","","","12",",I","4",",I","0",",I","","","","","","","","","","","","","","","","","4.3",",,I,28,","","","","","","","23.9",",,,I","","","","","",""
"UPM00033536","1969-12","49.017","25.8","318.0","CHORTKIV, UP","","","","","20",",I","10",",I","0",",I","","","","","","","","","","","","","","","","","9.0",",,I,02,","","","","","","","66.8",",,,I","","","","","",""
"UPM00033536","1970-01","49.017","25.8","318.0","CHORTKIV, UP","","","","","14","1,I","5","1,I","0","1,I","","","","","","","","","","","","","","","","","16.1","1,,I,18,","","","","","","","46.9","1,,,I","","","","","",""
"UPM00033536","1970-02","49.017","25.8","318.0","CHORTKIV, UP","","","","","17",",I","10",",I","0",",I","","","","","","","","","","","","","","","","","12.2",",,I,26,","","","","","","","73.5",",,,I","","","","","",""
"UPM00033536","1970-03","49.017","25.8","318.0","CHORTKIV, UP","","","","","14",",I","6",",I","0",",I","","","","","","","","","","","","","","","","","9.0",",,I,20,","","","","","","","38.3",",,,I","","","","","",""
"UPM00033536","1970-04","49.017","25.8","318.0","CHORTKIV, UP","","","","","12",",I","7",",I","0",",I","","","","","","","","","","","","","","","","","13.2",",,I,13,","","","","","","","44.4",",,,I","","","","","",""
"UPM00033536","1970-05","49.017","25.8","318.0","CHORTKIV, UP","","","","","20",",I","12",",I","0",",I","","","","","","","","","","","","","","","","","22.4",",,I,18,","","","","","","","128.2",",,,I","","","","","",""
"UPM00033536","1970-08","49.017","25.8","318.0","CHORTKIV, UP","","","","","7",",I","3",",I","1",",I","","","","","","","","","","","","","","","","","26.5",",,I,07,","","","","","","","37.3",",,,I","","","","","",""
"UPM00033536","1970-09","49.017","25.8","318.0","CHORTKIV, UP","","","","","14","1,I","2","1,I","0","1,I","","","","","","","","","","","","","","","","","23.5","1,,I,19,","","","","","","","38.2","1,,,I","","","","","",""
"UPM00033536","1970-10","49.017","25.8","318.0","CHORTKIV, UP","","","","","15",",I","8",",I","0",",I","","","","","","","","","","","","","","","","","14.5",",,I,23,","","","","","","","58.4",",,,I","","","","","",""
"UPM00033536","1970-11","49.017","25.8","318.0","CHORTKIV, UP","","","","","15","1,I","6","1,I","0","1,I","","","","","","","","","","","","","","","","","18.8","1,,I,20,","","","","","","","53.8","1,,,I","","","","","",""
"UPM00033536","1970-12","49.017","25.8","318.0","CHORTKIV, UP","","","","","22",",I","9",",I","0",",I","","","","","","","","","","","","","","","","","17.3",",,I,01,","","","","","","","83.5",",,,I","","","","","",""
"UPM00033536","1971-01","49.017","25.8","318.0","CHORTKIV, UP","","","","","9","1,I","4","1,I","0","1,I","","","","","","","","","","","","","","","","","8.4","1,,I,03,","","","","","","","24.1","1,,,I","","","","","",""
"UPM00033536","1971-02","49.017","25.8","318.0","CHORTKIV, UP","","","","","15",",I","3",",I","0",",I","","","","","","","","","","","","","","","","","3.9",",,I,14,","","","","","","","17.7",",,,I","","","","","",""
"UPM00033536","1971-03","49.017","25.8","318.0","CHORTKIV, UP","","","","","18",",I","5",",I","0",",I","","","","","","","","","","","","","","","","","16.4",",,I,07,","","","","","","","62.1",",,,I","","","","","",""
"UPM00033536","1971-04","49.017","25.8","318.0","CHORTKIV, UP","","","","","7",",I","3",",I","0",",I","","","","","","","","","","","","","","","","","7.1",",,I,18,","","","","","","","22.6",",,,I","","","","","",""
"UPM00033536","1971-05","49.017","25.8","318.0","CHORTKIV, UP","","","","","14",",I","9",",I","1",",I","","","","","","","","","","","","","","","","","40.0",",,I,24,","","","","","","","110.8",",,,I","","","","","",""
"UPM00033536","1971-06","49.017","25.8","318.0","CHORTKIV, UP","","","","","10",",I","6",",I","0",",I","","","","","","","","","","","","","","","","","20.1",",,I,19,","","","","","","","69.3",",,,I","","","","","",""
"UPM00033536","1971-07","49.017","25.8","318.0","CHORTKIV, UP","","","","","11",",I","10",",I","2",",I","","","","","","","","","","","","","","","","","58.7",",,I,03,","","","","","","","177.4",",,,I","","","","","",""
"UPM00033536","1971-08","49.017","25.8","318.0","CHORTKIV, UP","","","","","7",",I","5",",I","0",",I","","","","","","","","","","","","","","","","","20.6",",,I,24,","","","","","","","71.8",",,,I","","","","","",""
"UPM00033536","1971-09","49.017","25.8","318.0","CHORTKIV, UP","","","","","11",",I","4",",I","0",",I","","","","","","","","","","","","","","","","","9.6",",,I,07,","","","","","","","32.7",",,,I","","","","","",""
"UPM00033536","1971-10","49.017","25.8","318.0","CHORTKIV, UP","","","","","10",",I","4",",I","0",",I","","","","","","","","","","","","","","","","","7.9",",,I,05,","","","","","","","24.1",",,,I","","","","","",""
"UPM00033536","1971-11","49.017","25.8","318.0","CHORTKIV, UP","","","","","16",",I","3",",I","0",",I","","","","","","","","","","","","","","","","","4.0",",,I,20,","","","","","","","20.6",",,,I","","","","","",""
"UPM00033536","1971-12","49.017","25.8","318.0","CHORTKIV, UP","","","","","23",",I","9",",I","0",",I","","","","","","","","","","","","","","","","","10.7",",,I,24,","","","","","","","50.6",",,,I","","","","","",""
"UPM00033536","1972-01","49.017","25.8","318.0","CHORTKIV, UP","","","","","12",",I","5",",I","0",",I","","","","","","","","","","","","","","","","","14.1",",,I,31,","","","","","","","36.5",",,,I","","","","","",""
"UPM00033536","1972-02","49.017","25.8","318.0","CHORTKIV, UP","","","","","8",",I","2",",I","0",",I","","","","","","","","","","","","","","","","","5.5",",,I,24,","","","","","","","17.9",",,,I","","","","","",""
"UPM00033536","1972-03","49.017","25.8","318.0","CHORTKIV, UP","","","","","8",",I","2",",I","0",",I","","","","","","","","","","","","","","","","","5.8",",,I,11,","","","","","","","14.0",",,,I","","","","","",""
"UPM00033536","1972-04","49.017","25.8","318.0","CHORTKIV, UP","","","","","14",",I","7",",I","0",",I","","","","","","","","","","","","","","","","","14.6",",,I,26,","","","","","","","56.1",",,,I","","","","","",""
"UPM00033536","1972-05","49.017","25.8","318.0","CHORTKIV, UP","","","","","17",",I","8",",I","0",",I","","","","","","","","","","","","","","","","","15.0",",,I,23,","","","","","","","60.1",",,,I","","","","","",""
"UPM00033536","1972-07","49.017","25.8","318.0","CHORTKIV, UP","","","","","12",",I","9",",I","2",",I","","","","","","","","","","","","","","","","","69.0",",,I,02,","","","","","","","181.4",",,,I","","","","","",""
"UPM00033536","1972-08","49.017","25.8","318.0","CHORTKIV, UP","","","","","11","3,I","9","3,I","0","3,I","","","","","","","","","","","","","","","","","19.9","3,,I,04,","","","","","","","107.5","3,,,I","","","","","",""
"UPM00033536","1972-09","49.017","25.8","318.0","CHORTKIV, UP","","","","","10",",I","6",",I","1",",I","","","","","","","","","","","","","","","","","28.9",",,I,01,","","","","","","","66.6",",,,I","","","","","",""
"UPM00033536","1972-10","49.017","25.8","318.0","CHORTKIV, UP","","","","","13",",I","4",",I","0",",I","","","","","","","","","","","","","","","","","8.5",",,I,23,","","","","","","","37.3",",,,I","","","","","",""
"UPM00033536","1972-11","49.017","25.8","318.0","CHORTKIV, UP","","","","","14",",I","6",",I","0",",I","","","","","","","","","","","","","","","","","10.2",",,I,15,","","","","","","","34.9",",,,I","","","","","",""
"UPM00033536","1972-12","49.017","25.8","318.0","CHORTKIV, UP","","","","","7",",I","0",",I","0",",I","","","","","","","","","","","","","","","","","1.7",",,I,10,","","","","","","","6.7",",,,I","","","","","",""
"UPM00033536","1973-01","49.017","25.8","318.0","CHORTKIV, UP","","","","","9",",I","0",",I","0",",I","","","","","","","","","","","","","","","","","1.1",",,I,22,","","","","","","","5.6",",,,I","","","","","",""
"UPM00033536","1973-02","49.017","25.8","318.0","CHORTKIV, UP","","","","","15",",I","8",",I","0",",I","","","","","","","","","","","","","","","","","16.2",",,I,17,","","","","","","","67.5",",,,I","","","","","",""
"UPM00033536","1973-03","49.017","25.8","318.0","CHORTKIV, UP","","","","","11",",I","3",",I","0",",I","","","","","","","","","","","","","","","","","4.6",",,I,09,","","","","","","","20.8",",,,I","","","","","",""
"UPM00033536","1973-04","49.017","25.8","318.0","CHORTKIV, UP","","","","","8",",I","2",",I","0",",I","","","","","","","","","","","","","","","","","4.6",",,I,22,","","","","","","","12.0",",,,I","","","","","",""
"UPM00033536","1973-05","49.017","25.8","318.0","CHORTKIV, UP","","","","","14",",I","9",",I","0",",I","","","","","","","","","","","","","","","","","17.7",",,I,26,","","","","","","","81.4",",,,I","","","","","",""
"UPM00033536","1973-06","49.017","25.8","318.0","CHORTKIV, UP","","","","","20","1,I","11","1,I","0","1,I","","","","","","","","","","","","","","","","","17.8","1,,I,04,","","","","","","","98.0","1,,,I","","","","","",""
"UPM00033536","1973-07","49.017","25.8","318.0","CHORTKIV, UP","","","","","18",",I","9",",I","1",",I","","","","","","","","","","","","","","","","","35.6",",,I,28,","","","","","","","93.6",",,,I","","","","","",""
"UPM00033536","1973-08","49.017","25.8","318.0","CHORTKIV, UP","","","","","9",",I","4",",I","0",",I","","","","","","","","","","","","","","","","","22.9",",,I,22,","","","","","","","54.7",",,,I","","","","","",""
"UPM00033536","1973-09","49.017","25.8","318.0","CHORTKIV, UP","","","","","10",",I","4",",I","0",",I","","","","","","","","","","","","","","","","","7.1",",,I,23,","","","","","","","23.7",",,,I","","","","","",""
"UPM00033536","1973-10","49.017","25.8","318.0","CHORTKIV, UP","","","","","10",",I","4",",I","0",",I","","","","","","","","","","","","","","","","","4.6",",,I,17,","","","","","","","21.1",",,,I","","","","","",""
"UPM00033536","1973-11","49.017","25.8","318.0","CHORTKIV, UP","","","","","13",",I","2",",I","0",",I","","","","","","","","","","","","","","","","","3.1",",,I,20,","","","","","","","19.7",",,,I","","","","","",""
"UPM00033536","1973-12","49.017","25.8","318.0","CHORTKIV, UP","","","","","15",",I","2",",I","0",",I","","","","","","","","","","","","","","","","","3.0",",,I,09,","","","","","","","16.6",",,,I","","","","","",""
"UPM00033536","1974-01","49.017","25.8","318.0","CHORTKIV, UP","","","","","9",",I","4",",I","0",",I","","","","","","","","","","","","","","","","","7.4",",,I,17,","","","","","","","22.6",",,,I","","","","","",""
"UPM00033536","1974-02","49.017","25.8","318.0","CHORTKIV, UP","","","","","9",",I","1",",I","0",",I","","","","","","","","","","","","","","","","","5.9",",,I,05,","","","","","","","10.3",",,,I","","","","","",""
"UPM00033536","1974-03","49.017","25.8","318.0","CHORTKIV, UP","","","","","6",",I","1",",I","0",",I","","","","","","","","","","","","","","","","","4.1",",,I,06,","","","","","","","7.6",",,,I","","","","","",""
"UPM00033536","1974-04","49.017","25.8","318.0","CHORTKIV, UP","","","","","13",",I","5",",I","0",",I","","","","","","","","","","","","","","","","","3.9",",,I,23,","","","","","","","28.9",",,,I","","","","","",""
"UPM00033536","1974-05","49.017","25.8","318.0","CHORTKIV, UP","","","","","17",",I","9",",I","0",",I","","","","","","","","","","","","","","","","","20.8",",,I,23,","","","","","","","85.2",",,,I","","","","","",""
"UPM00033536","1974-07","49.017","25.8","318.0","CHORTKIV, UP","","","","","20","1,I","13","1,I","2","1,I","","","","","","","","","","","","","","","","","43.6","1,,I,22,","","","","","","","154.1","1,,,I","","","","","",""
"UPM00033536","1974-08","49.017","25.8","318.0","CHORTKIV, UP","","","","","10",",I","3",",I","0",",I","","","","","","","","","","","","","","","","","22.4",",,I,05,","","","","","","","50.6",",,,I","","","","","",""
"UPM00033536","1974-09","49.017","25.8","318.0","CHORTKIV, UP","","","","","9",",I","6",",I","2",",I","","","","","","","","","","","","","","","","","42.2",",,I,27,","","","","","","","116.2",",,,I","","","","","",""
"UPM00033536","1974-10","49.017","25.8","318.0","CHORTKIV, UP","","","","","14",",I","8",",I","0",",I","","","","","","","","","","","","","","","","","21.7",",,I,22,","","","","","","","90.8",",,,I","","","","","",""
"UPM00033536","1974-11","49.017","25.8","318.0","CHORTKIV, UP","","","","","7",",I","3",",I","0",",I","","","","","","","","","","","","","","","","","24.1",",,I,02,","","","","","","","52.3",",,,I","","","","","",""
"UPM00033536","1974-12","49.017","25.8","318.0","CHORTKIV, UP","","","","","20",",I","5",",I","0",",I","","","","","","","","","","","","","","","","","6.2",",,I,29,","","","","","","","40.9",",,,I","","","","","",""
"UPM00033536","1975-01","49.017","25.8","318.0","CHORTKIV, UP","","","","","15",",I","0",",I","0",",I","","","","","","","","","","","","","","","","","2.2",",,I,26,","","","","","","","15.6",",,,I","","","","","",""
"UPM00033536","1975-02","49.017","25.8","318.0","CHORTKIV, UP","","","","","8",",I","1",",I","0",",I","","","","","","","","","","","","","","","","","5.2",",,I,20,","","","","","","","10.7",",,,I","","","","","",""
"UPM00033536","1975-03","49.017","25.8","318.0","CHORTKIV, UP","","","","","11",",I","2",",I","0",",I","","","","","","","","","","","","","","","","","16.7",",,I,13,","","","","","","","28.7",",,,I","","","","","",""
"UPM00033536","1975-04","49.017","25.8","318.0","CHORTKIV, UP","","","","","19",",I","11",",I","0",",I","","","","","","","","","","","","","","","","","10.2",",,I,20,","","","","","","","75.5",",,,I","","","","","",""
"UPM00033536","1975-05","49.017","25.8","318.0","CHORTKIV, UP","","","","","7",",I","4",",I","0",",I","","","","","","","","","","","","","","","","","8.4",",,I,11,","","","","","","","26.2",",,,I","","","","","",""
"UPM00033536","1975-06","49.017","25.8","318.0","CHORTKIV, UP","","","","","20",",I","8",",I","0",",I","","","","","","","","","","","","","","","","","25.3",",,I,04,","","","","","","","128.6",",,,I","","","","","",""
"UPM00033536","1975-07","49.017","25.8","318.0","CHORTKIV, UP","","","","","13",",I","8",",I","0",",I","","","","","","","","","","","","","","","","","18.7",",,I,16,","","","","","","","81.7",",,,I","","","","","",""
"UPM00033536","1975-08","49.017","25.8","318.0","CHORTKIV, UP","","","","","10",",I","4",",I","0",",I","","","","","","","","","","","","","","","","","20.9",",,I,07,","","","","","","","54.4",",,,I","","","","","",""
"UPM00033536","1975-09","49.017","25.8","318.0","CHORTKIV, UP","","","","","6",",I","1",",I","0",",I","","","","","","","","","","","","","","","","","9.5",",,I,14,","","","","","","","16.4",",,,I","","","","","",""
"UPM00033536","1975-10","49.017","25.8","318.0","CHORTKIV, UP","","","","","13",",I","5",",I","0",",I","","","","","","","","","","","","","","","","","23.7",",,I,19,","","","","","","","53.6",",,,I","","","","","",""
"UPM00033536","1975-11","49.017","25.8","318.0","CHORTKIV, UP","","","","","4",",I","0",",I","0",",I","","","","","","","","","","","","","","","","","2.0",",,I,11,","","","","","","","3.8",",,,I","","","","","",""
"UPM00033536","1975-12","49.017","25.8","318.0","CHORTKIV, UP","","","","","17","1,I","2","1,I","0","1,I","","","","","","","","","","","","","","","","","15.0","1,,I,18,","","","","","","","32.4","1,,,I","","","","","",""
"UPM00033536","1976-11","49.017","25.8","318.0","CHORTKIV, UP","","","","","14",",I","2",",I","0",",I","","","","","","","","","","","","","","","","","7.6",",,I,18,","","","","","","","25.4",",,,I","","","","","",""
"UPM00033536","1976-12","49.017","25.8","318.0","CHORTKIV, UP","","","","","11",",I","4",",I","0",",I","","","","","","","","","","","","","","","","","13.0",",,I,03,","","","","","","","32.0",",,,I","","","","","",""
"UPM00033536","1977-01","49.017","25.8","318.0","CHORTKIV, UP","","","","","11",",I","3",",I","0",",I","","","","","","","","","","","","","","","","","6.9",",,I,27,","","","","","","","23.1",",,,I","","","","","",""
"UPM00033536","1977-02","49.017","25.8","318.0","CHORTKIV, UP","","","","","13",",I","9",",I","0",",I","","","","","","","","","","","","","","","","","10.3",",,I,02,","","","","","","","46.7",",,,I","","","","","",""
"UPM00033536","1977-03","49.017","25.8","318.0","CHORTKIV, UP","","","","","10",",I","6",",I","0",",I","","","","","","","","","","","","","","","","","10.3",",,I,30,","","","","","","","39.1",",,,I","","","","","",""
"UPM00033536","1977-04","49.017","25.8","318.0","CHORTKIV, UP","","","","","13",",I","9",",I","0",",I","","","","","","","","","","","","","","","","","25.0",",,I,17,","","","","","","","72.7",",,,I","","","","","",""
"UPM00033536","1977-05","49.017","25.8","318.0","CHORTKIV, UP","","","","","12",",I","5",",I","0",",I","","","","","","","","","","","","","","","","","19.3",",,I,17,","","","","","","","51.2",",,,I","","","","","",""
"UPM00033536","1977-06","49.017","25.8","318.0","CHORTKIV, UP","","","","","12",",I","7",",I","2",",I","","","","","","","","","","","","","","","","","43.9",",,I,17,","","","","","","","120.7",",,,I","","","","","",""
"UPM00033536","1977-07","49.017","25.8","318.0","CHORTKIV, UP","","","","","13",",I","9",",I","0",",I","","","","","","","","","","","","","","","","","19.1",",,I,08,","","","","","","","87.6",",,,I","","","","","",""
"UPM00033536","1977-08","49.017","25.8","318.0","CHORTKIV, UP","","","","","12",",I","8",",I","0",",I","","","","","","","","","","","","","","","","","23.2",",,I,01,","","","","","","","65.8",",,,I","","","","","",""
"UPM00033536","1977-09","49.017","25.8","318.0","CHORTKIV, UP","","","","","13",",I","6",",I","0",",I","","","","","","","","","","","","","","","","","13.6",",,I,06,","","","","","","","63.4",",,,I","","","","","",""
"UPM00033536","1977-11","49.017","25.8","318.0","CHORTKIV, UP","","","","","18",",I","10",",I","0",",I","","","","","","","","","","","","","","","","","20.3",",,I,27,","","","","","","","75.7",",,,I","","","","","",""
"UPM00033536","1977-12","49.017","25.8","318.0","CHORTKIV, UP","","","","","18",",I","1",",I","0",",I","","","","","","","","","","","","","","","","","3.2",",,I,05,","","","","","","","18.4",",,,I","","","","","",""
"UPM00033536","1978-01","49.017","25.8","318.0","CHORTKIV, UP","","","","","10",",I","3",",I","0",",I","","","","","","","","","","","","","","","","","5.7",",,I,31,","","","","","","","17.7",",,,I","","","","","",""
"UPM00033536","1978-02","49.017","25.8","318.0","CHORTKIV, UP","","","","","18",",I","6",",I","0",",I","","","","","","","","","","","","","","","","","22.7",",,I,14,","","","","","","","70.5",",,,I","","","","","",""
"UPM00033536","1978-03","49.017","25.8","318.0","CHORTKIV, UP","","","","","15",",I","4",",I","0",",I","","","","","","","","","","","","","","","","","6.6",",,I,07,","","","","","","","29.1",",,,I","","","","","",""
"UPM00033536","1978-04","49.017","25.8","318.0","CHORTKIV, UP","","","","","18",",I","12",",I","0",",I","","","","","","","","","","","","","","","","","22.5",",,I,28,","","","","","","","95.1",",,,I","","","","","",""
"UPM00033536","1978-05","49.017","25.8","318.0","CHORTKIV, UP","","","","","17",",I","10",",I","2",",I","","","","","","","","","","","","","","","","","72.9",",,I,03,","","","","","","","148.2",",,,I","","","","","",""
"UPM00033536","1978-06","49.017","25.8","318.0","CHORTKIV, UP","","","","","13",",I","8",",I","0",",I","","","","","","","","","","","","","","","","","24.1",",,I,30,","","","","","","","100.5",",,,I","","","","","",""
"UPM00033536","1978-07","49.017","25.8","318.0","CHORTKIV, UP","","","","","12",",I","7",",I","1",",I","","","","","","","","","","","","","","","","","29.8",",,I,22,","","","","","","","76.0",",,,I","","","","","",""
"UPM00033536","1978-08","49.017","25.8","318.0","CHORTKIV, UP","","","","","9",",I","5",",I","0",",I","","","","","","","","","","","","","","","","","14.6",",,I,09,","","","","","","","38.6",",,,I","","","","","",""
"UPM00033536","1978-09","49.017","25.8","318.0","CHORTKIV, UP","","","","","21",",I","12",",I","2",",I","","","","","","","","","","","","","","","","","49.5",",,I,01,","","","","","","","169.6",",,,I","","","","","",""
"UPM00033536","1978-12","49.017","25.8","318.0","CHORTKIV, UP","","","","","15",",I","7",",I","0",",I","","","","","","","","","","","","","","","","","22.9",",,I,01,","","","","","","","73.3",",,,I","","","","","",""
"UPM00033536","1979-01","49.017","25.8","318.0","CHORTKIV, UP","","","","","23",",I","12",",I","0",",I","","","","","","","","","","","","","","","","","25.3",",,I,14,","","","","","","","91.2",",,,I","","","","","",""
"UPM00033536","1979-02","49.017","25.8","318.0","CHORTKIV, UP","","","","","6",",I","1",",I","0",",I","","","","","","","","","","","","","","","","","4.4",",,I,13,","","","","","","","11.2",",,,I","","","","","",""
"UPM00033536","1979-03","49.017","25.8","318.0","CHORTKIV, UP","","","","","15",",I","9",",I","0",",I","","","","","","","","","","","","","","","","","7.2",",,I,14,","","","","","","","45.2",",,,I","","","","","",""
"UPM00033536","1979-04","49.017","25.8","318.0","CHORTKIV, UP","","","","","10",",I","6",",I","0",",I","","","","","","","","","","","","","","","","","23.4",",,I,10,","","","","","","","71.3",",,,I","","","","","",""
"UPM00033536","1979-05","49.017","25.8","318.0","CHORTKIV, UP","","","","","7",",I","3",",I","0",",I","","","","","","","","","","","","","","","","","10.5",",,I,09,","","","","","","","29.7",",,,I","","","","","",""
"UPM00033536","1979-06","49.017","25.8","318.0","CHORTKIV, UP","","","","","11",",I","6",",I","0",",I","","","","","","","","","","","","","","","","","10.2",",,I,21,","","","","","","","40.6",",,,I","","","","","",""
"UPM00033536","1979-07","49.017","25.8","318.0","CHORTKIV, UP","","","","","15",",I","6",",I","0",",I","","","","","","","","","","","","","","","","","15.8",",,I,04,","","","","","","","63.2",",,,I","","","","","",""
"UPM00033536","1979-08","49.017","25.8","318.0","CHORTKIV, UP","","","","","14",",I","7",",I","0",",I","","","","","","","","","","","","","","","","","9.7",",,I,14,","","","","","","","49.7",",,,I","","","","","",""
"UPM00033536","1979-09","49.017","25.8","318.0","CHORTKIV, UP","","","","","4",",I","2",",I","1",",I","","","","","","","","","","","","","","","","","34.9",",,I,15,","","","","","","","40.8",",,,I","","","","","",""
"UPM00033536","1979-10","49.017","25.8","318.0","CHORTKIV, UP","","","","","11",",I","6",",I","0",",I","","","","","","","","","","","","","","","","","16.2",",,I,23,","","","","","","","54.7",",,,I","","","","","",""
"UPM00033536","1979-11","49.017","25.8","318.0","CHORTKIV, UP","","","","","16",",I","6",",I","0",",I","","","","","","","","","","","","","","","","","6.4",",,I,21,","","","","","","","39.1",",,,I","","","","","",""
"UPM00033536","1979-12","49.017","25.8","318.0","CHORTKIV, UP","","","","","12",",I","4",",I","0",",I","","","","","","","","","","","","","","","","","8.0",",,I,30,","","","","","","","27.2",",,,I","","","","","",""
"UPM00033536","1980-01","49.017","25.8","318.0","CHORTKIV, UP","","","","","12",",I","5",",I","0",",I","","","","","","","","","","","","","","","","","22.9",",,I,01,","","","","","","","56.0",",,,I","","","","","",""
"UPM00033536","1980-02","49.017","25.8","318.0","CHORTKIV, UP","","","","","12",",I","2",",I","0",",I","","","","","","","","","","","","","","","","","3.4",",,I,29,","","","","","","","17.1",",,,I","","","","","",""
"UPM00033536","1980-03","49.017","25.8","318.0","CHORTKIV, UP","","","","","19",",I","11",",I","0",",I","","","","","","","","","","","","","","","","","15.5",",,I,19,","","","","","","","84.3",",,,I","","","","","",""
"UPM00033536","1980-04","49.017","25.8","318.0","CHORTKIV, UP","","","","","16",",I","6",",I","0",",I","","","","","","","","","","","","","","","","","19.4",",,I,22,","","","","","","","74.2",",,,I","","","","","",""
"UPM00033536","1980-05","49.017","25.8","318.0","CHORTKIV, UP","","","","","17",",I","11",",I","0",",I","","","","","","","","","","","","","","","","","17.9",",,I,14,","","","","","","","87.7",",,,I","","","","","",""
"UPM00033536","1980-06","49.017","25.8","318.0","CHORTKIV, UP","","","","","15",",I","12",",I","0",",I","","","","","","","","","","","","","","","","","21.0",",,I,11,","","","","","","","142.1",",,,I","","","","","",""
"UPM00033536","1980-07","49.017","25.8","318.0","CHORTKIV, UP","","","","","20",",I","12",",I","0",",I","","","","","","","","","","","","","","","","","24.5",",,I,29,","","","","","","","119.0",",,,I","","","","","",""
"UPM00033536","1980-08","49.017","25.8","318.0","CHORTKIV, UP","","","","","17",",I","11",",I","1",",I","","","","","","","","","","","","","","","","","33.3",",,I,01,","","","","","","","137.2",",,,I","","","","","",""
"UPM00033536","1980-09","49.017","25.8","318.0","CHORTKIV, UP","","","","","11",",I","5",",I","0",",I","","","","","","","","","","","","","","","","","22.9",",,I,01,","","","","","","","46.7",",,,I","","","","","",""
"UPM00033536","1980-10","49.017","25.8","318.0","CHORTKIV, UP","","","","","13",",I","9",",I","0",",I","","","","","","","","","","","","","","","","","17.4",",,I,14,","","","","","","","68.0",",,,I","","","","","",""
"UPM00033536","1980-11","49.017","25.8","318.0","CHORTKIV, UP","","","","","19",",I","11",",I","0",",I","","","","","","","","","","","","","","","","","9.9",",,I,07,","","","","","","","68.5",",,,I","","","","","",""
"UPM00033536","1980-12","49.017","25.8","318.0","CHORTKIV, UP","","","","","17",",I","7",",I","1",",I","","","","","","","","","","","","","","","","","25.5",",,I,01,","","","","","","","64.8",",,,I","","","","","",""
"UPM00033536","1981-01","49.017","25.8","318.0","CHORTKIV, UP","","","","","14",",I","7",",I","0",",I","","","","","","","","","","","","","","","","","4.8",",,I,05,","","","","","","","36.8",",,,I","","","","","",""
"UPM00033536","1981-02","49.017","25.8","318.0","CHORTKIV, UP","","","","","11",",I","7",",I","0",",I","","","","","","","","","","","","","","","","","8.8",",,I,12,","","","","","","","50.4",",,,I","","","","","",""
"UPM00033536","1981-04","49.017","25.8","318.0","CHORTKIV, UP","","","","","10",",I","2",",I","0",",I","","","","","","","","","","","","","","","","","6.2",",,I,19,","","","","","","","17.7",",,,I","","","","","",""
"UPM00033536","1981-05","49.017","25.8","318.0","CHORTKIV, UP","","","","","14",",I","11",",I","1",",I","","","","","","","","","","","","","","","","","29.8",",,I,06,","","","","","","","116.8",",,,I","","","","","",""
"UPM00033536","1981-06","49.017","25.8","318.0","CHORTKIV, UP","","","","","12",",I","6",",I","1",",I","","","","","","","","","","","","","","","","","33.4",",,I,24,","","","","","","","103.8",",,,I","","","","","",""
"UPM00033536","1981-07","49.017","25.8","318.0","CHORTKIV, UP","","","","","13",",I","11",",I","2",",I","","","","","","","","","","","","","","","","","32.8",",,I,10,","","","","","","","182.5",",,,I","","","","","",""
"UPM00033536","1981-08","49.017","25.8","318.0","CHORTKIV, UP","","","","","14",",I","9",",I","2",",I","","","","","","","","","","","","","","","","","48.2",",,I,17,","","","","","","","112.9",",,,I","","","","","",""
"UPM00033536","1981-09","49.017","25.8","318.0","CHORTKIV, UP","","","","","10",",I","4",",I","0",",I","","","","","","","","","","","","","","","","","18.2",",,I,02,","","","","","","","39.8",",,,I","","","","","",""
"UPM00033536","1981-10","49.017","25.8","318.0","CHORTKIV, UP","","","","","15",",I","8",",I","1",",I","","","","","","","","","","","","","","","","","25.8",",,I,24,","","","","","","","81.9",",,,I","","","","","",""
"UPM00033536","1981-11","49.017","25.8","318.0","CHORTKIV, UP","","","","","20",",I","9",",I","0",",I","","","","","","","","","","","","","","","","","8.2",",,I,30,","","","","","","","51.2",",,,I","","","","","",""
"UPM00033536","1981-12","49.017","25.8","318.0","CHORTKIV, UP","","","","","14",",I","9",",I","0",",I","","","","","","","","","","","","","","","","","8.8",",,I,13,","","","","","","","60.3",",,,I","","","","","",""
"UPM00033536","1982-01","49.017","25.8","318.0","CHORTKIV, UP","","","","","9",",I","4",",I","0",",I","","","","","","","","","","","","","","","","","6.8",",,I,12,","","","","","","","22.8",",,,I","","","","","",""
"UPM00033536","1982-02","49.017","25.8","318.0","CHORTKIV, UP","","","","","8",",I","2",",I","1",",I","","","","","","","","","","","","","","","","","26.9",",,I,26,","","","","","","","38.2",",,,I","","","","","",""
"UPM00033536","1982-03","49.017","25.8","318.0","CHORTKIV, UP","","","","","8",",I","3",",I","0",",I","","","","","","","","","","","","","","","","","3.4",",,I,12,","","","","","","","13.6",",,,I","","","","","",""
"UPM00033536","1982-04","49.017","25.8","318.0","CHORTKIV, UP","","","","","19",",I","11",",I","0",",I","","","","","","","","","","","","","","","","","11.7",",,I,30,","","","","","","","75.4",",,,I","","","","","",""
"UPM00033536","1982-05","49.017","25.8","318.0","CHORTKIV, UP","","","","","9",",I","5",",I","1",",I","","","","","","","","","","","","","","","","","26.0",",,I,01,","","","","","","","55.7",",,,I","","","","","",""
"UPM00033536","1982-06","49.017","25.8","318.0","CHORTKIV, UP","","","","","17",",I","6",",I","0",",I","","","","","","","","","","","","","","","","","22.0",",,I,15,","","","","","","","80.1",",,,I","","","","","",""
"UPM00033536","1982-07","49.017","25.8","318.0","CHORTKIV, UP","","","","","14",",I","9",",I","1",",I","","","","","","","","","","","","","","","","","44.2",",,I,05,","","","","","","","122.7",",,,I","","","","","",""
"UPM00033536","1982-08","49.017","25.8","318.0","CHORTKIV, UP","","","","","9",",I","5",",I","1",",I","","","","","","","","","","","","","","","","","35.8",",,I,02,","","","","","","","85.5",",,,I","","","","","",""
"UPM00033536","1982-09","49.017","25.8","318.0","CHORTKIV, UP","","","","","4",",I","1",",I","0",",I","","","","","","","","","","","","","","","","","3.8",",,I,24,","","","","","","","7.2",",,,I","","","","","",""
"UPM00033536","1982-10","49.017","25.8","318.0","CHORTKIV, UP","","","","","8",",I","1",",I","0",",I","","","","","","","","","","","","","","","","","5.1",",,I,26,","","","","","","","10.9",",,,I","","","","","",""
"UPM00033536","1982-11","49.017","25.8","318.0","CHORTKIV, UP","","","","","7",",I","2",",I","0",",I","","","","","","","","","","","","","","","","","5.6",",,I,17,","","","","","","","13.1",",,,I","","","","","",""
"UPM00033536","1982-12","49.017","25.8","318.0","CHORTKIV, UP","","","","","16",",I","2",",I","0",",I","","","","","","","","","","","","","","","","","5.6",",,I,26,","","","","","","","26.4",",,,I","","","","","",""
"UPM00033536","1983-01","49.017","25.8","318.0","CHORTKIV, UP","","","","","18",",I","4",",I","0",",I","","","","","","","","","","","","","","","","","9.2",",,I,05,","","","","","","","32.5",",,,I","","","","","",""
"UPM00033536","1983-02","49.017","25.8","318.0","CHORTKIV, UP","","","","","15",",I","1",",I","0",",I","","","","","","","","","","","","","","","","","4.2",",,I,17,","","","","","","","19.3",",,,I","","","","","",""
"UPM00033536","1983-03","49.017","25.8","318.0","CHORTKIV, UP","","","","","16",",I","5",",I","0",",I","","","","","","","","","","","","","","","","","16.6",",,I,28,","","","","","","","48.1",",,,I","","","","","",""
"UPM00033536","1983-04","49.017","25.8","318.0","CHORTKIV, UP","","","","","17",",I","6",",I","0",",I","","","","","","","","","","","","","","","","","21.2",",,I,04,","","","","","","","68.3",",,,I","","","","","",""
"UPM00033536","1983-05","49.017","25.8","318.0","CHORTKIV, UP","","","","","13",",I","9",",I","1",",I","","","","","","","","","","","","","","","","","30.9",",,I,02,","","","","","","","109.2",",,,I","","","","","",""
"UPM00033536","1983-07","49.017","25.8","318.0","CHORTKIV, UP","","","","","14",",I","8",",I","1",",I","","","","","","","","","","","","","","","","","26.6",",,I,03,","","","","","","","82.4",",,,I","","","","","",""
"UPM00033536","1983-08","49.017","25.8","318.0","CHORTKIV, UP","","","","","10",",I","6",",I","0",",I","","","","","","","","","","","","","","","","","18.6",",,I,05,","","","","","","","69.8",",,,I","","","","","",""
"UPM00033536","1983-09","49.017","25.8","318.0","CHORTKIV, UP","","","","","5",",I","4",",I","0",",I","","","","","","","","","","","","","","","","","25.1",",,I,13,","","","","","","","36.7",",,,I","","","","","",""
"UPM00033536","1983-10","49.017","25.8","318.0","CHORTKIV, UP","","","","","10",",I","5",",I","0",",I","","","","","","","","","","","","","","","","","7.3",",,I,10,","","","","","","","29.6",",,,I","","","","","",""
"UPM00033536","1983-11","49.017","25.8","318.0","CHORTKIV, UP","","","","","12",",I","3",",I","0",",I","","","","","","","","","","","","","","","","","3.7",",,I,29,","","","","","","","15.3",",,,I","","","","","",""
"UPM00033536","1983-12","49.017","25.8","318.0","CHORTKIV, UP","","","","","9",",I","0",",I","0",",I","","","","","","","","","","","","","","","","","2.0",",,I,24,","","","","","","","5.9",",,,I","","","","","",""
"UPM00033536","1984-01","49.017","25.8","318.0","CHORTKIV, UP","","","","","13",",I","5",",I","0",",I","","","","","","","","","","","","","","","","","7.5",",,I,26,","","","","","","","33.4",",,,I","","","","","",""
"UPM00033536","1984-02","49.017","25.8","318.0","CHORTKIV, UP","","","","","21",",I","9",",I","0",",I","","","","","","","","","","","","","","","","","20.8",",,I,11,","","","","","","","84.5",",,,I","","","","","",""
"UPM00033536","1984-03","49.017","25.8","318.0","CHORTKIV, UP","","","","","13","1,I","4","1,I","0","1,I","","","","","","","","","","","","","","","","","16.7","1,,I,04,","","","","","","","35.7","1,,,I","","","","","",""
"UPM00033536","1984-04","49.017","25.8","318.0","CHORTKIV, UP","","","","","7",",I","3",",I","0",",I","","","","","","","","","","","","","","","","","7.9",",,I,29,","","","","","","","18.5",",,,I","","","","","",""
"UPM00033536","1984-05","49.017","25.8","318.0","CHORTKIV, UP","","","","","15",",I","12",",I","1",",I","","","","","","","","","","","","","","","","","35.7",",,I,25,","","","","","","","141.6",",,,I","","","","","",""
"UPM00033536","1984-06","49.017","25.8","318.0","CHORTKIV, UP","","","","","21",",I","7",",I","1",",I","","","","","","","","","","","","","","","","","27.9",",,I,04,","","","","","","","76.9",",,,I","","","","","",""
"UPM00033536","1984-07","49.017","25.8","318.0","CHORTKIV, UP","","","","","17",",I","11",",I","0",",I","","","0","4,S","0","4,S","","","","","","","6.1","4,S,02,","","","16.8",",,I,18,","","","","","","","81.5",",,,I","","","","","11.87","4,,,S"
"UPM00033536","1984-08","49.017","25.8","318.0","CHORTKIV, UP","","","","","6",",I","2",",I","0",",I","","","0","2,S","0","2,S","","","","","","","4.2","2,S,28,","","","5.0",",,I,03,","","","","","","","13.7",",,,I","","","","","11.20","2,,,S"
"UPM00033536","1984-09","49.017","25.8","318.0","CHORTKIV, UP","","","","","14",",I","7",",I","0",",I","","","","","","","","","","","","","","","","","15.7",",,I,22,","","","","","","","51.8",",,,I","","","","","",""
"UPM00033536","1984-10","49.017","25.8","318.0","CHORTKIV, UP","","","","","13",",I","1",",I","0",",I","","","","","","","","","","","","","","","","","6.4",",,I,16,","","","","","","","19.4",",,,I","","","","","",""
"UPM00033536","1984-11","49.017","25.8","318.0","CHORTKIV, UP","","","","","15",",I","3",",I","0",",I","","","","","","","","","","","","","","","","","7.7",",,I,17,","","","","","","","30.4",",,,I","","","","","",""
"UPM00033536","1984-12","49.017","25.8","318.0","CHORTKIV, UP","","","","","18",",I","6",",I","0",",I","","","","","","","","","","","","","","","","","8.9",",,I,22,","","","","","","","48.0",",,,I","","","","","",""
"UPM00033536","1985-01","49.017","25.8","318.0","CHORTKIV, UP","","","","","12",",I","6",",I","0",",I","","","","","","","","","","","","","","","","","9.4",",,I,07,","","","","","","","35.9",",,,I","","","","","",""
"UPM00033536","1985-02","49.017","25.8","318.0","CHORTKIV, UP","","","","","21",",I","8",",I","0",",I","","","","","","","","","","","","","","","","","14.8",",,I,10,","","","","","","","64.7",",,,I","","","","","",""
"UPM00033536","1985-03","49.017","25.8","318.0","CHORTKIV, UP","","","","","9",",I","2",",I","0",",I","","","","","","","","","","","","","","","","","4.4",",,I,25,","","","","","","","13.7",",,,I","","","","","",""
"UPM00033536","1985-04","49.017","25.8","318.0","CHORTKIV, UP","","","","","12",",I","4",",I","0",",I","","","","","","","","","","","","","","","","","11.1",",,I,29,","","","","","","","46.9",",,,I","","","","","",""
"UPM00033536","1985-05","49.017","25.8","318.0","CHORTKIV, UP","","","","","12",",I","7",",I","1",",I","","","","","","","","","","","","","","","","","27.9",",,I,18,","","","","","","","74.3",",,,I","","","","","",""
"UPM00033536","1985-06","49.017","25.8","318.0","CHORTKIV, UP","","","","","17",",I","10",",I","2",",I","","","","","","","","","","","","","","","","","27.2",",,I,18,","","","","","","","146.1",",,,I","","","","","",""
"UPM00033536","1985-07","49.017","25.8","318.0","CHORTKIV, UP","","","","","13",",I","4",",I","1",",I","","","","","","","","","","","","","","","","","36.7",",,I,21,","","","","","","","65.3",",,,I","","","","","",""
"UPM00033536","1985-08","49.017","25.8","318.0","CHORTKIV, UP","","","","","12",",I","8",",I","0",",I","","","","","","","","","","","","","","","","","20.5",",,I,09,","","","","","","","82.8",",,,I","","","","","",""
"UPM00033536","1985-09","49.017","25.8","318.0","CHORTKIV, UP","","","","","14",",I","5",",I","0",",I","","","","","","","","","","","","","","","","","11.1",",,I,04,","","","","","","","36.4",",,,I","","","","","",""
"UPM00033536","1985-10","49.017","25.8","318.0","CHORTKIV, UP","","","","","10",",I","2",",I","0",",I","","","","","","","","","","","","","","","","","13.0",",,I,10,","","","","","","","24.9",",,,I","","","","","",""
"UPM00033536","1985-11","49.017","25.8","318.0","CHORTKIV, UP","","","","","15",",I","8",",I","0",",I","","","","","","","","","","","","","","","","","9.7",",,I,25,","","","","","","","55.6",",,,I","","","","","",""
"UPM00033536","1985-12","49.017","25.8","318.0","CHORTKIV, UP","","","","","16",",I","7",",I","0",",I","","","","","","","","","","","","","","","","","12.3",",,I,17,","","","","","","","49.1",",,,I","","","","","",""
"UPM00033536","1986-01","49.017","25.8","318.0","CHORTKIV, UP","","","","","14",",I","4",",I","0",",I","","","","","","","","","","","","","","","","","7.1",",,I,05,","","","","","","","31.0",",,,I","","","","","",""
"UPM00033536","1986-02","49.017","25.8","318.0","CHORTKIV, UP","","","","","16",",I","5",",I","0",",I","","","","","","","","","","","","","","","","","9.2",",,I,08,","","","","","","","38.4",",,,I","","","","","",""
"UPM00033536","1986-03","49.017","25.8","318.0","CHORTKIV, UP","","","","","8",",I","2",",I","0",",I","","","","","","","","","","","","","","","","","4.6",",,I,03,","","","","","","","15.0",",,,I","","","","","",""
"UPM00033536","1986-04","49.017","25.8","318.0","CHORTKIV, UP","","","","","10",",I","6",",I","0",",I","","","","","","","","","","","","","","","","","18.2",",,I,20,","","","","","","","56.9",",,,I","","","","","",""
"UPM00033536","1986-05","49.017","25.8","318.0","CHORTKIV, UP","","","","","5",",I","1",",I","0",",I","","","","","","","","","","","","","","","","","3.4",",,I,18,","","","","","","","7.9",",,,I","","","","","",""
"UPM00033536","1986-06","49.017","25.8","318.0","CHORTKIV, UP","","","","","14",",I","7",",I","0",",I","","","","","","","","","","","","","","","","","12.2",",,I,07,","","","","","","","52.8",",,,I","","","","","",""
"UPM00033536","1986-07","49.017","25.8","318.0","CHORTKIV, UP","","","","","14",",I","7",",I","1",",I","","","","","","","","","","","","","","","","","35.4",",,I,25,","","","","","","","94.8",",,,I","","","","","",""
"UPM00033536","1986-08","49.017","25.8","318.0","CHORTKIV, UP","","","","","7",",I","4",",I","0",",I","","","","","","","","","","","","","","","","","21.4",",,I,30,","","","","","","","54.0",",,,I","","","","","",""
"UPM00033536","1986-09","49.017","25.8","318.0","CHORTKIV, UP","","","","","5",",I","0",",I","0",",I","","","","","","","","","","","","","","","","","1.5",",,I,24,","","","","","","","4.1",",,,I","","","","","",""
"UPM00033536","1986-10","49.017","25.8","318.0","CHORTKIV, UP","","","","","9",",I","1",",I","0",",I","","","","","","","","","","","","","","","","","7.5",",,I,24,","","","","","","","15.0",",,,I","","","","","",""
"UPM00033536","1986-11","49.017","25.8","318.0","CHORTKIV, UP","","","","","11",",I","4",",I","0",",I","","","","","","","","","","","","","","","","","8.9",",,I,03,","","","","","","","28.3",",,,I","","","","","",""
"UPM00033536","1986-12","49.017","25.8","318.0","CHORTKIV, UP","","","","","13",",I","4",",I","0",",I","","","","","","","","","","","","","","","","","7.9",",,I,16,","","","","","","","23.7",",,,I","","","","","",""
"UPM00033536","1987-01","49.017","25.8","318.0","CHORTKIV, UP","","","","","19",",I","6",",I","0",",I","","","","","","","","","","","","","","","","","6.5",",,I,17,","","","","","","","39.1",",,,I","","","","","",""
"UPM00033536","1987-02","49.017","25.8","318.0","CHORTKIV, UP","","","","","9",",I","3",",I","0",",I","","","","","","","","","","","","","","","","","10.1",",,I,21,","","","","","","","19.0",",,,I","","","","","",""
"UPM00033536","1987-03","49.017","25.8","318.0","CHORTKIV, UP","","","","","18",",I","5",",I","0",",I","","","","","","","","","","","","","","","","","7.4",",,I,31,","","","","","","","41.0",",,,I","","","","","",""
"UPM00033536","1987-04","49.017","25.8","318.0","CHORTKIV, UP","","","","","10",",I","3",",I","0",",I","","","","","","","","","","","","","","","","","6.6",",,I,26,","","","","","","","21.6",",,,I","","","","","",""
"UPM00033536","1987-05","49.017","25.8","318.0","CHORTKIV, UP","","","","","12",",I","6",",I","1",",I","","","","","","","","","","","","","","","","","43.0",",,I,22,","","","","","","","105.2",",,,I","","","","","",""
"UPM00033536","1987-06","49.017","25.8","318.0","CHORTKIV, UP","","","","","11",",I","6",",I","0",",I","","","","","","","","","","","","","","","","","18.5",",,I,22,","","","","","","","49.4",",,,I","","","","","",""
"UPM00033536","1987-07","49.017","25.8","318.0","CHORTKIV, UP","","","","","10",",I","4",",I","0",",I","","","","","","","","","","","","","","","","","23.0",",,I,26,","","","","","","","64.1",",,,I","","","","","",""
"UPM00033536","1987-08","49.017","25.8","318.0","CHORTKIV, UP","","","","","16",",I","7",",I","0",",I","","","","","","","","","","","","","","","","","17.5",",,I,06,","","","","","","","64.9",",,,I","","","","","",""
"UPM00033536","1987-09","49.017","25.8","318.0","CHORTKIV, UP","","","","","12",",I","7",",I","0",",I","","","","","","","","","","","","","","","","","8.9",",,I,27,","","","","","","","51.2",",,,I","","","","","",""
"UPM00033536","1987-10","49.017","25.8","318.0","CHORTKIV, UP","","","","","10",",I","7",",I","0",",I","","","","","","","","","","","","","","","","","18.7",",,I,14,","","","","","","","57.6",",,,I","","","","","",""
"UPM00033536","1987-11","49.017","25.8","318.0","CHORTKIV, UP","","","","","19",",I","7",",I","0",",I","","","","","","","","","","","","","","","","","12.7",",,I,22,","","","","","","","58.7",",,,I","","","","","",""
"UPM00033536","1987-12","49.017","25.8","318.0","CHORTKIV, UP","","","","","14",",I","7",",I","0",",I","","","","","","","","","","","","","","","","","10.1",",,I,02,","","","","","","","53.4",",,,I","","","","","",""
"UPM00033536","1988-01","49.017","25.8","318.0","CHORTKIV, UP","","","","","12",",I","7",",I","0",",I","","","","","","","","","","","","","","","","","15.1",",,I,31,","","","","","","","61.3",",,,I","","","","","",""
"UPM00033536","1988-02","49.017","25.8","318.0","CHORTKIV, UP","","","","","14",",I","2",",I","0",",I","","","","","","","","","","","","","","","","","8.6",",,I,28,","","","","","","","24.9",",,,I","","","","","",""
"UPM00033536","1988-03","49.017","25.8","318.0","CHORTKIV, UP","","","","","15",",I","4",",I","0",",I","","","","","","","","","","","","","","","","","9.1",",,I,24,","","","","","","","32.7",",,,I","","","","","",""
"UPM00033536","1988-04","49.017","25.8","318.0","CHORTKIV, UP","","","","","12",",I","7",",I","0",",I","","","","","","","","","","","","","","","","","9.9",",,I,10,","","","","","","","38.4",",,,I","","","","","",""
"UPM00033536","1988-05","49.017","25.8","318.0","CHORTKIV, UP","","","","","15",",I","10",",I","0",",I","","","","","","","","","","","","","","","","","19.3",",,I,24,","","","","","","","98.6",",,,I","","","","","",""
"UPM00033536","1988-06","49.017","25.8","318.0","CHORTKIV, UP","","","","","17",",I","10",",I","0",",I","","","","","","","","","","","","","","","","","19.8",",,I,02,","","","","","","","103.4",",,,I","","","","","",""
"UPM00033536","1988-07","49.017","25.8","318.0","CHORTKIV, UP","","","","","14",",I","10",",I","1",",I","","","","","","","","","","","","","","","","","55.2",",,I,25,","","","","","","","119.5",",,,I","","","","","",""
"UPM00033536","1988-08","49.017","25.8","318.0","CHORTKIV, UP","","","","","11",",I","6",",I","0",",I","","","","","","","","","","","","","","","","","14.2",",,I,05,","","","","","","","61.4",",,,I","","","","","",""
"UPM00033536","1988-09","49.017","25.8","318.0","CHORTKIV, UP","","","","","10",",I","6",",I","0",",I","","","","","","","","","","","","","","","","","9.1",",,I,07,","","","","","","","51.2",",,,I","","","","","",""
"UPM00033536","1988-10","49.017","25.8","318.0","CHORTKIV, UP","","","","","8",",I","2",",I","0",",I","","","","","","","","","","","","","","","","","6.3",",,I,19,","","","","","","","15.7",",,,I","","","","","",""
"UPM00033536","1988-11","49.017","25.8","318.0","CHORTKIV, UP","","","","","13",",I","4",",I","0",",I","","","","","","","","","","","","","","","","","7.8",",,I,14,","","","","","","","31.1",",,,I","","","","","",""
"UPM00033536","1988-12","49.017","25.8","318.0","CHORTKIV, UP","","","","","23",",I","4",",I","0",",I","","","","","","","","","","","","","","","","","6.3",",,I,03,","","","","","","","36.5",",,,I","","","","","",""
"UPM00033536","1989-01","49.017","25.8","318.0","CHORTKIV, UP","","","","","7",",I","1",",I","0",",I","","","","","","","","","","","","","","","","","2.5",",,I,08,","","","","","","","6.1",",,,I","","","","","",""
"UPM00033536","1989-02","49.017","25.8","318.0","CHORTKIV, UP","","","","","6",",I","2",",I","0",",I","","","","","","","","","","","","","","","","","3.6",",,I,20,","","","","","","","8.7",",,,I","","","","","",""
"UPM00033536","1989-03","49.017","25.8","318.0","CHORTKIV, UP","","","","","10",",I","0",",I","0",",I","","","","","","","","","","","","","","","","","2.2",",,I,22,","","","","","","","8.2",",,,I","","","","","",""
"UPM00033536","1989-04","49.017","25.8","318.0","CHORTKIV, UP","","","","","13",",I","6",",I","0",",I","","","","","","","","","","","","","","","","","7.7",",,I,18,","","","","","","","38.1",",,,I","","","","","",""
"UPM00033536","1989-05","49.017","25.8","318.0","CHORTKIV, UP","","","","","14",",I","6",",I","0",",I","","","","","","","","","","","","","","","","","15.7",",,I,07,","","","","","","","60.6",",,,I","","","","","",""
"UPM00033536","1989-06","49.017","25.8","318.0","CHORTKIV, UP","","","","","18",",I","12",",I","1",",I","","","","","","","","","","","","","","","","","41.2",",,I,22,","","","","","","","151.6",",,,I","","","","","",""
"UPM00033536","1989-07","49.017","25.8","318.0","CHORTKIV, UP","","","","","8",",I","3",",I","0",",I","","","","","","","","","","","","","","","","","9.9",",,I,30,","","","","","","","27.0",",,,I","","","","","",""
"UPM00033536","1989-09","49.017","25.8","318.0","CHORTKIV, UP","","","","","11",",I","6",",I","1",",I","","","","","","","","","","","","","","","","","38.3",",,I,05,","","","","","","","80.3",",,,I","","","","","",""
"UPM00033536","1989-10","49.017","25.8","318.0","CHORTKIV, UP","","","","","11",",I","3",",I","0",",I","","","","","","","","","","","","","","","","","9.8",",,I,10,","","","","","","","28.4",",,,I","","","","","",""
"UPM00033536","1989-11","49.017","25.8","318.0","CHORTKIV, UP","","","","","10",",I","3",",I","0",",I","","","","","","","","","","","","","","","","","4.8",",,I,23,","","","","","","","16.8",",,,I","","","","","",""
"UPM00033536","1989-12","49.017","25.8","318.0","CHORTKIV, UP","","","","","12",",I","2",",I","0",",I","","","","","","","","","","","","","","","","","6.3",",,I,16,","","","","","","","22.2",",,,I","","","","","",""
"UPM00033536","1990-01","49.017","25.8","318.0","CHORTKIV, UP","","","","","7",",I","0",",I","0",",I","","","","","","","","","","","","","","","","","1.3",",,I,27,","","","","","","","5.6",",,,I","","","","","",""
"UPM00033536","1990-02","49.017","25.8","318.0","CHORTKIV, UP","","","","","11",",I","7",",I","0",",I","","","","","","","","","","","","","","","","","6.6",",,I,14,","","","","","","","36.0",",,,I","","","","","",""
"UPM00033536","1990-03","49.017","25.8","318.0","CHORTKIV, UP","","","","","13",",I","1",",I","0",",I","","","","","","","","","","","","","","","","","5.2",",,I,11,","","","","","","","18.0",",,,I","","","","","",""
"UPM00033536","1990-04","49.017","25.8","318.0","CHORTKIV, UP","","","","","13",",I","5",",I","0",",I","","","","","","","","","","","","","","","","","18.3",",,I,08,","","","","","","","56.7",",,,I","","","","","",""
"UPM00033536","1990-05","49.017","25.8","318.0","CHORTKIV, UP","","","","","13",",I","2",",I","0",",I","","","","","","","","","","","","","","","","","15.2",",,I,25,","","","","","","","36.6",",,,I","","","","","",""
"UPM00033536","1990-06","49.017","25.8","318.0","CHORTKIV, UP","","","","","11",",I","6",",I","0",",I","","","","","","","","","","","","","","","","","22.7",",,I,12,","","","","","","","79.0",",,,I","","","","","",""
"UPM00033536","1990-07","49.017","25.8","318.0","CHORTKIV, UP","","","","","13",",I","7",",I","0",",I","","","","","","","","","","","","","","","","","8.9",",,I,03,","","","","","","","44.0",",,,I","","","","","",""
"UPM00033536","1990-08","49.017","25.8","318.0","CHORTKIV, UP","","","","","10",",I","4",",I","0",",I","","","","","","","","","","","","","","","","","6.2",",,I,10,","","","","","","","21.7",",,,I","","","","","",""
"UPM00033536","1990-09","49.017","25.8","318.0","CHORTKIV, UP","","","","","17",",I","5",",I","0",",I","","","","","","","","","","","","","","","","","9.5",",,I,17,","","","","","","","45.1",",,,I","","","","","",""
"UPM00033536","1990-10","49.017","25.8","318.0","CHORTKIV, UP","","","","","4",",I","3",",I","0",",I","","","","","","","","","","","","","","","","","7.8",",,I,30,","","","","","","","14.4",",,,I","","","","","",""
"UPM00033536","1990-11","49.017","25.8","318.0","CHORTKIV, UP","","","","","18",",I","7",",I","0",",I","","","","","","","","","","","","","","","","","10.5",",,I,01,","","","","","","","47.1",",,,I","","","","","",""
"UPM00033536","1990-12","49.017","25.8","318.0","CHORTKIV, UP","","","","","14",",I","5",",I","0",",I","","","","","","","","","","","","","","","","","13.1",",,I,15,","","","","","","","56.6",",,,I","","","","","",""
"UPM00033536","2000-01","49.017","25.8","318.0","CHORTKIV, UP","","","","","","","","","","","","","","","","","19","3,u","0","3,u","0","3,u","","","","","","","5.2","3,u,31,","","","","","","","","","-1.49","3,,,u","",""
"UPM00033536","2000-03","49.017","25.8","318.0","CHORTKIV, UP","","","0.0","3,u","","","","","","","","","0","1,u","20","1,u","0","2,u","0","2,u","0","2,u","-5.8","1,u,13,","","","","","15.0","2,u,27,","","","437.5","2,u","","","2.88","3,u","6.37","2,,,u","-0.61","1,,,u"
"UPM00033536","2000-04","49.017","25.8","318.0","CHORTKIV, UP","","","0.2","3,u","","","","","","","","","0","1,u","3","1,u","0","2,u","12","2,u","0","2,u","-1.9","1,u,10,","","","","","25.9","2,u,30,","","","139.8","2,u","","","12.81","3,u","18.64","2,,,u","6.99","1,,,u"
"UPM00033536","2000-05","49.017","25.8","318.0","CHORTKIV, UP","","","13.7","2,u","","","","","","","","","0","1,u","1","1,u","0","1,u","16","1,u","0","1,u","-2.0","1,u,03,","","","","","28.9","1,u,28,","","","99.9","1,u","","","15.33","2,u","21.95","1,,,u","8.72","1,,,u"
"UPM00033536","2000-06","49.017","25.8","318.0","CHORTKIV, UP","","","38.6","2,u","","","","","","","","","0","1,u","0","1,u","0","1,u","17","1,u","0","1,u","4.0","1,u,19,","","","","","32.1","1,u,14,","","","70.4","1,u","","","17.31","2,u","23.21","1,,,u","11.42","1,,,u"
"UPM00033536","2000-07","49.017","25.8","318.0","CHORTKIV, UP","","","","","","","","","","","","","0","2,u","0","2,u","","","","","","","8.8","2,u,15,","","","","","","","","","","","","","","","","","13.33","2,,,u"
"UPM00033536","2000-08","49.017","25.8","318.0","CHORTKIV, UP","","","62.3","3,u","","","","","","","","","0","1,u","0","1,u","0","2,u","25","2,u","4","2,u","8.5","1,u,31,","","","","","36.5","2,u,22,","","","26.4","2,u","","","19.70","3,u","25.82","2,,,u","13.57","1,,,u"
"UPM00033536","2000-09","49.017","25.8","318.0","CHORTKIV, UP","","","0.0","3,u","","","","","","","","","0","2,u","0","2,u","0","2,u","6","2,u","0","2,u","0.2","2,u,25,","","","","","26.1","2,u,10,","","","148.5","2,u","","","12.75","3,u","17.61","2,,,u","7.89","2,,,u"
"UPM00033536","2000-10","49.017","25.8","318.0","CHORTKIV, UP","","","0.0","1,u","","","","","","","","","0","1,u","4","1,u","0",",u","3",",u","0",",u","-2.6","1,u,23,+","","","","","23.7",",u,04,","","","240.8",",u","","","10.41","1,u","15.79",",,,u","5.03","1,,,u"
"UPM00033536","2000-11","49.017","25.8","318.0","CHORTKIV, UP","","","","","","","","","","","","","","","","","0","5,u","0","5,u","0","5,u","","","","","","","17.5","5,u,05,","","","","","","","","","10.00","5,,,u","",""
"UPM00033536","2001-01","49.017","25.8","318.0","CHORTKIV, UP","0.0","u","0.0","4,u","","","","","","","","","0","3,u","23","3,u","14","1,u","0","1,u","0","1,u","-10.3","3,u,24,","","","","","20.2","1,u,13,","","","516.8","1,u","","","-1.05","4,u","1.49","1,,,u","-3.60","3,,,u"
"UPM00033536","2001-02","49.017","25.8","318.0","CHORTKIV, UP","0.0","u","0.0","2,u","","","","","","","","","0","1,u","23","1,u","9","2,u","0","2,u","0","2,u","-12.3","1,u,04,","","","","","11.0","2,u,09,","","","512.6","2,u","","","-1.44","2,u","1.39","2,,,u","-4.28","1,,,u"
"UPM00033536","2001-03","49.017","25.8","318.0","CHORTKIV, UP","0.0","u","0.0","5,u","","","","","","","","","0","3,u","13","3,u","1","2,u","0","2,u","0","2,u","-7.2","3,u,29,","","","","","18.7","2,u,13,","","","362.1","2,u","","","3.96","5,u","7.51","2,,,u","0.41","3,,,u"
"UPM00033536","2001-04","49.017","25.8","318.0","CHORTKIV, UP","0.0","u","0.0","2,u","","","","","","","","","0","1,u","5","1,u","0","1,u","2","1,u","0","1,u","-2.9","1,u,02,","","","","","22.8","1,u,30,","","","233.6","1,u","","","9.88","2,u","15.24","1,,,u","4.52","1,,,u"
"UPM00033536","2001-05","49.017","25.8","318.0","CHORTKIV, UP","2.7","u","2.7","1,u","","","","","","","","","0",",u","0",",u","0","1,u","15","1,u","0","1,u","2.4",",u,14,","","","","","27.1","1,u,18,","","","119.9","1,u","","","14.34","1,u","19.93","1,,,u","8.75",",,,u"
"UPM00033536","2001-06","49.017","25.8","318.0","CHORTKIV, UP","12.2","u","9.5","2,u","","","","","","","","","0","1,u","0","1,u","0","1,u","15","1,u","0","1,u","5.7","1,u,02,","","","","","31.3","1,u,11,","","","63.4","1,u","","","16.35","2,u","20.73","1,,,u","11.97","1,,,u"
"UPM00033536","2001-07","49.017","25.8","318.0","CHORTKIV, UP","105.3","u","93.1","2,u","","","","","","","","","0","1,u","0","1,u","0","1,u","29","1,u","1","1,u","13.5","1,u,06,","","","","","32.6","1,u,16,","0.5","u","0.5","1,u","","","21.50","2,u","26.67","1,,,u","16.34","1,,,u"
"UPM00033536","2001-08","49.017","25.8","318.0","CHORTKIV, UP","175.9","u","70.6","1,u","","","","","","","","","0",",u","0",",u","0","1,u","25","1,u","1","1,u","6.3",",u,31,","","","","","32.5","1,u,10,","23.5","u","23.0","1,u","","","19.89","1,u","25.49","1,,,u","14.29",",,,u"
"UPM00033536","2001-09","49.017","25.8","318.0","CHORTKIV, UP","175.9","u","0.0","5,u","","","","","","","","","0","2,u","0","2,u","0","4,u","2","4,u","0","4,u","0.6","2,u,30,","","","","","23.6","4,u,05,","152.9","u","129.4","4,u","","","12.95","5,u","17.14","4,,,u","8.76","2,,,u"
"UPM00033536","2001-10","49.017","25.8","318.0","CHORTKIV, UP","176.9","u","1.0","5,u","","","","","","","","","0","3,u","5","3,u","0","2,u","3","2,u","0","2,u","-5.9","3,u,26,","","","","","27.8","2,u,03,","342.4","u","189.5","2,u","","","10.81","5,u","15.62","2,,,u","6.00","3,,,u"
"UPM00033536","2001-11","49.017","25.8","318.0","CHORTKIV, UP","","","","","","","","","","","","","0","4,u","18","4,u","5","4,u","0","4,u","0","4,u","-7.6","4,u,21,","","","","","13.8","4,u,09,","","","","","","","1.23","8,u","4.20","4,,,u","-1.74","4,,,u"
"UPM00033536","2001-12","49.017","25.8","318.0","CHORTKIV, UP","","","","","","","","","","","","","1","4,u","27","4,u","20","5,u","0","5,u","0","5,u","-18.0","4,u,18,","","","","","2.1","5,u,29,","","","","","","","-6.47","9,u","-3.25","5,,,u","-9.68","4,,,u"
"UPM00033536","2002-04","49.017","25.8","318.0","CHORTKIV, UP","","","","","","","","","","","","","0","3,u","4","3,u","","","","","","","-5.1","3,u,04,","","","","","","","","","","","","","","","","","4.30","3,,,u"
"UPM00033536","2002-10","49.017","25.8","318.0","CHORTKIV, UP","","","","","","","","","","","","","0","5,u","0","5,u","","","","","","","0.3","5,u,21,","","","","","","","","","","","","","","","","","4.58","5,,,u"
"UPM00033536","2002-11","49.017","25.8","318.0","CHORTKIV, UP","","","","","","","","","","","","","0","4,u","7","4,u","","","","","","","-5.4","4,u,06,","","","","","","","","","","","","","","","","","2.45","4,,,u"
"UPM00033536","2003-01","49.017","25.8","318.0","CHORTKIV, UP","","","","","","","","","","","","","","","","","10","4,u","0","4,u","0","4,u","","","","","","","5.7","4,u,30,","","","","","","","","","0.05","4,,,u","",""
"UPM00033536","2003-02","49.017","25.8","318.0","CHORTKIV, UP","","","","","","","","","","","","","3","3,u","25","3,u","","","","","","","-22.8","3,u,13,","","","","","","","","","","","","","","","","","-10.40","3,,,u"
"UPM00033536","2003-03","49.017","25.8","318.0","CHORTKIV, UP","","","0.0","4,u","","","","","","","","","0","2,u","21","2,u","8","2,u","0","2,u","0","2,u","-11.2","2,u,01,","","","","","12.7","2,u,25,","","","475.5","2,u","","","0.72","4,u","4.33","2,,,u","-2.90","2,,,u"
"UPM00033536","2003-04","49.017","25.8","318.0","CHORTKIV, UP","","","1.9",",u","","","","","","","","","0",",u","9",",u","1",",u","2",",u","0",",u","-4.5",",u,08,","","","","","28.0",",u,30,","","","326.6",",u","","","7.51",",u","12.76",",,,u","2.27",",,,u"
"UPM00033536","2003-05","49.017","25.8","318.0","CHORTKIV, UP","","","53.7",",u","","","","","","","","","0",",u","0",",u","0",",u","26",",u","0",",u","3.6",",u,17,","","","","","31.0",",u,27,","","","39.8",",u","","","18.78",",u","25.12",",,,u","12.45",",,,u"
"UPM00033536","2003-06","49.017","25.8","318.0","CHORTKIV, UP","","","32.9",",u","","","","","","","","","0",",u","0",",u","0",",u","24",",u","1",",u","8.5",",u,05,","","","","","32.2",",u,09,","","","32.6",",u","","","18.35",",u","24.39",",,,u","12.30",",,,u"
"UPM00033536","2003-07","49.017","25.8","318.0","CHORTKIV, UP","","","72.1",",u","","","","","","","","","0",",u","0",",u","0",",u","25",",u","0",",u","11.5",",u,12,","","","","","30.3",",u,03,","18.0","u","18.0",",u","","","20.08",",u","24.84",",,,u","15.32",",,,u"
"UPM00033536","2003-08","49.017","25.8","318.0","CHORTKIV, UP","","","52.4",",u","","","","","","","","","0",",u","0",",u","0",",u","29",",u","0",",u","10.0",",u,11,","","","","","31.0",",u,29,","29.6","u","11.6",",u","","","19.65",",u","25.73",",,,u","13.57",",,,u"
"UPM00033536","2003-09","49.017","25.8","318.0","CHORTKIV, UP","","","2.8","1,u","","","","","","","","","0","1,u","0","1,u","0","1,u","8","1,u","0","1,u","2.8","1,u,27,","","","","","29.1","1,u,22,","156.2","u","126.6","1,u","","","14.06","1,u","20.01","1,,,u","8.12","1,,,u"
"UPM00033536","2003-10","49.017","25.8","318.0","CHORTKIV, UP","","","0.0","2,u","","","","","","","","","0","1,u","8","1,u","1","1,u","0","1,u","0","1,u","-11.3","1,u,25,","","","","","20.6","1,u,02,","496.7","u","340.5","1,u","","","6.50","2,u","10.02","1,,,u","2.98","1,,,u"
"UPM00033536","2003-11","49.017","25.8","318.0","CHORTKIV, UP","","","0.0","4,u","","","","","","","","","0","2,u","6","2,u","0","2,u","0","2,u","0","2,u","-2.9","2,u,14,","","","","","13.4","2,u,04,","850.9","u","354.2","2,u","","","4.56","4,u","7.05","2,,,u","2.08","2,,,u"
"UPM00033536","2003-12","49.017","25.8","318.0","CHORTKIV, UP","","","","","","","","","","","","","0","4,u","22","4,u","6","5,u","0","5,u","0","5,u","-13.0","4,u,26,","","","","","8.0","5,u,21,","","","","","","","-0.77","8,u","2.17","5,,,u","-3.70","4,,,u"
"UPM00033536","2004-01","49.017","25.8","318.0","CHORTKIV, UP","","","","","20","4,u","6","4,u","0","4,u","","","","","","","","","","","","","","","","","8.2","4,,u,29,","","","","","","","42.9","4,,,u","","","","","",""
"UPM00033536","2004-02","49.017","25.8","318.0","CHORTKIV, UP","","","","","21","4,u","6","4,u","0","4,u","","","1","3,u","19","3,u","8","3,u","0","3,u","0","3,u","-18.6","3,u,21,","","","11.0","4,,u,29,","15.3","3,u,07,","","","","","57.2","4,,,u","-1.25","6,u","2.06","3,,,u","-4.56","3,,,u"
"UPM00033536","2004-03","49.017","25.8","318.0","CHORTKIV, UP","","","0.0",",u","","","","","","","","","0",",u","15",",u","3",",u","0",",u","0",",u","-13.6",",u,06,","","","","","19.7",",u,19,","","","464.8",",u","","","3.34",",u","6.75",",,,u","-0.07",",,,u"
"UPM00033536","2004-04","49.017","25.8","318.0","CHORTKIV, UP","","","0.0",",u","","","","","","","","","0",",u","6",",u","0",",u","1",",u","0",",u","-5.9",",u,03,","","","","","21.3",",u,25,","","","288.7",",u","","","8.71",",u","14.19",",,,u","3.23",",,,u"
"UPM00033536","2004-12","49.017","25.8","318.0","CHORTKIV, UP","","","","","","","","","","","","","0","5,u","18","5,u","","","","","","","-11.3","5,u,23,","","","","","","","","","","","","","","","","","-2.40","5,,,u"
"UPM00033536","2005-02","49.017","25.8","318.0","CHORTKIV, UP","","","","","","","","","","","","","3","4,u","21","4,u","","","","","","","-23.4","4,u,07,","","","","","","","","","","","","","","","","","-7.83","4,,,u"
"UPM00033536","2005-03","49.017","25.8","318.0","CHORTKIV, UP","","","","","","","","","","","","","0","4,u","20","4,u","","","","","","","-14.9","4,u,11,","","","","","","","","","","","","","","","","","-4.04","4,,,u"
"UPM00033536","2005-11","49.017","25.8","318.0","CHORTKIV, UP","","","","","","","","","","","","","0","5,u","16","5,u","","","","","","","-9.5","5,u,26,","","","","","","","","","","","","","","","","","-1.24","5,,,u"
"UPM00033536","2005-12","49.017","25.8","318.0","CHORTKIV, UP","","","","","","","","","","","","","0","4,u","20","4,u","","","","","","","-11.2","4,u,22,","","","","","","","","","","","","","","","","","-2.45","4,,,u"
"UPM00033536","2006-06","49.017","25.8","318.0","CHORTKIV, UP","","","","","","","","","","","","","0","5,u","0","5,u","","","","","","","7.2","5,u,01,","","","","","","","","","","","","","","","","","12.38","5,,,u"
"UPM00033536","2007-02","49.017","25.8","318.0","CHORTKIV, UP","","","","","","","","","","","","","0","4,u","22","4,u","","","","","","","-17.4","4,u,24,","","","","","","","","","","","","","","","","","-3.34","4,,,u"
"UPM00033536","2008-07","49.017","25.8","318.0","CHORTKIV, UP","","","","","","","","","","","","","0","4,u","0","4,u","0","5,u","21","5,u","0","5,u","10.6","4,u,10,","","","","","31.4","5,u,14,","","","","","","","19.24","6,u","24.28","5,,,u","14.20","4,,,u"
"UPM00033536","2014-07","49.017","25.8","318.0","CHORTKIV, UP","","","","","","","","","","","","","","","","","0","1,S","26","1,S","0","1,S","","","","","","","30.1","1,S,31,","","","","","","","","","26.11","1,,,S","",""
"UPM00033536","2014-08","49.017","25.8","318.0","CHORTKIV, UP","","","","","","","","","","","","","","","","","0",",S","25",",S","3",",S","","","","","","","34.7",",S,14,","","","","","","","","","26.19",",,,S","",""
"UPM00033536","2014-09","49.017","25.8","318.0","CHORTKIV, UP","","","11.4","5,S","","","","","","","","","0","5,S","0","5,S","0",",S","20",",S","0",",S","0.4","5,S,25,","","","","","27.2",",S,02,","","","54.6",",S","","","15.91","5,S","21.84",",,,S","9.98","5,,,S"
"UPM00033536","2014-10","49.017","25.8","318.0","CHORTKIV, UP","","","","","","","","","","","","","","","","","1","2,S","2","2,S","0","2,S","","","","","","","24.0","2,S,14,","","","","","","","","","13.80","2,,,S","",""
"UPM00033536","2014-11","49.017","25.8","318.0","CHORTKIV, UP","","","","","","","","","","","","","","","","","5","4,S","0","4,S","0","4,S","","","","","","","16.1","4,S,08,","","","","","","","","","5.76","4,,,S","",""
"UPM00033536","2015-02","49.017","25.8","318.0","CHORTKIV, UP","","","","","","","","","","","","","","","","","8",",S","0",",S","0",",S","","","","","","","9.1",",S,20,","","","","","","","","","3.05",",,,S","",""
"UPM00033536","2015-03","49.017","25.8","318.0","CHORTKIV, UP","","","0.0","5,S","","","","","","","","","0","4,S","14","4,S","0","4,S","0","4,S","0","4,S","-4.9","4,S,23,+","","","","","16.8","4,S,25,","","","354.8","4,S","","","4.74","5,S","9.43","4,,,S","0.06","4,,,S"
"UPM00033536","2015-04","49.017","25.8","318.0","CHORTKIV, UP","","","","","","","","","","","","","","","","","0",",S","8",",S","0",",S","","","","","","","24.6",",S,27,","","","","","","","","","14.16",",,,S","",""
"UPM00033536","2015-05","49.017","25.8","318.0","CHORTKIV, UP","","","","","","","","","","","","","","","","","0","1,S","11","1,S","0","1,S","","","","","","","28.5","1,S,21,+","","","","","","","","","20.23","1,,,S","",""
"UPM00033536","2015-06","49.017","25.8","318.0","CHORTKIV, UP","","","32.8","4,S","","","","","","","","","0","4,S","0","4,S","0",",S","24",",S","0",",S","8.4","4,S,21,","","","","","31.2",",S,13,","","","17.4",",S","","","18.52","4,S","24.31",",,,S","12.73","4,,,S"
"UPM00033536","2015-07","49.017","25.8","318.0","CHORTKIV, UP","","","87.0","3,S","","","","","","","","","0","3,S","0","3,S","0",",S","28",",S","5",",S","8.1","3,S,11,","","","","","34.6",",S,08,","10.4","S","10.4",",S","","","20.92","3,S","26.93",",,,S","14.91","3,,,S"
"UPM00033536","2015-08","49.017","25.8","318.0","CHORTKIV, UP","","","131.0","2,S","","","","","","","","","0","2,S","0","2,S","0",",S","30",",S","11",",S","10.3","2,S,21,+","","","","","35.2",",S,31,","16.3","S","5.9",",S","","","22.39","2,S","29.25",",,,S","15.52","2,,,S"
"UPM00033536","2015-09","49.017","25.8","318.0","CHORTKIV, UP","","","","","","","","","","","","","","","","","0","3,S","13","3,S","2","3,S","","","","","","","35.8","3,S,01,","","","","","","","","","22.14","3,,,S","",""
"UPM00033536","2015-10","49.017","25.8","318.0","CHORTKIV, UP","","","","","","","","","","","","","","","","","0","1,S","3","1,S","0","1,S","","","","","","","24.5","1,S,04,","","","","","","","","","12.26","1,,,S","",""
"UPM00033536","2015-11","49.017","25.8","318.0","CHORTKIV, UP","","","","","","","","","","","","","","","","","1","2,S","0","2,S","0","2,S","","","","","","","16.8","2,S,04,","","","","","","","","","8.05","2,,,S","",""
"UPM00033536","2015-12","49.017","25.8","318.0","CHORTKIV, UP","","","","","","","","","","","","","","","","","3","5,S","0","5,S","0","5,S","","","","","","","13.1","5,S,23,","","","","","","","","","6.30","5,,,S","",""
"UPM00033536","2016-01","49.017","25.8","318.0","CHORTKIV, UP","","","","","","","","","","","18","4,","","","","","14","5,S","0","5,S","0","5,S","","","99","4,,S,08,","","","10.2","5,S,28,","","","","","","","","","-0.42","5,,,S","",""
"UPM00033536","2016-02","49.017","25.8","318.0","CHORTKIV, UP","","","","","","","","","","","","","","","","","0","2,S","0","2,S","0","2,S","","","","","","","16.4","2,S,22,","","","","","","","","","6.50","2,,,S","",""
"UPM00033536","2016-03","49.017","25.8","318.0","CHORTKIV, UP","","","","","","","","","","","","","","","","","0","3,S","0","3,S","0","3,S","","","","","","","19.6","3,S,31,","","","","","","","","","9.06","3,,,S","",""
"UPM00033536","2016-04","49.017","25.8","318.0","CHORTKIV, UP","","","0.0","3,S","","","","","","","","","0","3,S","2","3,S","0",",S","8",",S","0",",S","-1.1","3,S,03,","","","","","26.1",",S,06,","","","172.5",",S","","","12.13","3,S","18.01",",,,S","6.25","3,,,S"
"UPM00033536","2016-05","49.017","25.8","318.0","CHORTKIV, UP","","","6.8","5,S","","","","","","","","","0","4,S","0","4,S","0","1,S","11","1,S","0","1,S","3.0","4,S,19,","","","","","28.1","1,S,30,","","","84.6","1,S","","","14.97","5,S","20.52","1,,,S","9.41","4,,,S"
