"STATION","DATE","LATITUDE","LONGITUDE","ELEVATION","NAME","CDSD","CDSD_ATTRIBUTES","CLDD","CLDD_ATTRIBUTES","DP01","DP01_ATTRIBUTES","DP10","DP10_ATTRIBUTES","DP1X","DP1X_ATTRIBUTES","DSND","DSND_ATTRIBUTES","DSNW","DSNW_ATTRIBUTES","DT00","DT00_ATTRIBUTES","DT32","DT32_ATTRIBUTES","DX32","DX32_ATTRIBUTES","DX70","DX70_ATTRIBUTES","DX90","DX90_ATTRIBUTES","DYFG","DYFG_ATTRIBUTES","DYTS","DYTS_ATTRIBUTES","EMNT","EMNT_ATTRIBUTES","EMSD","EMSD_ATTRIBUTES","EMSN","EMSN_ATTRIBUTES","EMXP","EMXP_ATTRIBUTES","EMXT","EMXT_ATTRIBUTES","HDSD","HDSD_ATTRIBUTES","HTDD","HTDD_ATTRIBUTES","PRCP","PRCP_ATTRIBUTES","SNOW","SNOW_ATTRIBUTES","TAVG","TAVG_ATTRIBUTES","TMAX","TMAX_ATTRIBUTES","TMIN","TMIN_ATTRIBUTES"
"USC00045002","1945-09","34.46667","-117.75","1164.9","LLANO SHAWNEE HILLS, CA US","","","","","","","","","","","","","0",",6","","","","","","","","","","","","","","","","","","","0",",,6,30,+","","","","","","","","","","","0",",,,6","","","","","",""
"USC00045002","1945-10","34.46667","-117.75","1164.9","LLANO SHAWNEE HILLS, CA US","","","22.9",",6","5",",6","2",",6","0",",6","","","0",",6","0",",6","0",",6","0",",6","24",",6","0",",6","","","","","4.4",",6,31,+","","","0",",,6,31,+","6.1",",,6,29,","31.1",",6,03,","","","60.4",",6","11.5",",,,6","0",",,,6","17.13",",6","23.94",",,,6","10.31",",,,6"
"USC00045002","1945-11","34.46667","-117.75","1164.9","LLANO SHAWNEE HILLS, CA US","","","0.0",",6","0",",6","0",",6","0",",6","","","0",",6","0",",6","3",",6","0",",6","4",",6","0",",6","","","","","-2.8",",6,08,","","","0",",,6,30,+","0.0",",T,6,29,","25.6",",6,04,","","","241.8",",6","0.0",",T,,6","0",",,,6","10.27",",6","16.77",",,,6","3.77",",,,6"
"USC00045002","1945-12","34.46667","-117.75","1164.9","LLANO SHAWNEE HILLS, CA US","","","0.0","1,6","3",",6","3",",6","1",",6","","","0",",6","0","1,6","13","1,6","0",",6","1",",6","0",",6","","","","","-5.0","1,6,14,","","","0",",,6,31,+","28.4",",,6,22,","21.7",",6,31,","","","337.0",",6","42.4",",,,6","0",",,,6","7.14","1,6","12.51",",,,6","1.77","1,,,6"
"USC00045002","1946-01","34.46667","-117.75","1164.9","LLANO SHAWNEE HILLS, CA US","0.0","6","0.0",",6","1",",6","0",",6","0",",6","","","0",",6","0",",6","13",",6","0",",6","2",",6","0",",6","","","","","-3.9",",6,30,","","","0",",,6,31,+","0.3",",,6,03,","23.3",",6,24,","","","332.5",",6","0.3",",,,6","0",",,,6","7.61",",6","13.75",",,,6","1.47",",,,6"
"USC00045002","1946-02","34.46667","-117.75","1164.9","LLANO SHAWNEE HILLS, CA US","0.0","6","0.0","3,6","4",",6","1",",6","0",",6","","","0",",6","0",",6","13",",6","0","3,6","2","3,6","0","3,6","","","","","-5.6",",6,05,","","","13",",,6,11,","19.1",",,6,03,","21.1","3,6,24,+","","","255.4","3,6","21.7",",,,6","13",",,,6","7.96","3,6","14.85","3,,,6","1.08",",,,6"
"USC00045002","1946-03","34.46667","-117.75","1164.9","LLANO SHAWNEE HILLS, CA US","0.0","6","0.0",",6","5",",6","3",",6","1",",6","","","0",",6","0",",6","5",",6","0",",6","4",",6","0",",6","","","","","-2.2",",6,20,","","","0",",T,6,13,","57.7",",,6,30,","23.3",",6,26,+","","","256.5",",6","73.7",",,,6","0",",T,,6","10.06",",6","16.98",",,,6","3.14",",,,6"
"USC00045002","1946-04","34.46667","-117.75","1164.9","LLANO SHAWNEE HILLS, CA US","25.0","6","25.0","1,6","3",",6","2",",6","0",",6","","","0",",6","0",",6","1",",6","0","1,6","20","1,6","0","1,6","","","","","-0.6",",6,01,","","","0",",T,6,02,","13.0",",,6,02,","31.7","1,6,25,","","","100.8","1,6","25.5",",,,6","0",",T,,6","15.69","1,6","23.37","1,,,6","8.00",",,,6"
"USC00045002","1946-05","34.46667","-117.75","1164.9","LLANO SHAWNEE HILLS, CA US","58.4","6","33.4",",6","1",",6","1",",6","0",",6","","","0",",6","0",",6","0",",6","0",",6","28",",6","0",",6","","","","","1.7",",6,23,","","","0",",,6,31,+","2.5",",,6,27,","31.7",",6,31,+","","","52.2",",6","2.5",",,,6","0",",,,6","17.73",",6","26.07",",,,6","9.38",",,,6"
"USC00045002","1946-06","34.46667","-117.75","1164.9","LLANO SHAWNEE HILLS, CA US","193.2","6","134.8",",6","0",",6","0",",6","0",",6","","","0",",6","0",",6","0",",6","0",",6","30",",6","17",",6","","","","","7.2",",6,11,","","","0",",,6,30,+","0.0",",,6,30,+","35.6",",6,30,","","","0.0",",6","0.0",",,,6","0",",,,6","22.83",",6","32.29",",,,6","13.36",",,,6"
"USC00045002","1946-07","34.46667","-117.75","1164.9","LLANO SHAWNEE HILLS, CA US","444.2","6","251.0",",6","2",",6","1",",6","1",",6","","","0",",6","0",",6","0",",6","0",",6","31",",6","28",",6","","","","","14.4",",6,31,+","","","0",",,6,31,+","29.5",",,6,24,","37.2",",6,31,+","0.0","6","0.0",",6","31.3",",,,6","0",",,,6","26.43",",6","34.73",",,,6","18.13",",,,6"
"USC00045002","1946-08","34.46667","-117.75","1164.9","LLANO SHAWNEE HILLS, CA US","706.9","6","262.7",",6","0",",6","0",",6","0",",6","","","0",",6","0",",6","0",",6","0",",6","31",",6","30",",6","","","","","12.2",",6,31,+","","","0",",,6,31,+","0.0",",T,6,22,","40.6",",6,03,+","0.0","6","0.0",",6","0.0",",T,,6","0",",,,6","26.81",",6","35.53",",,,6","18.08",",,,6"
"USC00045002","1946-09","34.46667","-117.75","1164.9","LLANO SHAWNEE HILLS, CA US","861.0","6","154.1",",6","0",",6","0",",6","0",",6","","","0",",6","0",",6","0",",6","0",",6","30",",6","20",",6","","","","","7.2",",6,16,","","","0",",,6,30,+","0.0",",,6,30,+","36.1",",6,12,","3.9","6","3.9",",6","0.0",",,,6","0",",,,6","23.34",",6","31.86",",,,6","14.82",",,,6"
"USC00045002","1946-10","34.46667","-117.75","1164.9","LLANO SHAWNEE HILLS, CA US","866.3","6","5.3",",6","2",",6","1",",6","0",",6","","","0",",6","0",",6","0",",6","0",",6","20",",6","0",",6","","","","","0.6",",6,30,","","","0",",,6,31,+","3.3",",,6,03,","27.8",",6,26,","124.4","6","120.5",",6","3.6",",,,6","0",",,,6","14.62",",6","21.74",",,,6","7.49",",,,6"
"USC00045002","1946-11","34.46667","-117.75","1164.9","LLANO SHAWNEE HILLS, CA US","866.3","6","0.0",",6","6",",6","4",",6","1",",6","","","0",",6","0",",6","5",",6","0",",6","0",",6","0",",6","","","","","-0.6",",6,10,+","","","0",",,6,30,+","52.1",",,6,13,","20.6",",6,06,","417.8","6","293.4",",6","86.5",",,,6","0",",,,6","8.55",",6","14.30",",,,6","2.81",",,,6"
"USC00045002","1946-12","34.46667","-117.75","1164.9","LLANO SHAWNEE HILLS, CA US","866.3","6","0.0",",6","6",",6","3",",6","0",",6","","","0",",6","0",",6","7",",6","0",",6","2",",6","0",",6","","","","","-3.3",",6,29,","","","0",",,6,31,+","21.8",",,6,26,","23.9",",6,01,","703.5","6","285.7",",6","52.3",",,,6","0",",,,6","9.12",",6","14.24",",,,6","3.99",",,,6"
"USC00045002","1947-01","34.46667","-117.75","1164.9","LLANO SHAWNEE HILLS, CA US","0.0","6","0.0","1,6","2",",6","0",",6","0",",6","","","0",",6","0","1,6","13","1,6","0",",6","0",",6","0",",6","","","","","-5.6","1,6,15,","","","0",",,6,31,+","2.0",",,6,28,","20.0",",6,25,","1048.4","6","344.9",",6","2.8",",,,6","0",",,,6","6.94","1,6","13.00",",,,6","0.89","1,,,6"
"USC00045002","1947-02","34.46667","-117.75","1164.9","LLANO SHAWNEE HILLS, CA US","0.0","6","0.0",",6","2",",6","0",",6","0",",6","","","0",",6","0",",6","3",",6","0",",6","3",",6","0",",6","","","","","-1.1",",6,27,","","","0",",,6,28,+","1.3",",,6,10,","22.2",",6,24,","1248.2","6","199.8",",6","1.6",",,,6","0",",,,6","11.20",",6","17.63",",,,6","4.76",",,,6"
"USC00045002","1947-03","34.46667","-117.75","1164.9","LLANO SHAWNEE HILLS, CA US","0.0","6","0.0",",6","4",",6","2",",6","1",",6","","","0",",6","0",",6","1",",6","0",",6","7",",6","0",",6","","","","","-1.1",",6,04,","","","0",",,6,31,+","34.8",",,6,21,","24.4",",6,17,+","1452.1","6","203.9",",6","38.6",",,,6","0",",,,6","11.75",",6","18.33",",,,6","5.18",",,,6"
"USC00045002","1947-04","34.46667","-117.75","1164.9","LLANO SHAWNEE HILLS, CA US","18.6","6","18.6",",6","3",",6","2",",6","0",",6","","","","","0",",6","1",",6","0",",6","19",",6","0",",6","","","","","-0.6",",6,22,","","","","","4.6",",,6,25,","31.1",",6,15,","1577.5","6","125.4",",6","9.2",",,,6","","","14.77",",6","22.26",",,,6","7.29",",,,6"
"USC00045002","1947-05","34.46667","-117.75","1164.9","LLANO SHAWNEE HILLS, CA US","125.3","6","106.7",",6","1",",6","1",",6","0",",6","","","0",",6","0",",6","0",",6","0",",6","29",",6","12",",6","","","","","5.6",",6,30,+","","","0",",,6,31,+","5.1",",,6,14,","35.0",",6,20,+","1608.3","6","30.8",",6","5.1",",,,6","0",",,,6","20.78",",6","29.15",",,,6","12.40",",,,6"
"USC00045002","1947-06","34.46667","-117.75","1164.9","LLANO SHAWNEE HILLS, CA US","243.9","6","118.6",",6","0",",6","0",",6","0",",6","","","0",",6","0",",6","0",",6","0",",6","30",",6","13",",6","","","","","5.6",",6,03,","","","0",",,6,30,+","0.0",",,6,30,+","36.7",",6,19,","1615.5","6","7.2",",6","0.0",",,,6","0",",,,6","22.05",",6","30.61",",,,6","13.49",",,,6"
"USC00045002","1947-07","34.46667","-117.75","1164.9","LLANO SHAWNEE HILLS, CA US","481.4","6","237.5",",6","0",",6","0",",6","0",",6","","","0",",6","0",",6","0",",6","0",",6","31",",6","31",",6","","","","","10.6",",6,11,","","","0",",,6,31,+","0.0",",,6,31,+","40.6",",6,19,","0.0","6","0.0",",6","0.0",",,,6","0",",,,6","26.00",",6","36.11",",,,6","15.88",",,,6"
"USC00045002","1947-08","34.46667","-117.75","1164.9","LLANO SHAWNEE HILLS, CA US","666.1","6","184.7",",6","0",",6","0",",6","0",",6","","","0",",6","0",",6","0",",6","0",",6","31",",6","22",",6","","","","","6.7",",6,22,+","","","0",",,6,31,+","0.0",",T,6,08,","38.3",",6,05,","2.5","6","2.5",",6","0.0",",T,,6","0",",,,6","24.21",",6","33.24",",,,6","15.19",",,,6"
"USC00045002","1947-09","34.46667","-117.75","1164.9","LLANO SHAWNEE HILLS, CA US","868.8","6","202.7",",6","0",",6","0",",6","0",",6","","","","","0",",6","0",",6","0",",6","30",",6","19",",6","","","","","5.6",",6,18,","","","","","0.0",",,6,30,+","39.4",",6,02,+","7.2","6","4.7",",6","0.0",",,,6","","","24.93",",6","33.30",",,,6","16.57",",,,6"
"USC00045002","1947-10","34.46667","-117.75","1164.9","LLANO SHAWNEE HILLS, CA US","896.7","6","27.9",",6","2",",6","2",",6","0",",6","","","0",",6","0",",6","0",",6","0",",6","26",",6","1",",6","","","","","4.4",",6,22,","","","0",",,6,31,+","4.8",",,6,13,","33.3",",6,04,","76.6","6","69.4",",6","7.3",",,,6","0",",,,6","16.99",",6","24.54",",,,6","9.45",",,,6"
"USC00045002","1947-11","34.46667","-117.75","1164.9","LLANO SHAWNEE HILLS, CA US","896.7","6","0.0",",6","2",",6","1",",6","0",",6","","","1",",6","0",",6","8",",6","0",",6","2",",6","0",",6","","","","","-5.0",",6,23,","","","25",",,6,22,","3.6",",,6,22,","24.4",",6,01,","359.1","6","282.5",",6","3.9",",,,6","25",",,,6","8.92",",6","15.29",",,,6","2.54",",,,6"
"USC00045002","1947-12","34.46667","-117.75","1164.9","LLANO SHAWNEE HILLS, CA US","896.7","6","0.0",",6","4",",6","4",",6","1",",6","","","1",",6","0",",6","12",",6","0",",6","0",",6","0",",6","","","","","-3.9",",6,06,","","","51",",,6,06,","26.9",",,6,05,","18.9",",6,28,","729.0","6","369.9",",6","56.7",",,,6","51",",,,6","6.40",",6","11.82",",,,6","0.98",",,,6"
"USC00045002","1948-01","34.46667","-117.75","1164.9","LLANO SHAWNEE HILLS, CA US","0.0","0","0.0",",6","0",",6","0",",6","0",",6","","","0",",6","0",",6","7",",6","0",",6","7",",6","0",",6","","","","","-3.9",",6,27,","","","0",",,6,31,+","0.0",",,6,31,+","23.9",",6,24,","986.3","0","257.3",",6","0.0",",,,6","0",",,,6","10.03",",6","16.52",",,,6","3.55",",,,6"
"USC00045002","1948-02","34.46667","-117.75","1164.9","LLANO SHAWNEE HILLS, CA US","0.0","0","0.0",",6","3",",6","2",",6","1",",6","","","0",",6","0",",6","14",",6","0",",6","1",",6","0",",6","","","","","-5.6",",6,11,","","","0",",T,6,06,+","25.7",",,6,05,","21.7",",6,18,","1319.8","0","333.5",",6","39.2",",,,6","0",",T,,6","6.83",",6","12.99",",,,6","0.68",",,,6"
"USC00045002","1948-03","34.46667","-117.75","1164.9","LLANO SHAWNEE HILLS, CA US","0.0","0","0.0",",6","6",",6","2",",6","0",",6","","","0",",6","0",",6","14",",6","0",",6","0",",6","0",",6","","","","","-2.2",",6,21,","","","0",",T,6,24,+","10.4",",,6,24,","20.6",",6,22,","1658.2","0","338.4",",6","21.1",",,,6","0",",T,,6","7.42",",6","13.78",",,,6","1.06",",,,6"
"USC00045002","1948-04","34.46667","-117.75","1164.9","LLANO SHAWNEE HILLS, CA US","5.3","0","5.3",",6","2",",6","1",",6","0",",6","","","","","0",",6","2",",6","0",",6","16",",6","0",",6","","","","","-1.1",",6,04,","","","","","9.4",",,6,29,","30.6",",6,16,","1806.6","0","148.4",",6","9.9",",,,6","","","13.56",",6","21.15",",,,6","5.98",",,,6"
"USC00045002","1948-05","34.46667","-117.75","1164.9","LLANO SHAWNEE HILLS, CA US","39.9","0","34.6",",6","0",",6","0",",6","0",",6","","","0",",6","0",",6","2",",6","0",",6","25",",6","2",",6","","","","","-0.6",",6,19,","","","0",",,6,31,+","0.0",",,6,31,+","33.9",",6,15,","1891.8","0","85.2",",6","0.0",",,,6","0",",,,6","16.70",",6","25.82",",,,6","7.58",",,,6"
"USC00045002","1948-06","34.46667","-117.75","1164.9","LLANO SHAWNEE HILLS, CA US","","","","","1",",6","1",",6","0",",6","","","0",",6","0","3,6","0","3,6","0","3,6","26","3,6","11","3,6","","","","","3.3","3,6,05,","","","0",",,6,30,+","7.6",",,6,01,","38.9","3,6,29,","","","","","7.6",",,,6","0",",,,6","21.60","4,6","30.63","3,,,6","12.57","3,,,6"
"USC00045002","1948-07","34.46667","-117.75","1164.9","LLANO SHAWNEE HILLS, CA US","","","242.3",",0","0",",0","0",",0","0",",0","0",",0","0",",0","0",",0","0",",0","0",",0","31",",0","30",",0","","","","","7.8",",0,05,","0",",,0,31,+","0",",,0,31,+","0.0",",,0,31,+","40.0",",0,15,","0.0","0","0.0",",0","0.0",",,,0","0",",,,0","26.15",",0","35.74",",,,0","16.56",",,,0"
"USC00045002","1948-08","34.46667","-117.75","1164.9","LLANO SHAWNEE HILLS, CA US","","","217.9","1,0","0",",0","0",",0","0",",0","0","1,0","0",",0","0","1,0","0","1,0","0",",0","31",",0","31",",0","","","","","8.9","1,0,23,","0","1,,0,31,+","0",",T,0,27,","0.0",",T,0,27,","38.9",",0,29,","0.0","0","0.0",",0","0.0",",T,,0","0",",T,,0","25.54","1,0","35.35",",,,0","15.74","1,,,0"
"USC00045002","1948-09","34.46667","-117.75","1164.9","LLANO SHAWNEE HILLS, CA US","","","179.5",",0","0",",0","0",",0","0",",0","0",",0","0",",0","0",",0","0",",0","0",",0","29",",0","15",",0","","","","","3.9",",0,26,+","0",",,0,30,+","0",",,0,30,+","0.0",",,0,30,+","39.4",",0,02,","20.0","0","20.0",",0","0.0",",,,0","0",",,,0","23.65",",0","32.30",",,,0","15.00",",,,0"
"USC00045002","1948-10","34.46667","-117.75","1164.9","LLANO SHAWNEE HILLS, CA US","","","38.2",",0","2",",0","1",",0","1",",0","0",",0","0",",0","0",",0","0",",0","0",",0","26",",0","2",",0","2","","","","1.7",",0,30,","0",",,0,31,+","0",",,0,31,+","25.4",",,0,18,","32.8",",0,01,","82.8","0","62.8",",0","25.9",",,,0","0",",,,0","17.54",",0","24.18",",,,0","10.90",",,,0"
"USC00045002","1948-11","34.46667","-117.75","1164.9","LLANO SHAWNEE HILLS, CA US","","","0.0",",0","0",",0","0",",0","0",",0","0",",0","0",",0","0",",0","4",",0","0",",0","7",",0","0",",0","","","","","-3.3",",0,28,","0",",,0,30,+","0",",,0,30,+","0.0",",,0,30,+","23.9",",0,16,+","306.4","0","223.6",",0","0.0",",,,0","0",",,,0","10.88",",0","17.59",",,,0","4.16",",,,0"
"USC00045002","1948-12","34.46667","-117.75","1164.9","LLANO SHAWNEE HILLS, CA US","","","0.0",",0","4",",0","3",",0","0",",0","2",",0","2",",0","0",",0","18",",0","0",",0","1",",0","0",",0","","","","","-7.8",",0,25,+","51",",,0,17,","89",",,0,17,","15.2",",,0,27,","21.7",",0,12,","706.3","0","399.9",",0","34.0",",,,0","114",",,,0","5.43",",0","11.20",",,,0","-0.34",",,,0"
"USC00045002","1949-01","34.46667","-117.75","1164.9","LLANO SHAWNEE HILLS, CA US","0.0","0","0.0","1,0","8","1,0","5","1,0","1","1,0","17","5,0","6","1,0","0","1,0","28","1,0","6","1,0","0","1,0","0","1,0","3","","","","-10.0","1,0,12,","610","5,,0,13,","406","1,,0,13,","37.3","1,,0,13,","13.9","1,0,08,","1262.0","0","555.7","1,0","68.0","1,,,0","813","1,,,0","-0.19","1,0","4.42","1,,,0","-4.80","1,,,0"
"USC00045002","1949-02","34.46667","-117.75","1164.9","LLANO SHAWNEE HILLS, CA US","0.0","0","0.0",",0","2",",0","0",",0","0",",0","6","1,0","0",",0","0",",0","17",",0","1",",0","0",",0","0",",0","","","","","-7.8",",0,14,","203","1,,0,02,","0",",,0,28,+","1.3",",,0,28,+","18.9",",0,26,","1631.5","0","369.5",",0","2.6",",,,0","0",",,,0","5.14",",0","11.35",",,,0","-1.08",",,,0"
"USC00045002","1949-03","34.46667","-117.75","1164.9","LLANO SHAWNEE HILLS, CA US","0.0","0","0.0",",0","5",",0","2",",0","0",",0","0",",0","0",",0","0",",0","9",",0","0",",0","4",",0","0",",0","","","","","-2.8",",0,24,","0",",,0,31,+","0",",T,0,31,","5.6",",,0,05,","22.8",",0,18,","1937.8","0","306.3",",0","10.3",",,,0","0",",T,,0","8.45",",0","15.29",",,,0","1.61",",,,0"
"USC00045002","1949-04","34.46667","-117.75","1164.9","LLANO SHAWNEE HILLS, CA US","23.6","0","23.6",",0","1",",0","0",",0","0",",0","0",",0","0",",0","0",",0","0",",0","0",",0","20",",0","2",",0","","","","","1.7",",0,02,","0",",,0,30,+","0",",,0,30,+","0.5",",,0,01,","33.9",",0,23,+","2021.8","0","84.0",",0","0.5",",,,0","0",",,,0","16.32",",0","24.12",",,,0","8.52",",,,0"
"USC00045002","1949-05","34.46667","-117.75","1164.9","LLANO SHAWNEE HILLS, CA US","63.8","0","40.2",",0","1",",0","0",",0","0",",0","0",",0","0",",0","0",",0","0",",0","0",",0","26",",0","5",",0","1","","","","3.3",",0,09,","0",",,0,31,+","0",",,0,31,+","2.0",",,0,17,","35.0",",0,25,+","2095.6","0","73.8",",0","2.0",",,,0","0",",,,0","17.25",",0","25.34",",,,0","9.16",",,,0"
"USC00045002","1949-06","34.46667","-117.75","1164.9","LLANO SHAWNEE HILLS, CA US","244.5","0","180.7","1,0","0","1,0","0","1,0","0","1,0","0","1,0","0","1,0","0","1,0","0","1,0","0","1,0","29","1,0","18","1,0","","","","","7.2","1,0,19,","0","1,,0,30,+","0","1,,0,30,+","0.0","1,,0,30,+","38.9","1,0,15,+","2096.9","0","1.3","1,0","0.0","1,,,0","0","1,,,0","24.52","1,0","33.08","1,,,0","15.95","1,,,0"
"USC00045002","1949-07","34.46667","-117.75","1164.9","LLANO SHAWNEE HILLS, CA US","498.8","0","254.3",",0","1",",0","1",",0","0",",0","0",",0","0",",0","0",",0","0",",0","0",",0","31",",0","31",",0","","","","","13.3",",0,24,+","0",",,0,31,+","0",",,0,31,+","4.6",",,0,11,","40.0",",0,16,+","0.0","0","0.0",",0","4.6",",,,0","0",",,,0","26.54",",0","35.68",",,,0","17.40",",,,0"
"USC00045002","1949-08","34.46667","-117.75","1164.9","LLANO SHAWNEE HILLS, CA US","691.6","0","192.8","1,0","0","1,0","0","1,0","0","1,0","0","1,0","0","1,0","0","1,0","0","1,0","0","1,0","30","1,0","22","1,0","","","","","7.2","1,0,11,","0","1,,0,31,+","0","1,,0,31,+","0.0","1,T,0,04,","39.4","1,0,03,","0.6","0","0.6","1,0","0.0","1,T,,0","0","1,,,0","24.74","1,0","34.47","1,,,0","15.02","1,,,0"
"USC00045002","1949-09","34.46667","-117.75","1164.9","LLANO SHAWNEE HILLS, CA US","867.0","0","175.4","1,0","2","1,0","0","1,0","0","1,0","0","1,0","0","1,0","0","1,0","0","1,0","0","1,0","29","1,0","17","1,0","","","2","","7.2","1,0,27,+","0","1,,0,30,+","0","1,,0,30,+","0.5","1,,0,21,+","37.8","1,0,23,","4.2","0","3.6","1,0","1.0","1,,,0","0","1,,,0","24.26","1,0","32.84","1,,,0","15.67","1,,,0"
"USC00045002","1949-10","34.46667","-117.75","1164.9","LLANO SHAWNEE HILLS, CA US","902.2","0","35.2","2,0","2","2,0","0","2,0","0","2,0","0","2,0","0","3,0","0","2,0","1","2,0","0","2,0","22","2,0","2","2,0","","","1","","-1.7","2,0,19,","0","2,T,0,19,","0","3,,0,31,+","1.3","2,,0,19,","32.8","2,0,01,","86.9","0","82.7","2,0","1.6","2,,,0","0","3,,,0","16.69","2,0","24.01","2,,,0","9.38","2,,,0"
"USC00045002","1949-11","34.46667","-117.75","1164.9","LLANO SHAWNEE HILLS, CA US","905.6","0","3.4","1,0","1","1,0","1","1,0","0","1,0","0","1,0","0","1,0","0","1,0","0","1,0","0","1,0","23","1,0","0","1,0","","","","","1.7","1,0,11,+","0","1,,0,30,+","0","1,,0,30,+","9.4","1,,0,10,","26.7","1,0,05,","172.1","0","85.2","1,0","9.4","1,,,0","0","1,,,0","15.51","1,0","22.28","1,,,0","8.74","1,,,0"
"USC00045002","1949-12","34.46667","-117.75","1164.9","LLANO SHAWNEE HILLS, CA US","905.6","0","0.0",",0","6",",0","3",",0","0",",0","0",",0","0",",0","0",",0","16",",0","0",",0","1",",0","0",",0","1","","","","-6.1",",0,12,","0",",,0,31,+","0",",T,0,19,","5.6",",,0,08,","22.8",",0,02,","537.3","0","365.2",",0","18.1",",,,0","0",",T,,0","6.55",",0","12.31",",,,0","0.79",",,,0"
"USC00045002","1950-01","34.46667","-117.75","1164.9","LLANO SHAWNEE HILLS, CA US","0.0","0","0.0",",0","5",",0","2",",0","0",",0","0","1,0","0","1,0","0",",0","22",",0","0",",0","1",",0","0",",0","2","","","","-8.3",",0,04,","0","1,,0,31,+","0","1,,0,31,+","8.1",",,0,09,","21.1",",0,21,","961.2","0","423.9",",0","15.5",",,,0","0","1,,,0","4.66",",0","10.32",",,,0","-1.00",",,,0"
"USC00045002","1950-02","34.46667","-117.75","1164.9","LLANO SHAWNEE HILLS, CA US","0.0","0","0.0","2,0","2","2,0","2","2,0","0","2,0","0","2,0","0","2,0","0","2,0","5","2,0","0","2,0","4","2,0","0","2,0","","","","","-5.0","2,0,01,","0","2,,0,28,+","0","2,,0,28,+","13.2","2,,0,06,","23.3","2,0,25,","1176.9","0","215.7","2,0","18.3","2,,,0","0","2,,,0","10.04","2,0","16.13","2,,,0","3.95","2,,,0"
"USC00045002","1950-03","34.46667","-117.75","1164.9","LLANO SHAWNEE HILLS, CA US","0.6","0","0.6","1,0","3",",0","1",",0","0",",0","0",",0","0",",0","0",",0","3",",0","0","1,0","12","1,0","0","1,0","","","","","-3.9",",0,12,","0",",,0,31,+","0",",T,0,25,","14.7",",,0,25,","26.1","1,0,31,","1381.7","0","204.8","1,0","15.3",",,,0","0",",T,,0","11.49","1,0","18.46","1,,,0","4.51",",,,0"
"USC00045002","1950-04","34.46667","-117.75","1164.9","LLANO SHAWNEE HILLS, CA US","23.8","0","23.2","5,0","1","5,0","0","5,0","0","5,0","0","5,0","0","5,0","0","5,0","1","5,0","0","5,0","22","5,0","1","5,0","","","","","-0.6","5,0,09,","0","5,,0,30,+","0","5,,0,30,+","1.0","5,,0,09,","32.2","5,0,20,","1437.6","0","55.9","5,0","1.0","5,,,0","0","5,,,0","17.02","5,0","24.65","5,,,0","9.40","5,,,0"
"USC00045002","1950-05","34.46667","-117.75","1164.9","LLANO SHAWNEE HILLS, CA US","107.2","0","83.4",",0","1","2,0","0","2,0","0","2,0","0",",0","0",",0","0",",0","1",",0","0",",0","25",",0","7",",0","","","1","","0.0",",0,04,","0",",,0,31,+","0",",T,0,04,","0.5","2,,0,13,","37.8",",0,31,","1507.9","0","70.3",",0","2.8",",a,,0","0",",T,,0","18.76",",0","27.01",",,,0","10.51",",,,0"
"USC00045002","1950-06","34.46667","-117.75","1164.9","LLANO SHAWNEE HILLS, CA US","247.5","0","140.3",",0","0",",0","0",",0","0",",0","0",",0","0",",0","0",",0","0",",0","0",",0","30",",0","16",",0","","","","","1.7",",0,07,","0",",,0,30,+","0",",,0,30,+","0.0",",,0,30,+","40.6",",0,30,","1518.1","0","10.2",",0","0.0",",,,0","0",",,,0","22.67",",0","31.91",",,,0","13.43",",,,0"
"USC00045002","1950-07","34.46667","-117.75","1164.9","LLANO SHAWNEE HILLS, CA US","520.3","0","272.8",",0","3",",0","2",",0","0",",0","0",",0","0",",0","0",",0","0",",0","0",",0","31",",0","28",",0","","","3","","13.3",",0,10,","0",",,0,31,+","0",",,0,31,+","5.6",",,0,25,","40.6",",0,13,+","0.0","0","0.0",",0","12.0",",,,0","0",",,,0","27.13",",0","35.36",",,,0","18.91",",,,0"
"USC00045002","1950-08","34.46667","-117.75","1164.9","LLANO SHAWNEE HILLS, CA US","785.3","0","265.0","1,0","0",",0","0",",0","0",",0","0",",0","0",",0","0","1,0","0","1,0","0","1,0","30","1,0","29","1,0","","","","","10.6","1,0,06,","0",",,0,31,+","0",",,0,31,+","0.0",",,0,31,+","41.7","1,0,18,","0.0","0","0.0","1,0","0.0",",,,0","0",",,,0","27.17","1,0","36.14","1,,,0","18.20","1,,,0"
"USC00045002","1950-09","34.46667","-117.75","1164.9","LLANO SHAWNEE HILLS, CA US","898.8","0","113.5",",0","1",",0","1",",0","0",",0","0",",0","0",",0","0",",0","0",",0","0",",0","29",",0","7",",0","","","2","","4.4",",0,30,","0",",,0,30,+","0",",,0,30,+","3.6",",,0,05,","40.6",",0,02,","17.5","0","17.5",",0","3.6",",,,0","0",",,,0","21.53",",0","29.46",",,,0","13.61",",,,0"
"USC00045002","1950-10","34.46667","-117.75","1164.9","LLANO SHAWNEE HILLS, CA US","962.6","0","63.8",",0","0",",0","0",",0","0",",0","0",",0","0",",0","0",",0","0",",0","0",",0","30",",0","4",",0","","","","","3.3",",0,01,","0",",,0,31,+","0",",,0,31,+","0.0",",,0,31,+","33.3",",0,13,+","48.2","0","30.7",",0","0.0",",,,0","0",",,,0","19.40",",0","27.63",",,,0","11.17",",,,0"
"USC00045002","1950-11","34.46667","-117.75","1164.9","LLANO SHAWNEE HILLS, CA US","969.1","0","6.5","1,0","2","1,0","1","1,0","0","1,0","0","1,0","0","1,0","0","1,0","2","1,0","0","1,0","20","1,0","0","1,0","","","","","-1.1","1,0,15,","0","1,,0,30,+","0","1,,0,30,+","6.4","1,,0,13,","27.2","1,0,08,","160.2","0","112.0","1,0","7.4","1,,,0","0","1,,,0","14.69","1,0","21.07","1,,,0","8.32","1,,,0"
"USC00045002","1950-12","34.46667","-117.75","1164.9","LLANO SHAWNEE HILLS, CA US","969.1","0","0.0","1,0","0","1,0","0","1,0","0","1,0","0","1,0","0","1,0","0","1,0","2","1,0","0","1,0","6","1,0","0","1,0","","","","","-1.1","1,0,02,","0","1,,0,31,+","0","1,,0,31,+","0.0","1,,0,31,+","23.3","1,0,12,","346.1","0","185.9","1,0","0.0","1,,,0","0","1,,,0","12.14","1,0","18.31","1,,,0","5.96","1,,,0"
"USC00045002","1951-01","34.46667","-117.75","1164.9","LLANO SHAWNEE HILLS, CA US","0.0","0","0.0","3,0","5","3,0","4","3,0","0","3,0","0","3,0","1","3,0","0","3,0","13","3,0","0","3,0","1","3,0","0","3,0","","","","","-5.6","3,0,01,","0","3,,0,31,+","38","3,,0,10,","12.7","3,,0,29,","22.2","3,0,26,","647.2","0","301.1","3,0","23.3","3,,,0","38","3,,,0","7.58","3,0","13.60","3,,,0","1.56","3,,,0"
"USC00045002","1951-02","34.46667","-117.75","1164.9","LLANO SHAWNEE HILLS, CA US","0.0","0","0.0",",0","3",",0","0",",0","0",",0","0","4,0","1",",0","0",",0","13",",0","0",",0","4",",0","0",",0","","","","","-6.1",",0,23,","0","4,,0,28,+","25",",,0,27,","1.5",",,0,27,+","23.3",",0,10,+","933.4","0","286.2",",0","3.3",",,,0","25",",,,0","8.11",",0","14.40",",,,0","1.83",",,,0"
"USC00045002","1951-03","34.46667","-117.75","1164.9","LLANO SHAWNEE HILLS, CA US","0.0","0","0.0",",0","2",",0","1",",0","0",",0","1",",0","1",",0","0",",0","9",",0","0",",0","14",",0","0",",0","","","","","-5.0",",0,03,","51",",,0,01,","51",",,0,01,","5.3",",,0,01,","25.6",",0,25,","1159.5","0","226.1",",0","5.8",",,,0","51",",,,0","11.04",",0","18.20",",,,0","3.88",",,,0"
"USC00045002","1951-04","34.46667","-117.75","1164.9","LLANO SHAWNEE HILLS, CA US","10.3","0","10.3",",0","4",",0","2",",0","0",",0","0",",0","0",",0","0",",0","1",",0","0",",0","18",",0","0",",0","2","","","","0.0",",0,30,","0",",,0,30,+","0",",T,0,30,+","8.1",",,0,25,","29.4",",0,10,","1298.9","0","139.4",",0","16.1",",,,0","0",",T,,0","14.03",",0","21.52",",,,0","6.54",",,,0"
"USC00045002","1951-05","34.46667","-117.75","1164.9","LLANO SHAWNEE HILLS, CA US","80.6","0","70.3",",0","1",",0","1",",0","0",",0","0",",0","0",",0","0",",0","0",",0","0",",0","26",",0","4",",0","","","","","0.6",",0,14,","0",",,0,31,+","0",",T,0,14,","17.8",",,0,14,","37.8",",0,26,+","1358.5","0","59.6",",0","17.8",",,,0","0",",T,,0","18.68",",0","27.15",",,,0","10.20",",,,0"
"USC00045002","1951-06","34.46667","-117.75","1164.9","LLANO SHAWNEE HILLS, CA US","235.8","0","155.2",",0","0",",0","0",",0","0",",0","0",",0","0",",0","0",",0","0",",0","0",",0","30",",0","20",",0","","","","","8.9",",0,06,","0",",,0,30,+","0",",,0,30,+","0.0",",,0,30,+","40.0",",0,28,","1360.5","0","2.0",",0","0.0",",,,0","0",",,,0","23.44",",0","32.50",",,,0","14.38",",,,0"
"USC00045002","1951-07","34.46667","-117.75","1164.9","LLANO SHAWNEE HILLS, CA US","518.3","0","282.5","1,0","2","1,0","2","1,0","0","1,0","0","1,0","0","1,0","0","1,0","0","1,0","0","1,0","30","1,0","30","1,0","","","3","","12.2","1,0,05,+","0","1,,0,31,+","0","1,,0,31,+","2.8","1,,0,17,","39.4","1,0,07,","0.0","0","0.0","1,0","5.3","1,,,0","0","1,,,0","27.75","1,0","36.70","1,,,0","18.80","1,,,0"
"USC00045002","1951-08","34.46667","-117.75","1164.9","LLANO SHAWNEE HILLS, CA US","762.3","0","244.0","1,0","0","1,0","0","1,0","0","1,0","0","1,0","0","1,0","0","1,0","0","1,0","0","1,0","30","1,0","26","1,0","1","","","","8.9","1,0,30,","0","1,,0,31,+","0","1,,0,31,+","0.0","1,,0,31,+","41.1","1,0,13,","0.0","0","0.0","1,0","0.0","1,,,0","0","1,,,0","26.47","1,0","35.37","1,,,0","17.56","1,,,0"
"USC00045002","1951-09","34.46667","-117.75","1164.9","LLANO SHAWNEE HILLS, CA US","961.7","0","199.4","2,0","0","2,0","0","2,0","0","2,0","0","2,0","0","2,0","0","2,0","0","2,0","0","2,0","28","2,0","25","2,0","","","","","9.4","2,0,29,","0","2,,0,30,+","0","2,,0,30,+","0.0","2,,0,30,+","37.8","2,0,10,+","0.0","0","0.0","2,0","0.0","2,,,0","0","2,,,0","25.45","2,0","34.28","2,,,0","16.62","2,,,0"
"USC00045002","1951-10","34.46667","-117.75","1164.9","LLANO SHAWNEE HILLS, CA US","980.1","0","18.4","2,0","1","2,0","1","2,0","0","2,0","0","2,0","0","2,0","0","2,0","0","2,0","0","2,0","23","2,0","1","2,0","","","1","","3.3","2,0,26,+","0","2,,0,31,+","0","2,,0,31,+","9.1","2,,0,25,","32.2","2,0,09,","60.1","0","60.1","2,0","9.1","2,,,0","0","2,,,0","16.90","2,0","24.41","2,,,0","9.38","2,,,0"
"USC00045002","1951-11","34.46667","-117.75","1164.9","LLANO SHAWNEE HILLS, CA US","980.1","0","0.0","1,0","2","1,0","2","1,0","0","1,0","1","1,0","0","2,0","0","1,0","7","1,0","0","1,0","7","1,0","0","1,0","","","2","","-2.8","1,0,24,","25","1,,0,23,","0","2,,0,30,+","5.1","1,,0,23,","25.6","1,0,04,","290.8","0","230.7","1,0","7.6","1,,,0","0","2,,,0","10.38","1,0","16.82","1,,,0","3.93","1,,,0"
"USC00045002","1951-12","34.46667","-117.75","1164.9","LLANO SHAWNEE HILLS, CA US","980.1","0","0.0","2,0","5","1,0","4","1,0","1","1,0","0","1,0","0","1,0","0","2,0","10","2,0","0","2,0","0","2,0","0","2,0","1","","","","-5.6","2,0,31,","0","1,,0,31,+","0","1,,0,31,+","26.7","1,,0,12,","19.4","2,0,22,","641.8","0","351.0","2,0","57.7","1,,,0","0","1,,,0","6.23","2,0","11.84","2,,,0","0.61","2,,,0"
"USC00045002","1952-01","34.46667","-117.75","1164.9","LLANO SHAWNEE HILLS, CA US","0.0","0","0.0",",0","7",",0","6",",0","3",",0","6",",0","2",",0","0",",0","20",",0","0",",0","0",",0","0",",0","","","","","-7.2",",0,02,","51",",,0,19,+","102",",,0,18,","39.1",",,0,13,","19.4",",0,31,+","1074.8","0","433.0",",0","121.1",",,,0","153",",,,0","4.36",",0","9.69",",,,0","-0.96",",,,0"
"USC00045002","1952-02","34.46667","-117.75","1164.9","LLANO SHAWNEE HILLS, CA US","0.0","0","0.0",",0","1",",0","1",",0","0",",0","0",",0","0",",0","0",",0","9",",0","0",",0","1",",0","0",",0","","","","","-4.4",",0,19,","0",",,0,29,+","0",",,0,29,+","16.8",",,0,29,","21.7",",0,01,","1376.5","0","301.7",",0","16.8",",,,0","0",",,,0","7.93",",0","13.93",",,,0","1.93",",,,0"
"USC00045002","1952-03","34.46667","-117.75","1164.9","LLANO SHAWNEE HILLS, CA US","0.0","0","0.0","2,0","6","2,0","5","2,0","2","2,0","2","2,0","3","2,0","0","2,0","18","2,0","0","2,0","6","2,0","0","2,0","1","","","","-5.0","2,0,16,+","76","2,,0,08,+","191","2,,0,16,","47.8","2,,0,07,","23.3","2,0,26,","1722.5","0","346.0","2,0","100.1","2,,,0","336","2,,,0","6.40","2,0","12.33","2,,,0","0.48","2,,,0"
"USC00045002","1952-04","34.46667","-117.75","1164.9","LLANO SHAWNEE HILLS, CA US","0.6","0","0.6","2,0","4","1,0","2","1,0","0","1,0","0","1,0","0","1,0","0","1,0","2","1,0","0","2,0","14","2,0","0","2,0","1","","1","","-0.6","1,0,26,+","0","1,,0,30,+","0","1,T,0,10,","8.9","1,,0,08,","26.7","2,0,18,","1858.0","0","135.5","2,0","16.4","1,,,0","0","1,T,,0","13.58","2,0","20.88","2,,,0","6.29","1,,,0"
"USC00045002","1952-05","34.46667","-117.75","1164.9","LLANO SHAWNEE HILLS, CA US","67.1","0","66.5","2,0","0","2,0","0","2,0","0","2,0","0","2,0","0","2,0","0","2,0","0","2,0","0","2,0","28","2,0","6","2,0","","","","","1.7","2,0,08,","0","2,,0,31,+","0","2,,0,31,+","0.0","2,,0,31,+","34.4","2,0,27,","1875.1","0","17.1","2,0","0.0","2,,,0","0","2,,,0","20.04","2,0","28.58","2,,,0","11.49","2,,,0"
"USC00045002","1952-06","34.46667","-117.75","1164.9","LLANO SHAWNEE HILLS, CA US","114.8","0","47.7","2,0","0","2,0","0","2,0","0","2,0","0","2,0","0","2,0","0","2,0","0","2,0","0","2,0","28","2,0","4","2,0","","","","","4.4","2,0,12,","0","2,,0,30,+","0","2,,0,30,+","0.0","2,,0,30,+","35.0","2,0,17,","1890.3","0","15.2","2,0","0.0","2,,,0","0","2,,,0","19.49","2,0","28.98","2,,,0","10.00","2,,,0"
"USC00045002","1952-07","34.46667","-117.75","1164.9","LLANO SHAWNEE HILLS, CA US","356.7","0","241.9",",0","6",",0","3",",0","0",",0","0",",0","0",",0","0",",0","0",",0","0",",0","31",",0","26",",0","","","5","","10.6",",0,01,","0",",,0,31,+","0",",,0,31,+","16.0",",,0,28,","37.2",",0,19,+","0.0","0","0.0",",0","37.6",",,,0","0",",,,0","26.14",",0","34.43",",,,0","17.84",",,,0"
"USC00045002","1952-08","34.46667","-117.75","1164.9","LLANO SHAWNEE HILLS, CA US","600.4","0","243.7","2,0","0","2,0","0","2,0","0","2,0","0","2,0","0","2,0","0","2,0","0","2,0","0","2,0","29","2,0","29","2,0","","","","","13.3","2,0,12,","0","2,,0,31,+","0","2,,0,31,+","0.0","2,,0,31,+","37.8","2,0,03,","0.0","0","0.0","2,0","0.0","2,,,0","0","2,,,0","26.74","2,0","35.19","2,,,0","18.28","2,,,0"
"USC00045002","1952-09","34.46667","-117.75","1164.9","LLANO SHAWNEE HILLS, CA US","753.8","0","153.4","1,0","3","1,0","3","1,0","0","1,0","0","1,0","0","1,0","0","1,0","0","1,0","0","1,0","28","1,0","12","1,0","","","1","","3.9","1,0,11,","0","1,,0,30,+","0","1,,0,30,+","12.2","1,,0,26,","36.1","1,0,02,+","10.5","0","10.5","1,0","25.7","1,,,0","0","1,,,0","23.26","1,0","30.62","1,,,0","15.90","1,,,0"
"USC00045002","1952-10","34.46667","-117.75","1164.9","LLANO SHAWNEE HILLS, CA US","833.5","0","79.7",",0","0",",0","0",",0","0",",0","0",",0","0",",0","0",",0","0",",0","0",",0","31",",0","1",",0","","","","","8.3",",0,19,","0",",,0,31,+","0",",,0,31,+","0.0",",,0,31,+","32.2",",0,03,","13.3","0","2.8",",0","0.0",",,,0","0",",,,0","20.82",",0","27.87",",,,0","13.76",",,,0"
"USC00045002","1952-11","34.46667","-117.75","1164.9","LLANO SHAWNEE HILLS, CA US","833.5","0","0.0",",0","5",",0","4",",0","0",",0","0",",0","0",",0","0",",0","11",",0","0",",0","4",",0","0",",0","","","","","-3.9",",0,29,","0",",,0,30,+","0",",T,0,15,+","21.6",",,0,15,","22.2",",0,04,","303.8","0","290.5",",0","57.2",",,,0","0",",T,,0","8.65",",0","14.11",",,,0","3.19",",,,0"
"USC00045002","1952-12","34.46667","-117.75","1164.9","LLANO SHAWNEE HILLS, CA US","833.5","0","0.0",",0","6",",0","5",",0","0",",0","0",",0","1",",0","0",",0","13",",0","0",",0","0",",0","0",",0","1","","","","-2.2",",0,24,+","0",",,0,31,+","25",",,0,28,","23.4",",,0,20,","18.9",",0,14,+","670.4","0","366.6",",0","61.4",",,,0","25",",,,0","6.51",",0","11.57",",,,0","1.44",",,,0"
"USC00045002","1953-01","34.46667","-117.75","1164.9","LLANO SHAWNEE HILLS, CA US","0.0","0","0.0","1,0","2","1,0","0","1,0","0","1,0","0","1,0","0","1,0","0","1,0","1","1,0","0","1,0","1","1,0","0","1,0","","","","","-0.6","1,0,01,","0","1,,0,31,+","0","1,,0,31,+","1.5","1,,0,07,","21.1","1,0,20,","904.6","0","234.2","1,0","1.8","1,,,0","0","1,,,0","10.53","1,0","16.59","1,,,0","4.47","1,,,0"
"USC00045002","1953-02","34.46667","-117.75","1164.9","LLANO SHAWNEE HILLS, CA US","0.0","0","0.0",",0","2",",0","2",",0","1",",0","3",",0","1",",0","0",",0","12",",0","0",",0","2",",0","0",",0","","","","","-5.0",",0,20,","279",",,0,23,","279",",,0,23,","27.7",",,0,23,","22.2",",0,07,","1187.8","0","283.2",",0","36.3",",,,0","279",",,,0","8.22",",0","14.53",",,,0","1.91",",,,0"
"USC00045002","1953-03","34.46667","-117.75","1164.9","LLANO SHAWNEE HILLS, CA US","0.0","0","0.0","4,0","0","4,0","0","4,0","0","4,0","0","4,0","0","4,0","0","4,0","5","4,0","0","4,0","7","4,0","0","4,0","","","","","-3.3","4,0,03,","0","4,,0,31,+","0","4,T,0,29,","0.0","4,T,0,29,","25.0","4,0,27,","1396.6","0","208.8","4,0","0.0","4,T,,0","0","4,T,,0","10.60","4,0","18.00","4,,,0","3.20","4,,,0"
"USC00045002","1953-04","34.46667","-117.75","1164.9","LLANO SHAWNEE HILLS, CA US","10.0","0","10.0",",0","2",",0","1",",0","0",",0","0",",0","0",",0","0",",0","4",",0","0",",0","16",",0","0",",0","","","","","-2.8",",0,08,","0",",,0,30,+","0",",,0,30,+","6.4",",,0,20,","31.1",",0,25,","1557.1","0","160.5",",0","8.2",",,,0","0",",,,0","13.32",",0","20.70",",,,0","5.94",",,,0"
"USC00045002","1953-05","34.46667","-117.75","1164.9","LLANO SHAWNEE HILLS, CA US","13.1","0","3.1","1,0","2","1,0","0","1,0","0","1,0","0","1,0","0","1,0","0","1,0","1","1,0","0","1,0","16","1,0","0","1,0","","","","","-0.6","1,0,26,","0","1,,0,31,+","0","1,,0,31,+","0.5","1,,0,27,","27.8","1,0,18,","1704.0","0","146.9","1,0","0.8","1,,,0","0","1,,,0","13.54","1,0","21.35","1,,,0","5.73","1,,,0"
"USC00045002","1953-06","34.46667","-117.75","1164.9","LLANO SHAWNEE HILLS, CA US","100.8","0","87.7",",0","0",",0","0",",0","0",",0","0",",0","0",",0","0",",0","0",",0","0",",0","29",",0","12",",0","","","","","4.4",",0,09,","0",",,0,30,+","0",",,0,30,+","0.0",",,0,30,+","37.2",",0,22,","1725.4","0","21.4",",0","0.0",",,,0","0",",,,0","20.54",",0","29.83",",,,0","11.25",",,,0"
"USC00045002","1953-07","34.46667","-117.75","1164.9","LLANO SHAWNEE HILLS, CA US","390.7","0","289.9","2,0","0","2,0","0","2,0","0","2,0","0","2,0","0","2,0","0","2,0","0","2,0","0","2,0","29","2,0","29","2,0","","","","","12.2","2,0,01,","0","2,,0,31,+","0","2,,0,31,+","0.0","2,,0,31,+","38.9","2,0,22,+","0.0","0","0.0","2,0","0.0","2,,,0","0","2,,,0","28.33","2,0","36.70","2,,,0","19.96","2,,,0"
"USC00045002","1953-08","34.46667","-117.75","1164.9","LLANO SHAWNEE HILLS, CA US","594.7","0","204.0",",0","2",",0","1",",0","0",",0","0",",0","0",",0","0",",0","0",",0","0",",0","31",",0","26",",0","","","2","","7.2",",0,29,","0",",,0,31,+","0",",,0,31,+","3.3",",,0,11,","38.3",",0,10,","5.1","0","5.1",",0","3.8",",,,0","0",",,,0","24.75",",0","33.99",",,,0","15.51",",,,0"
"USC00045002","1953-09","34.46667","-117.75","1164.9","LLANO SHAWNEE HILLS, CA US","776.9","0","182.2",",0","0",",0","0",",0","0",",0","0",",0","0",",0","0",",0","0",",0","0",",0","30",",0","18",",0","","","1","","7.8",",0,22,","0",",,0,30,+","0",",,0,30,+","0.0",",,0,30,+","36.7",",0,13,","7.0","0","1.9",",0","0.0",",,,0","0",",,,0","24.34",",0","32.49",",,,0","16.20",",,,0"
"USC00045002","1953-10","34.46667","-117.75","1164.9","LLANO SHAWNEE HILLS, CA US","805.2","0","28.3","2,0","0","2,0","0","2,0","0","2,0","0","2,0","0","2,0","0","2,0","0","2,0","0","2,0","22","2,0","1","2,0","","","","","1.7","2,0,23,","0","2,,0,31,+","0","2,,0,31,+","0.0","2,,0,31,+","32.2","2,0,05,","83.3","0","76.3","2,0","0.0","2,,,0","0","2,,,0","16.68","2,0","24.18","2,,,0","9.18","2,,,0"
"USC00045002","1953-11","34.46667","-117.75","1164.9","LLANO SHAWNEE HILLS, CA US","806.3","0","1.1","3,0","3","3,0","1","3,0","0","3,0","0","3,0","1","3,0","0","3,0","4","3,0","0","3,0","12","3,0","0","3,0","","","","","-2.8","3,0,21,","0","3,T,0,20,","25","3,,0,20,","9.1","3,,0,14,","25.6","3,0,01,","249.5","0","166.2","3,0","10.9","3,,,0","25","3,,,0","12.22","3,0","18.84","3,,,0","5.60","3,,,0"
"USC00045002","1953-12","34.46667","-117.75","1164.9","LLANO SHAWNEE HILLS, CA US","806.3","0","0.0","2,0","1","2,0","0","2,0","0","2,0","0","2,0","0","2,0","0","2,0","9","2,0","0","2,0","0","2,0","0","2,0","","","","","-5.0","2,0,25,","0","2,,0,31,+","0","2,,0,31,+","0.8","2,,0,04,","20.0","2,0,20,","551.3","0","301.8","2,0","0.8","2,,,0","0","2,,,0","7.93","2,0","14.04","2,,,0","1.81","2,,,0"
"USC00045002","1954-01","34.46667","-117.75","1164.9","LLANO SHAWNEE HILLS, CA US","0.0","0","0.0","3,0","6","3,0","4","3,0","1","3,0","4","3,0","2","3,0","0","3,0","11","3,0","0","3,0","0","3,0","0","3,0","","","","","-3.3","3,0,14,","203","3,,0,13,","191","3,,0,13,","52.1","3,,0,19,","19.4","3,0,31,","861.2","0","309.9","3,0","88.2","3,,,0","280","3,,,0","7.26","3,0","13.02","3,,,0","1.51","3,,,0"
"USC00045002","1954-02","34.46667","-117.75","1164.9","LLANO SHAWNEE HILLS, CA US","0.0","0","0.0",",0","2",",0","2",",0","1",",0","1",",0","1",",0","0",",0","4",",0","0",",0","7",",0","0",",0","","","","","-2.2",",0,15,","25",",,0,14,","25",",,0,14,","34.5",",,0,13,","24.4",",0,25,","1036.6","0","175.4",",0","41.6",",,,0","25",",,,0","12.07",",0","18.39",",,,0","5.75",",,,0"
"USC00045002","1954-03","34.46667","-117.75","1164.9","LLANO SHAWNEE HILLS, CA US","0.0","0","0.0",",0","8",",0","4",",0","0",",0","0",",0","0",",0","0",",0","12",",0","0",",0","6",",0","0",",0","1","","","","-4.4",",0,12,","0",",,0,31,+","0",",,0,31,+","10.4",",,0,17,","22.8",",0,08,+","1327.1","0","290.5",",0","41.8",",,,0","0",",,,0","8.96",",0","15.29",",,,0","2.64",",,,0"
"USC00045002","1954-04","34.46667","-117.75","1164.9","LLANO SHAWNEE HILLS, CA US","36.6","0","36.6",",0","0",",0","0",",0","0",",0","0",",0","0",",0","0",",0","0",",0","0",",0","25",",0","2",",0","","","","","1.7",",0,01,","0",",,0,30,+","0",",,0,30,+","0.0",",,0,30,+","32.2",",0,17,+","1412.1","0","85.0",",0","0.0",",,,0","0",",,,0","16.72",",0","24.94",",,,0","8.50",",,,0"
"USC00045002","1954-05","34.46667","-117.75","1164.9","LLANO SHAWNEE HILLS, CA US","125.8","0","89.2",",0","0",",0","0",",0","0",",0","0",",0","0",",0","0",",0","0",",0","0",",0","30",",0","6",",0","","","","","1.1",",0,01,","0",",,0,31,+","0",",,0,31,+","0.0",",,0,31,+","34.4",",0,18,+","1432.6","0","20.5",",0","0.0",",,,0","0",",,,0","20.55",",0","29.21",",,,0","11.89",",,,0"
"USC00045002","1954-06","34.46667","-117.75","1164.9","LLANO SHAWNEE HILLS, CA US","252.2","0","126.4",",0","0",",0","0",",0","0",",0","0",",0","0",",0","0",",0","0",",0","0",",0","28",",0","12",",0","","","1","","4.4",",0,10,","0",",,0,30,+","0",",,0,30,+","0.0",",,0,30,+","39.4",",0,22,","1461.0","0","28.4",",0","0.0",",,,0","0",",,,0","21.60",",0","30.20",",,,0","13.00",",,,0"
"USC00045002","1954-07","34.46667","-117.75","1164.9","LLANO SHAWNEE HILLS, CA US","502.5","0","250.3","4,0","3","4,0","1","4,0","0","4,0","0","4,0","0","4,0","0","4,0","0","4,0","0","4,0","27","4,0","26","4,0","","","2","","13.9","4,0,02,+","0","4,,0,31,+","0","4,,0,31,+","3.0","4,,0,23,","40.0","4,0,31,","0.0","0","0.0","4,0","5.1","4,,,0","0","4,,,0","27.60","4,0","35.96","4,,,0","19.24","4,,,0"
"USC00045002","1954-08","34.46667","-117.75","1164.9","LLANO SHAWNEE HILLS, CA US","653.0","0","150.5","3,0","1","3,0","0","3,0","0","3,0","0","3,0","0","3,0","0","3,0","0","3,0","0","3,0","28","3,0","19","3,0","","","1","","6.7","3,0,26,","0","3,,0,31,+","0","3,,0,31,+","1.5","3,,0,31,","37.8","3,0,30,+","0.8","0","0.8","3,0","1.5","3,,,0","0","3,,,0","23.68","3,0","33.01","3,,,0","14.35","3,,,0"
"USC00045002","1954-09","34.46667","-117.75","1164.9","LLANO SHAWNEE HILLS, CA US","782.3","0","129.3",",0","1",",0","1",",0","0",",0","0",",0","0",",0","0",",0","0",",0","0",",0","30",",0","14",",0","","","","","7.8",",0,15,","0",",,0,30,+","0",",,0,30,+","5.1",",,0,02,","34.4",",0,21,+","0.8","0","0.0",",0","5.1",",,,0","0",",,,0","22.64",",0","31.53",",,,0","13.76",",,,0"
"USC00045002","1954-10","34.46667","-117.75","1164.9","LLANO SHAWNEE HILLS, CA US","828.6","0","46.3",",0","0",",0","0",",0","0",",0","0",",0","0",",0","0",",0","0",",0","0",",0","26",",0","1",",0","","","","","2.2",",0,24,","0",",,0,31,+","0",",,0,31,+","0.0",",,0,31,+","32.8",",0,11,","53.6","0","52.8",",0","0.0",",,,0","0",",,,0","18.12",",0","26.20",",,,0","10.05",",,,0"
"USC00045002","1954-11","34.46667","-117.75","1164.9","LLANO SHAWNEE HILLS, CA US","828.6","0","0.0","2,0","1","2,0","1","2,0","1","2,0","0","2,0","0","2,0","0","2,0","1","2,0","0","2,0","11","2,0","0","2,0","","","1","","-3.3","2,0,30,","0","2,,0,30,+","0","2,,0,30,+","39.4","2,,0,11,","24.4","2,0,25,","207.5","0","153.9","2,0","39.4","2,,,0","0","2,,,0","12.84","2,0","19.03","2,,,0","6.65","2,,,0"
"USC00045002","1954-12","34.46667","-117.75","1164.9","LLANO SHAWNEE HILLS, CA US","828.6","0","0.0","1,0","3","1,0","2","1,0","0","1,0","0","1,0","0","1,0","0","1,0","10","1,0","0","1,0","0","1,0","0","1,0","","","","","-5.6","1,0,27,","0","1,,0,31,+","0","1,,0,31,+","3.8","1,,0,04,","16.7","1,0,23,","555.0","0","347.5","1,0","7.9","1,,,0","0","1,,,0","6.75","1,0","12.42","1,,,0","1.08","1,,,0"
"USC00045002","1955-01","34.46667","-117.75","1164.9","LLANO SHAWNEE HILLS, CA US","0.0","0","0.0","3,0","10","3,0","5","3,0","1","3,0","19","4,0","3","5,0","0","3,0","21","3,0","0","3,0","0","3,0","0","3,0","","","","","-5.0","3,0,20,+","406","4,,0,10,","406","5,,0,06,","31.2","3,,0,06,","15.6","3,0,01,","967.8","0","412.8","3,0","71.1","3,,,0","685","5,,,0","3.59","3,0","8.61","3,,,0","-1.43","3,,,0"
"USC00045002","1955-02","34.46667","-117.75","1164.9","LLANO SHAWNEE HILLS, CA US","0.0","0","0.0","1,0","3","1,0","1","1,0","0","1,0","0","1,0","0","1,0","0","1,0","17","1,0","0","1,0","1","1,0","0","1,0","","","","","-5.0","1,0,19,+","0","1,,0,28,+","0","1,T,0,26,","6.1","1,,0,16,","22.8","1,0,15,","1302.7","0","334.9","1,0","8.6","1,,,0","0","1,T,,0","5.93","1,0","11.74","1,,,0","0.11","1,,,0"
"USC00045002","1955-03","34.46667","-117.75","1164.9","LLANO SHAWNEE HILLS, CA US","0.0","0","0.0","1,0","2","1,0","0","1,0","0","1,0","0","1,0","0","1,0","0","1,0","6","1,0","0","1,0","7","1,0","0","1,0","","","","","-2.2","1,0,21,+","0","1,,0,31,+","0","1,,0,31,+","0.3","1,,0,11,+","24.4","1,0,25,","1542.8","0","240.1","1,0","0.6","1,,,0","0","1,,,0","10.33","1,0","17.61","1,,,0","3.05","1,,,0"
"USC00045002","1955-04","34.46667","-117.75","1164.9","LLANO SHAWNEE HILLS, CA US","0.0","0","0.0",",0","2",",0","2",",0","0",",0","0",",0","0",",0","0",",0","6",",0","0",",0","13",",0","0",",0","","","","","-1.7",",0,03,","0",",,0,30,+","0",",,0,30,+","14.5",",,0,30,","25.6",",0,28,+","1753.3","0","210.5",",0","18.3",",,,0","0",",,,0","11.32",",0","19.21",",,,0","3.42",",,,0"
"USC00045002","1955-05","34.46667","-117.75","1164.9","LLANO SHAWNEE HILLS, CA US","45.4","0","45.4",",0","2",",0","1",",0","0",",0","0",",0","0",",0","0",",0","1",",0","0",",0","23",",0","2",",0","","","","","0.0",",0,01,","0",",,0,31,+","0",",,0,31,+","8.9",",,0,01,","33.3",",0,29,","1846.2","0","92.9",",0","9.4",",,,0","0",",,,0","16.80",",0","24.52",",,,0","9.08",",,,0"
"USC00045002","1955-06","34.46667","-117.75","1164.9","LLANO SHAWNEE HILLS, CA US","155.9","0","110.5","1,0","0",",0","0",",0","0",",0","0",",0","0",",0","0",",0","0",",0","0","1,0","28","1,0","12","1,0","","","","","5.6",",0,01,","0",",,0,30,+","0",",,0,30,+","0.0",",,0,30,+","38.3","1,0,08,","1856.7","0","10.5","1,0","0.0",",,,0","0",",,,0","21.69","1,0","30.82","1,,,0","12.55",",,,0"
"USC00045002","1955-07","34.46667","-117.75","1164.9","LLANO SHAWNEE HILLS, CA US","362.8","0","206.9",",0","0",",0","0",",0","0",",0","0",",0","0",",0","0",",0","0",",0","0",",0","31",",0","22",",0","","","2","","8.9",",0,05,","0",",,0,31,+","0",",,0,31,+","0.0",",,0,31,+","37.2",",0,23,+","0.0","0","0.0",",0","0.0",",,,0","0",",,,0","25.01",",0","33.76",",,,0","16.25",",,,0"
"USC00045002","1955-08","34.46667","-117.75","1164.9","LLANO SHAWNEE HILLS, CA US","630.6","0","267.8","2,0","2","2,0","1","2,0","0","2,0","0","2,0","0","2,0","0","2,0","0","2,0","0","2,0","29","2,0","28","2,0","","","3","","14.4","2,0,26,","0","2,,0,31,+","0","2,,0,31,+","3.0","2,,0,02,","38.9","2,0,30,","0.0","0","0.0","2,0","3.3","2,,,0","0","2,,,0","27.57","2,0","35.35","2,,,0","19.79","2,,,0"
"USC00045002","1955-09","34.46667","-117.75","1164.9","LLANO SHAWNEE HILLS, CA US","796.8","0","166.2","1,0","1","1,0","0","1,0","0","1,0","0","1,0","0","1,0","0","1,0","0","1,0","0","1,0","29","1,0","14","1,0","1","","","","5.6","1,0,18,","0","1,,0,30,+","0","1,,0,30,+","0.8","1,,0,01,","40.0","1,0,05,","7.4","0","7.4","1,0","0.8","1,,,0","0","1,,,0","23.81","1,0","32.09","1,,,0","15.52","1,,,0"
"USC00045002","1955-10","34.46667","-117.75","1164.9","LLANO SHAWNEE HILLS, CA US","845.3","0","48.5",",0","1",",0","0",",0","0",",0","0",",0","0",",0","0",",0","0",",0","0",",0","29",",0","0",",0","1","","","","5.0",",0,27,","0",",,0,31,+","0",",,0,31,+","0.3",",,0,21,","31.7",",0,02,","40.1","0","32.7",",0","0.3",",,,0","0",",,,0","18.84",",0","26.46",",,,0","11.22",",,,0"
"USC00045002","1955-11","34.46667","-117.75","1164.9","LLANO SHAWNEE HILLS, CA US","847.0","0","1.7",",0","2",",0","2",",0","0",",0","0",",0","0",",0","0",",0","6",",0","0",",0","9",",0","0",",0","","","","","-2.8",",0,16,","0",",,0,30,+","0",",,0,30,+","4.3",",,0,21,","28.3",",0,10,","250.2","0","210.1",",0","6.8",",,,0","0",",,,0","11.39",",0","18.00",",,,0","4.78",",,,0"
"USC00045002","1955-12","34.46667","-117.75","1164.9","LLANO SHAWNEE HILLS, CA US","847.0","0","0.0","3,0","1","3,0","1","3,0","0","3,0","1","3,0","1","3,0","0","3,0","8","3,0","0","3,0","0","3,0","0","3,0","","","","","-5.6","3,0,30,","102","3,,0,04,","152","3,,0,04,","14.7","3,,0,04,","20.0","3,0,21,","526.1","0","275.9","3,0","14.7","3,,,0","152","3,,,0","8.48","3,0","14.17","3,,,0","2.79","3,,,0"
"USC00045002","1956-01","34.46667","-117.75","1164.9","LLANO SHAWNEE HILLS, CA US","0.0","0","0.0",",0","4",",0","2",",0","1",",0","0","1,0","0","1,0","0",",0","6",",0","0",",0","0",",0","0",",0","","","","","-2.2",",0,29,","0","1,,0,31,+","0","1,,0,31,+","45.0",",,0,26,","20.0",",0,15,","806.6","0","280.5",",0","56.7",",,,0","0","1,,,0","9.28",",0","14.82",",,,0","3.75",",,,0"
"USC00045002","1956-02","34.46667","-117.75","1164.9","LLANO SHAWNEE HILLS, CA US","0.0","0","0.0","1,0","1","1,0","0","1,0","0","1,0","0","1,0","0","1,0","0","1,0","14","1,0","0","1,0","0","1,0","0","1,0","","","","","-6.1","1,0,17,","0","1,,0,29,+","0","1,T,0,24,","0.3","1,,0,23,","20.0","1,0,12,","1139.2","0","332.6","1,0","0.3","1,,,0","0","1,T,,0","6.45","1,0","12.86","1,,,0","0.05","1,,,0"
"USC00045002","1956-03","34.46667","-117.75","1164.9","LLANO SHAWNEE HILLS, CA US","1.7","0","1.7","1,0","0",",0","0",",0","0",",0","0",",0","0",",0","0",",0","5",",0","0","1,0","11","1,0","0","1,0","","","","","-3.3",",0,12,","0",",,0,31,+","0",",,0,31,+","0.0",",,0,31,+","27.8","1,0,24,","1342.2","0","203.0","1,0","0.0",",,,0","0",",,,0","11.63","1,0","19.13","1,,,0","4.12",",,,0"
"USC00045002","1956-04","34.46667","-117.75","1164.9","LLANO SHAWNEE HILLS, CA US","5.4","0","3.7",",0","3",",0","3",",0","0",",0","0",",0","1",",0","0",",0","5",",0","0",",0","14",",0","0",",0","1","","","","-2.8",",0,13,","0",",,0,30,+","76",",,0,13,","19.3",",,0,13,","27.8",",0,22,+","1519.7","0","177.5",",0","40.9",",,,0","76",",,,0","12.54",",0","19.73",",,,0","5.35",",,,0"
"USC00045002","1956-05","34.46667","-117.75","1164.9","LLANO SHAWNEE HILLS, CA US","45.1","0","39.7","3,0","1","3,0","0","3,0","0","3,0","0","3,0","0","3,0","0","3,0","0","3,0","0","3,0","22","3,0","3","3,0","","","","","2.8","3,0,07,","0","3,,0,31,+","0","3,,0,31,+","2.0","3,,0,09,","33.9","3,0,22,","1580.6","0","60.9","3,0","2.0","3,,,0","0","3,,,0","17.58","3,0","25.75","3,,,0","9.40","3,,,0"
"USC00045002","1956-06","34.46667","-117.75","1164.9","LLANO SHAWNEE HILLS, CA US","194.5","0","149.4","1,0","0","1,0","0","1,0","0","1,0","0","1,0","0","1,0","0","1,0","0","1,0","0","1,0","29","1,0","20","1,0","","","","","5.0","1,0,05,","0","1,,0,30,+","0","1,,0,30,+","0.0","1,,0,30,+","40.0","1,0,27,","1584.2","0","3.6","1,0","0.0","1,,,0","0","1,,,0","23.36","1,0","32.89","1,,,0","13.83","1,,,0"
"USC00045002","1956-07","34.46667","-117.75","1164.9","LLANO SHAWNEE HILLS, CA US","402.1","0","207.6","3,0","2","3,0","1","3,0","0","3,0","0","3,0","0","3,0","0","3,0","0","3,0","0","3,0","28","3,0","26","3,0","","","8","","9.4","3,0,03,+","0","3,,0,31,+","0","3,,0,31,+","2.5","3,,0,27,","38.3","3,0,10,+","0.0","0","0.0","3,0","4.5","3,,,0","0","3,,,0","25.75","3,0","34.59","3,,,0","16.91","3,,,0"
"USC00045002","1956-08","34.46667","-117.75","1164.9","LLANO SHAWNEE HILLS, CA US","611.6","0","209.5",",0","0",",0","0",",0","0",",0","0",",0","0",",0","0",",0","0",",0","0",",0","31",",0","27",",0","","","","","10.6",",0,03,","0",",,0,31,+","0",",,0,31,+","0.0",",,0,31,+","38.3",",0,23,+","0.0","0","0.0",",0","0.0",",,,0","0",",,,0","25.09",",0","34.68",",,,0","15.50",",,,0"
"USC00045002","1956-09","34.46667","-117.75","1164.9","LLANO SHAWNEE HILLS, CA US","804.1","0","192.5","2,0","0","2,0","0","2,0","0","2,0","0","2,0","0","2,0","0","2,0","0","2,0","0","2,0","28","2,0","23","2,0","","","","","10.6","2,0,20,","0","2,,0,30,+","0","2,,0,30,+","0.0","2,,0,30,+","36.7","2,0,17,+","0.0","0","0.0","2,0","0.0","2,,,0","0","2,,,0","25.21","2,0","33.49","2,,,0","16.93","2,,,0"
"USC00045002","1956-10","34.46667","-117.75","1164.9","LLANO SHAWNEE HILLS, CA US","816.2","0","12.1",",0","0",",0","0",",0","0",",0","0",",0","0",",0","0",",0","0",",0","0",",0","24",",0","0",",0","","","2","","0.6",",0,29,+","0",",,0,31,+","0",",,0,31,+","0.0",",,0,31,+","29.4",",0,10,","94.1","0","94.1",",0","0.0",",,,0","0",",,,0","15.69",",0","22.94",",,,0","8.44",",,,0"
"USC00045002","1956-11","34.46667","-117.75","1164.9","LLANO SHAWNEE HILLS, CA US","816.2","0","0.0",",0","0",",0","0",",0","0",",0","0",",0","0",",0","0",",0","2",",0","0",",0","8",",0","0",",0","","","","","-0.6",",0,01,","0",",,0,30,+","0",",,0,30,+","0.0",",,0,30,+","25.0",",0,12,","286.3","0","192.2",",0","0.0",",,,0","0",",,,0","11.93",",0","18.25",",,,0","5.60",",,,0"
"USC00045002","1956-12","34.46667","-117.75","1164.9","LLANO SHAWNEE HILLS, CA US","816.2","0","0.0",",0","0",",0","0",",0","0",",0","0",",0","0",",0","0",",0","6",",0","0",",0","1",",0","0",",0","","","","","-3.9",",0,08,","0",",,0,31,+","0",",,0,31,+","0.0",",,0,31,+","22.8",",0,03,","560.8","0","274.5",",0","0.0",",,,0","0",",,,0","9.48",",0","15.10",",,,0","3.85",",,,0"
"USC00045002","1957-01","34.46667","-117.75","1164.9","LLANO SHAWNEE HILLS, CA US","0.0","0","0.0","2,0","12","2,0","8","2,0","2","2,0","5","2,0","","","0","2,0","20","2,0","1","2,0","0","2,0","0","2,0","4","","","","-12.2","2,0,28,","381","2,,0,29,","","","32.0","2,,0,13,","16.7","2,0,03,","981.3","0","420.5","2,0","103.1","2,,,0","","","3.83","2,0","8.58","2,,,0","-0.91","2,,,0"
"USC00045002","1957-02","34.46667","-117.75","1164.9","LLANO SHAWNEE HILLS, CA US","0.0","0","0.0",",0","3",",0","2",",0","0",",0","5",",0","0",",0","0",",0","4",",0","0",",0","7",",0","0",",0","1","","1","","-2.8",",0,01,","178",",,0,01,","0",",,0,28,+","20.3",",,0,23,","23.9",",0,13,","1183.9","0","202.6",",0","24.4",",,,0","0",",,,0","11.10",",0","16.95",",,,0","5.25",",,,0"
"USC00045002","1957-03","34.46667","-117.75","1164.9","LLANO SHAWNEE HILLS, CA US","0.0","0","0.0","2,0","3","2,0","2","2,0","0","2,0","0","2,0","0","2,0","0","2,0","3","2,0","0","2,0","8","2,0","0","2,0","","","","","-2.2","2,0,22,","0","2,,0,31,+","0","2,T,0,16,","10.2","2,,0,01,","25.0","2,0,07,","1394.2","0","210.3","2,0","20.1","2,,,0","0","2,T,,0","11.08","2,0","17.51","2,,,0","4.66","2,,,0"
"USC00045002","1957-04","34.46667","-117.75","1164.9","LLANO SHAWNEE HILLS, CA US","1.2","0","1.2","2,0","3","2,0","0","2,0","0","2,0","0","2,0","0","2,0","0","2,0","1","2,0","0","2,0","17","2,0","0","2,0","","","","","-2.8","2,0,21,","0","2,,0,30,+","0","2,,0,30,+","1.8","2,,0,18,","26.7","2,0,13,+","1526.6","0","132.4","2,0","4.3","2,,,0","0","2,,,0","13.64","2,0","21.35","2,,,0","5.94","2,,,0"
"USC00045002","1957-05","34.46667","-117.75","1164.9","LLANO SHAWNEE HILLS, CA US","25.1","0","23.9","1,0","1","1,0","0","1,0","0","1,0","0","1,0","0","1,0","0","1,0","0","1,0","0","1,0","19","1,0","1","1,0","","","","","1.1","1,0,09,","0","1,,0,31,+","0","1,,0,31,+","0.3","1,,0,14,","33.9","1,0,31,","1635.2","0","108.6","1,0","0.3","1,,,0","0","1,,,0","15.51","1,0","23.32","1,,,0","7.70","1,,,0"
"USC00045002","1957-06","34.46667","-117.75","1164.9","LLANO SHAWNEE HILLS, CA US","213.1","0","188.0","1,0","0","1,0","0","1,0","0","1,0","0","1,0","0","1,0","0","1,0","0","1,0","0","1,0","29","1,0","19","1,0","","","","","10.6","1,0,16,+","0","1,,0,30,+","0","1,,0,30,+","0.0","1,,0,30,+","38.9","1,0,26,+","1637.9","0","2.7","1,0","0.0","1,,,0","0","1,,,0","24.72","1,0","32.74","1,,,0","16.71","1,,,0"
"USC00045002","1957-07","34.46667","-117.75","1164.9","LLANO SHAWNEE HILLS, CA US","457.7","0","244.6","1,0","1","1,0","1","1,0","0","1,0","0","1,0","0","1,0","0","1,0","0","1,0","0","1,0","30","1,0","29","1,0","","","1","","11.1","1,0,22,","0","1,,0,31,+","0","1,,0,31,+","3.0","1,,0,02,","40.0","1,0,04,","0.0","0","0.0","1,0","3.0","1,,,0","0","1,,,0","26.49","1,0","35.47","1,,,0","17.50","1,,,0"
"USC00045002","1957-08","34.46667","-117.75","1164.9","LLANO SHAWNEE HILLS, CA US","675.0","0","217.3","1,0","1","1,0","0","1,0","0","1,0","0","1,0","0","1,0","0","1,0","0","1,0","0","1,0","30","1,0","23","1,0","","","","","9.4","1,0,30,","0","1,,0,31,+","0","1,,0,31,+","1.0","1,,0,18,","38.9","1,0,17,+","1.1","0","1.1","1,0","1.0","1,,,0","0","1,,,0","25.54","1,0","33.96","1,,,0","17.12","1,,,0"
"USC00045002","1957-09","34.46667","-117.75","1164.9","LLANO SHAWNEE HILLS, CA US","796.4","0","121.4","4,0","0","4,0","0","4,0","0","4,0","0","4,0","0","4,0","0","4,0","0","4,0","0","4,0","26","4,0","10","4,0","","","1","","11.1","4,0,30,+","0","4,,0,30,+","0","4,,0,30,+","0.0","4,T,0,07,","35.6","4,0,08,","1.1","0","0.0","4,0","0.0","4,T,,0","0","4,,,0","23.00","4,0","31.36","4,,,0","14.65","4,,,0"
"USC00045002","1957-10","34.46667","-117.75","1164.9","LLANO SHAWNEE HILLS, CA US","797.5","0","1.1","5,0","6","4,0","3","4,0","0","4,0","0","4,0","0","4,0","0","5,0","0","5,0","0","4,0","13","4,0","0","4,0","","","","","3.3","5,0,06,","0","4,,0,31,+","0","4,,0,31,+","15.2","4,,0,31,","27.8","4,0,09,","107.0","0","105.9","4,0","28.6","4,,,0","0","4,,,0","14.22","5,0","20.72","4,,,0","7.71","5,,,0"
"USC00045002","1957-11","34.46667","-117.75","1164.9","LLANO SHAWNEE HILLS, CA US","797.5","0","0.0","1,0","5","1,0","2","1,0","0","1,0","0","1,0","0","1,0","0","1,0","3","1,0","0","1,0","1","1,0","0","1,0","","","","","-0.6","1,0,17,","0","1,,0,30,+","0","1,,0,30,+","5.1","1,,0,05,+","21.1","1,0,26,","373.5","0","266.5","1,0","13.1","1,,,0","0","1,,,0","9.14","1,0","14.52","1,,,0","3.77","1,,,0"
"USC00045002","1957-12","34.46667","-117.75","1164.9","LLANO SHAWNEE HILLS, CA US","797.5","0","0.0","2,0","4","2,0","2","2,0","0","2,0","0","2,0","0","2,0","0","2,0","4","2,0","0","2,0","0","2,0","0","2,0","1","","","","0.0","2,0,24,+","0","2,,0,31,+","0","2,,0,31,+","13.2","2,,0,15,","19.4","2,0,10,","643.9","0","270.4","2,0","20.3","2,,,0","0","2,,,0","9.01","2,0","14.49","2,,,0","3.53","2,,,0"
"USC00045002","1958-01","34.46667","-117.75","1164.9","LLANO SHAWNEE HILLS, CA US","0.0","0","0.0",",0","3",",0","1",",0","0",",0","0",",0","0",",0","0",",0","3",",0","0",",0","1",",0","0",",0","","","","","-2.2",",0,22,","0",",,0,31,+","0",",,0,31,+","5.6",",,0,26,","21.7",",0,29,","950.9","0","307.0",",0","6.4",",,,0","0",",,,0","8.43",",0","13.95",",,,0","2.91",",,,0"
"USC00045002","1958-02","34.46667","-117.75","1164.9","LLANO SHAWNEE HILLS, CA US","0.0","0","0.0",",0","6",",0","5",",0","1",",0","0",",0","0","1,0","0",",0","2",",0","0",",0","2",",0","0",",0","","","","","-2.2",",0,28,","0",",,0,28,+","0","1,,0,28,+","35.3",",,0,19,","23.3",",0,17,","1188.0","0","237.1",",0","73.9",",,,0","0","1,,,0","9.86",",0","15.22",",,,0","4.51",",,,0"
"USC00045002","1958-03","34.46667","-117.75","1164.9","LLANO SHAWNEE HILLS, CA US","0.0","0","0.0",",0","9",",0","5",",0","0",",0","2",",0","1",",0","0",",0","16",",0","0",",0","0",",0","0",",0","1","","","","-2.8",",0,13,+","152",",,0,06,","25",",,0,11,","11.4",",,0,22,","20.0",",0,19,","1545.8","0","357.8",",0","49.0",",,,0","266",",a,,0","6.79",",0","12.91",",,,0","0.68",",,,0"
"USC00045002","1958-04","34.46667","-117.75","1164.9","LLANO SHAWNEE HILLS, CA US","8.1","0","8.1",",0","5",",0","4",",0","0",",0","0",",0","0",",0","0",",0","6",",0","0",",0","15",",0","0",",0","","","1","","-1.1",",0,02,","0",",,0,30,+","0",",T,0,07,","22.9",",,0,01,","30.6",",0,20,","1717.4","0","171.6",",0","51.8",",,,0","0",",T,,0","12.89",",0","20.09",",,,0","5.68",",,,0"
"USC00045002","1958-05","34.46667","-117.75","1164.9","LLANO SHAWNEE HILLS, CA US","69.3","0","61.2",",0","1",",0","0",",0","0",",0","0",",0","0",",0","0",",0","0",",0","0",",0","29",",0","5",",0","1","","","","3.3",",0,12,","0",",,0,31,+","0",",,0,31,+","0.5",",,0,01,","34.4",",0,17,","1742.4","0","25.0",",0","0.5",",,,0","0",",,,0","19.50",",0","28.52",",,,0","10.48",",,,0"
"USC00045002","1958-06","34.46667","-117.75","1164.9","LLANO SHAWNEE HILLS, CA US","175.1","0","105.8",",0","1",",0","0",",0","0",",0","0",",0","0",",0","0",",0","0",",0","0",",0","30",",0","13",",0","","","","","6.7",",0,06,","0",",,0,30,+","0",",,0,30,+","0.5",",,0,16,","37.8",",0,27,+","1756.3","0","13.9",",0","0.5",",,,0","0",",,,0","21.40",",0","30.42",",,,0","12.37",",,,0"
"USC00045002","1958-07","34.46667","-117.75","1164.9","LLANO SHAWNEE HILLS, CA US","385.6","0","210.5",",0","0",",0","0",",0","0",",0","0",",0","0",",0","0",",0","0",",0","0",",0","31",",0","19",",0","","","","","9.4",",0,17,","0",",,0,31,+","0",",,0,31,+","0.0",",,0,31,+","38.9",",0,11,+","0.0","0","0.0",",0","0.0",",,,0","0",",,,0","25.12",",0","33.64",",,,0","16.60",",,,0"
"USC00045002","1958-08","34.46667","-117.75","1164.9","LLANO SHAWNEE HILLS, CA US","663.5","0","277.9",",0","3",",0","1",",0","0",",0","0",",0","0",",0","0",",0","0",",0","0",",0","31",",0","30",",0","","","2","","16.7",",0,23,","0",",,0,31,+","0",",,0,31,+","3.3",",,0,25,","38.9",",0,11,","0.0","0","0.0",",0","4.4",",,,0","0",",,,0","27.30",",0","34.99",",,,0","19.61",",,,0"
"USC00045002","1958-09","34.46667","-117.75","1164.9","LLANO SHAWNEE HILLS, CA US","815.2","0","151.7",",0","4",",0","2",",0","0",",0","0",",0","0",",0","0",",0","0",",0","0",",0","29",",0","13",",0","","","2","","7.8",",0,24,","0",",,0,30,+","0",",,0,30,+","15.7",",,0,06,","35.0",",0,02,+","8.3","0","8.3",",0","25.9",",,,0","0",",,,0","23.11",",0","30.31",",,,0","15.91",",,,0"
"USC00045002","1958-10","34.46667","-117.75","1164.9","LLANO SHAWNEE HILLS, CA US","892.8","0","77.6",",0","3",",0","1",",0","0",",0","0",",0","0",",0","0",",0","0",",0","0",",0","21",",0","0",",0","","","1","","6.1",",0,22,","0",",,0,31,+","0",",,0,31,+","11.2",",,0,24,","31.7",",0,01,","68.0","0","59.7",",0","13.8",",,,0","0",",,,0","18.91",",0","25.06",",,,0","12.76",",,,0"
"USC00045002","1958-11","34.46667","-117.75","1164.9","LLANO SHAWNEE HILLS, CA US","893.1","0","0.3","3,0","1",",0","1",",0","0",",0","0",",0","0",",0","0","2,0","5","2,0","0","2,0","8","2,0","0","2,0","","","","","-5.6","2,0,17,","0",",,0,30,+","0",",,0,30,+","6.4",",,0,11,","25.6","2,0,09,","253.1","0","185.1","2,0","6.4",",,,0","0",",,,0","11.49","3,0","17.60","2,,,0","5.38","2,,,0"
"USC00045002","1958-12","34.46667","-117.75","1164.9","LLANO SHAWNEE HILLS, CA US","895.9","0","2.8",",0","0",",0","0",",0","0",",0","0",",0","0",",0","0",",0","0",",0","0",",0","9",",0","0",",0","","","","","1.7",",0,28,+","0",",,0,31,+","0",",,0,31,+","0.0",",,0,31,+","26.7",",0,04,","454.4","0","201.3",",0","0.0",",,,0","0",",,,0","11.93",",0","17.72",",,,0","6.14",",,,0"
"USC00045002","1959-01","34.46667","-117.75","1164.9","LLANO SHAWNEE HILLS, CA US","0.0","0","0.0",",0","2",",0","1",",0","1",",0","0",",0","0",",0","0",",0","6",",0","0",",0","3",",0","0",",0","","","1","","-5.0",",0,04,","0",",,0,31,+","0",",,0,31,+","35.1",",,0,06,","22.8",",0,24,+","738.5","0","284.1",",0","35.4",",,,0","0",",,,0","9.17",",0","15.04",",,,0","3.30",",,,0"
"USC00045002","1959-02","34.46667","-117.75","1164.9","LLANO SHAWNEE HILLS, CA US","0.0","0","0.0",",0","5",",0","4",",0","0",",0","0",",0","0",",0","0",",0","13",",0","0",",0","0",",0","0",",0","1","","","","-3.3",",0,13,","0",",,0,28,+","0",",T,0,08,","13.7",",,0,11,","18.9",",0,28,","1064.6","0","326.1",",0","36.5",",,,0","0",",T,,0","6.69",",0","12.32",",,,0","1.05",",,,0"
"USC00045002","1959-03","34.46667","-117.75","1164.9","LLANO SHAWNEE HILLS, CA US","0.0","0","0.0",",0","0",",0","0",",0","0",",0","0",",0","0",",0","0",",0","0",",0","0",",0","16",",0","0",",0","","","","","1.1",",0,24,","0",",,0,31,+","0",",,0,31,+","0.0",",,0,31,+","23.9",",0,17,","1229.3","0","164.7",",0","0.0",",,,0","0",",,,0","13.02",",0","20.09",",,,0","5.95",",,,0"
"USC00045002","1959-04","34.46667","-117.75","1164.9","LLANO SHAWNEE HILLS, CA US","23.8","0","23.8",",0","1",",0","0",",0","0",",0","0",",0","0",",0","0",",0","0",",0","0",",0","27",",0","0",",0","","","","","6.1",",0,27,","0",",,0,30,+","0",",,0,30,+","1.8",",,0,26,","31.7",",0,02,","1277.9","0","48.6",",0","1.8",",,,0","0",",,,0","17.51",",0","25.06",",,,0","9.95",",,,0"
"USC00045002","1959-05","34.46667","-117.75","1164.9","LLANO SHAWNEE HILLS, CA US","45.0","0","21.2",",0","0",",0","0",",0","0",",0","0",",0","0",",0","0",",0","0",",0","0",",0","25",",0","0",",0","","","","","1.7",",0,23,","0",",,0,31,+","0",",,0,31,+","0.0",",,0,31,+","31.7",",0,12,+","1355.7","0","77.8",",0","0.0",",,,0","0",",,,0","16.51",",0","24.37",",,,0","8.64",",,,0"
"USC00045002","1959-06","34.46667","-117.75","1164.9","LLANO SHAWNEE HILLS, CA US","228.9","0","183.9",",0","0",",0","0",",0","0",",0","0",",0","0",",0","0",",0","0",",0","0",",0","30",",0","19",",0","","","","","8.3",",0,07,","0",",,0,30,+","0",",,0,30,+","0.0",",,0,30,+","38.9",",0,23,","1355.7","0","0.0",",0","0.0",",,,0","0",",,,0","24.46",",0","32.93",",,,0","16.00",",,,0"
"USC00045002","1959-07","34.46667","-117.75","1164.9","LLANO SHAWNEE HILLS, CA US","554.8","0","325.9",",0","2",",0","0",",0","0",",0","0",",0","0",",0","0",",0","0",",0","0",",0","31",",0","31",",0","","","1","","13.3",",0,08,","0",",,0,31,+","0",",,0,31,+","1.3",",,0,01,","40.0",",0,11,","0.0","0","0.0",",0","2.3",",,,0","0",",,,0","28.85",",0","36.67",",,,0","21.02",",,,0"
"USC00045002","1959-08","34.46667","-117.75","1164.9","LLANO SHAWNEE HILLS, CA US","771.4","0","216.6",",0","2",",0","0",",0","0",",0","0",",0","0",",0","0",",0","0",",0","0",",0","31",",0","25",",0","","","1","","5.6",",0,20,","0",",,0,31,+","0",",,0,31,+","0.8",",,0,08,","36.7",",0,31,+","4.2","0","4.2",",0","1.1",",,,0","0",",,,0","25.19",",0","33.01",",,,0","17.37",",,,0"
"USC00045002","1959-09","34.46667","-117.75","1164.9","LLANO SHAWNEE HILLS, CA US","872.4","0","101.0",",0","2",",0","2",",0","0",",0","0",",0","0",",0","0",",0","0",",0","0",",0","29",",0","10",",0","","","2","","6.7",",0,17,","0",",,0,30,+","0",",,0,30,+","11.4",",,0,12,","35.0",",0,01,","22.5","0","18.3",",0","15.5",",,,0","0",",,,0","21.09",",0","28.30",",,,0","13.88",",,,0"
"USC00045002","1959-10","34.46667","-117.75","1164.9","LLANO SHAWNEE HILLS, CA US","933.5","0","61.1","1,0","1",",0","1",",0","0",",0","0",",0","0",",0","0",",0","0",",0","0","1,0","24","1,0","0","1,0","1","","","","2.2",",0,30,","0",",,0,31,+","0",",,0,31,+","4.1",",,0,01,","31.7","1,0,24,","71.3","0","48.8","1,0","4.1",",,,0","0",",,,0","18.76","1,0","25.37","1,,,0","12.16",",,,0"
"USC00045002","1959-11","34.46667","-117.75","1164.9","LLANO SHAWNEE HILLS, CA US","933.5","0","0.0",",0","2",",0","2",",0","0",",0","0",",0","0",",0","0",",0","0",",0","0",",0","6",",0","0",",0","","","","","1.7",",0,27,","0",",,0,30,+","0",",,0,30,+","2.5",",,0,02,+","22.8",",0,25,+","233.0","0","161.7",",0","5.0",",,,0","0",",,,0","12.94",",0","19.09",",,,0","6.80",",,,0"
"USC00045002","1959-12","34.46667","-117.75","1164.9","LLANO SHAWNEE HILLS, CA US","933.5","0","0.0",",0","4","2,0","2","2,0","0","2,0","0",",0","0",",0","0",",0","5",",0","0",",0","0",",0","0",",0","2","","","","-3.3",",0,31,+","0",",,0,31,+","0",",,0,31,+","5.3","2,,0,21,","20.0",",0,16,","549.0","0","316.0",",0","32.4",",a,,0","0",",,,0","8.14",",0","13.11",",,,0","3.16",",,,0"
"USC00045002","1960-01","34.46667","-117.75","1164.9","LLANO SHAWNEE HILLS, CA US","0.0","0","0.0",",0","8",",0","5",",0","0",",0","4",",0","2",",0","0",",0","17",",0","0",",0","0",",0","0",",0","1","","","","-8.9",",0,02,","51",",,0,16,+","38",",,0,16,+","15.2",",,0,10,","18.3",",0,30,","972.7","0","423.7",",0","31.3",",,,0","76",",,,0","4.66",",0","10.02",",,,0","-0.69",",,,0"
"USC00045002","1960-02","34.46667","-117.75","1164.9","LLANO SHAWNEE HILLS, CA US","0.0","0","0.0",",0","4",",0","2",",0","0",",0","0",",0","0",",0","0",",0","5",",0","0",",0","2",",0","0",",0","","","","","-4.4",",0,24,","0",",,0,29,+","0",",T,0,29,","12.2",",,0,29,","22.8",",0,08,","1277.6","0","304.9",",0","16.6",",,,0","0",",T,,0","7.82",",0","13.37",",,,0","2.27",",,,0"
"USC00045002","1960-03","34.46667","-117.75","1164.9","LLANO SHAWNEE HILLS, CA US","0.3","0","0.3",",0","1",",0","0",",0","0",",0","0",",0","0",",0","0",",0","1",",0","0",",0","14",",0","0",",0","","","","","-1.1",",0,02,","0",",,0,31,+","0",",,0,31,+","0.5",",,0,01,","26.7",",0,25,","1430.1","0","152.5",",0","0.5",",,,0","0",",,,0","13.42",",0","20.32",",,,0","6.53",",,,0"
"USC00045002","1960-04","34.46667","-117.75","1164.9","LLANO SHAWNEE HILLS, CA US","12.5","0","12.2",",0","1",",0","1",",0","0",",0","0",",0","0",",0","0",",0","1",",0","0",",0","19",",0","0",",0","","","","","-1.7",",0,24,","0",",,0,30,+","0",",,0,30,+","5.1",",,0,27,","30.6",",0,05,","1553.0","0","122.9",",0","5.1",",,,0","0",",,,0","14.64",",0","22.82",",,,0","6.46",",,,0"
"USC00045002","1960-05","34.46667","-117.75","1164.9","LLANO SHAWNEE HILLS, CA US","63.7","0","51.2",",0","0",",0","0",",0","0",",0","0",",0","0",",0","0",",0","0",",0","0",",0","26",",0","4",",0","","","","","1.7",",0,23,+","0",",,0,31,+","0",",,0,31,+","0.0",",,0,31,+","33.9",",0,11,+","1614.4","0","61.4",",0","0.0",",,,0","0",",,,0","18.00",",0","26.25",",,,0","9.76",",,,0"
"USC00045002","1960-06","34.46667","-117.75","1164.9","LLANO SHAWNEE HILLS, CA US","296.6","0","232.9",",0","1",",0","0",",0","0",",0","0",",0","0",",0","0",",0","0",",0","0",",0","30",",0","26",",0","","","2","","12.8",",0,09,+","0",",,0,30,+","0",",,0,30,+","0.3",",,0,03,","37.2",",0,13,+","1614.4","0","0.0",",0","0.3",",,,0","0",",,,0","26.10",",0","34.24",",,,0","17.95",",,,0"
"USC00045002","1960-07","34.46667","-117.75","1164.9","LLANO SHAWNEE HILLS, CA US","581.2","0","284.6","1,0","2","1,0","2","1,0","0","1,0","0","1,0","0","1,0","0","1,0","0","1,0","0","1,0","30","1,0","29","1,0","","","1","","15.0","1,0,12,","0","1,,0,31,+","0","1,,0,31,+","8.9","1,,0,22,","41.7","1,0,18,","0.0","0","0.0","1,0","11.9","1,,,0","0","1,,,0","27.82","1,0","35.48","1,,,0","20.16","1,,,0"
"USC00045002","1960-08","34.46667","-117.75","1164.9","LLANO SHAWNEE HILLS, CA US","837.2","0","256.0","1,0","1",",0","1",",0","0",",0","0",",0","0",",0","0","1,0","0","1,0","0",",0","31",",0","27",",0","","","","","12.2","1,0,23,","0",",,0,31,+","0",",,0,31,+","2.5",",,0,10,","38.9",",0,19,+","0.0","0","0.0",",0","2.5",",,,0","0",",,,0","26.85","1,0","35.23",",,,0","18.47","1,,,0"
"USC00045002","1960-09","34.46667","-117.75","1164.9","LLANO SHAWNEE HILLS, CA US","1029.1","0","191.9",",0","3",",0","1",",0","0",",0","0",",0","0",",0","0",",0","0",",0","0",",0","30",",0","15",",0","","","2","","8.3",",0,22,","0",",,0,30,+","0",",,0,30,+","10.9",",,0,10,","36.1",",0,12,","0.3","0","0.3",",0","11.7",",,,0","0",",,,0","24.72",",0","32.04",",,,0","17.40",",,,0"
"USC00045002","1960-10","34.46667","-117.75","1164.9","LLANO SHAWNEE HILLS, CA US","1056.9","0","27.8",",0","1",",0","0",",0","0",",0","0",",0","0",",0","0",",0","0",",0","0",",0","19",",0","0",",0","","","","","2.2",",0,10,","0",",,0,31,+","0",",,0,31,+","1.3",",,0,10,","29.4",",0,06,+","80.4","0","80.1",",0","1.3",",,,0","0",",,,0","16.65",",0","23.07",",,,0","10.22",",,,0"
"USC00045002","1960-11","34.46667","-117.75","1164.9","LLANO SHAWNEE HILLS, CA US","1059.9","0","3.0","3,0","8",",0","3",",0","0",",0","0",",0","0",",0","0","3,0","4","3,0","0","3,0","2","3,0","0","3,0","","","2","","-1.1","3,0,28,","0",",T,0,26,","0",",T,0,27,+","14.0",",,0,06,","27.8","3,0,01,","315.1","0","234.7","3,0","36.1",",,,0","0",",T,,0","9.75","3,0","15.47","3,,,0","4.03","3,,,0"
"USC00045002","1960-12","34.46667","-117.75","1164.9","LLANO SHAWNEE HILLS, CA US","1059.9","0","0.0","2,0","1",",0","0",",0","0",",0","1",",0","1",",0","0","1,0","9","1,0","0","2,0","0","2,0","0","2,0","","","","","-7.2","1,0,09,","25",",,0,08,","25",",,0,08,","1.8",",,0,08,","19.4","2,0,18,","628.2","0","313.1","2,0","1.8",",,,0","25",",,,0","7.59","2,0","13.20","2,,,0","1.98","1,,,0"
"USC00045002","1961-01","34.46667","-117.75","1164.9","LLANO SHAWNEE HILLS, CA US","0.0","0","0.0",",0","1",",0","1",",0","0",",0","0",",0","0",",0","0",",0","3",",0","0",",0","0",",0","0",",0","","","","","-1.7",",0,04,","0",",,0,31,+","0",",,0,31,+","5.1",",,0,26,","18.9",",0,16,","917.5","0","289.3",",0","5.1",",,,0","0",",,,0","9.00",",0","14.54",",,,0","3.46",",,,0"
"USC00045002","1961-02","34.46667","-117.75","1164.9","LLANO SHAWNEE HILLS, CA US","0.0","0","0.0",",0","0",",0","0",",0","0",",0","0",",0","0",",0","0",",0","4",",0","0",",0","3",",0","0",",0","","","","","-1.1",",0,19,","0",",,0,28,+","0",",,0,28,+","0.0",",,0,28,+","23.3",",0,10,","1153.9","0","236.4",",0","0.0",",,,0","0",",,,0","9.89",",0","16.15",",,,0","3.63",",,,0"
"USC00045002","1961-03","34.46667","-117.75","1164.9","LLANO SHAWNEE HILLS, CA US","0.0","0","0.0",",0","2",",0","2",",0","0",",0","0",",0","1",",0","0",",0","4",",0","0",",0","8",",0","0",",0","","","","","-1.1",",0,07,","0",",,0,31,+","51",",,0,28,","9.7",",,0,28,","25.0",",0,22,","1386.0","0","232.1",",0","12.5",",,,0","51",",,,0","10.85",",0","17.75",",,,0","3.94",",,,0"
"USC00045002","1961-04","34.46667","-117.75","1164.9","LLANO SHAWNEE HILLS, CA US","26.1","0","26.1",",0","0",",0","0",",0","0",",0","0",",0","0",",0","0",",0","1",",0","0",",0","22",",0","2",",0","","","","","-0.6",",0,24,","0",",,0,30,+","0",",,0,30,+","0.0",",,0,30,+","32.8",",0,04,+","1492.3","0","106.3",",0","0.0",",,,0","0",",,,0","15.66",",0","23.70",",,,0","7.61",",,,0"
"USC00045002","1961-05","34.46667","-117.75","1164.9","LLANO SHAWNEE HILLS, CA US","38.1","0","12.0","1,0","0",",0","0",",0","0",",0","0",",0","0",",0","0",",0","0",",0","0","1,0","25","1,0","0","1,0","","","","","3.3",",0,12,","0",",,0,31,+","0",",,0,31,+","0.0",",,0,31,+","30.0","1,0,09,","1555.0","0","62.7","1,0","0.0",",,,0","0",",,,0","16.60","1,0","24.80","1,,,0","8.41",",,,0"
"USC00045002","1961-06","34.46667","-117.75","1164.9","LLANO SHAWNEE HILLS, CA US","262.9","0","224.8","1,0","0",",0","0",",0","0",",0","0",",0","0",",0","0","1,0","0","1,0","0","1,0","28","1,0","18","1,0","","","","","4.4","1,0,01,","0",",,0,30,+","0",",,0,30,+","0.0",",,0,30,+","41.7","1,0,20,","1563.4","0","8.4","1,0","0.0",",,,0","0",",,,0","25.80","1,0","34.04","1,,,0","17.55","1,,,0"
"USC00045002","1961-07","34.46667","-117.75","1164.9","LLANO SHAWNEE HILLS, CA US","585.4","0","322.5",",0","1",",0","1",",0","0",",0","0",",0","0",",0","0",",0","0",",0","0",",0","31",",0","29",",0","","","1","","11.7",",0,06,","0",",,0,31,+","0",",,0,31,+","5.1",",,0,25,","41.7",",0,10,","0.0","0","0.0",",0","5.1",",,,0","0",",,,0","28.74",",0","36.68",",,,0","20.79",",,,0"
"USC00045002","1961-08","34.46667","-117.75","1164.9","LLANO SHAWNEE HILLS, CA US","809.7","0","224.3",",0","6",",0","3",",0","1",",0","0",",0","0",",0","0",",0","0",",0","0",",0","31",",0","20",",0","","","5","","11.7",",0,28,","0",",,0,31,+","0",",,0,31,+","25.4",",,0,19,","38.3",",0,08,","0.0","0","0.0",",0","39.2",",,,0","0",",,,0","25.57",",0","32.59",",,,0","18.55",",,,0"
"USC00045002","1961-09","34.46667","-117.75","1164.9","LLANO SHAWNEE HILLS, CA US","910.2","0","100.5",",0","0",",0","0",",0","0",",0","0",",0","0",",0","0",",0","0",",0","0",",0","29",",0","6",",0","","","","","8.3",",0,23,+","0",",,0,30,+","0",",,0,30,+","0.0",",,0,30,+","33.9",",0,06,","11.4","0","11.4",",0","0.0",",,,0","0",",,,0","21.30",",0","28.65",",,,0","13.96",",,,0"
"USC00045002","1961-10","34.46667","-117.75","1164.9","LLANO SHAWNEE HILLS, CA US","959.9","0","49.7",",0","1",",0","0",",0","0",",0","0",",0","0",",0","0",",0","2",",0","0",",0","22",",0","0",",0","","","","","-1.1",",0,30,+","0",",,0,31,+","0",",T,0,30,+","1.5",",,0,31,","30.6",",0,05,+","117.3","0","105.9",",0","1.5",",,,0","0",",T,,0","16.52",",0","22.90",",,,0","10.14",",,,0"
"USC00045002","1961-11","34.46667","-117.75","1164.9","LLANO SHAWNEE HILLS, CA US","959.9","0","0.0",",0","5",",0","2",",0","0",",0","0",",0","0",",0","0",",0","5",",0","0",",0","3",",0","0",",0","1","","","","-1.7",",0,17,","0",",,0,30,+","0",",,0,30,+","9.7",",,0,25,","24.4",",0,15,","377.9","0","260.6",",0","16.8",",,,0","0",",,,0","9.65",",0","15.39",",,,0","3.91",",,,0"
"USC00045002","1961-12","34.46667","-117.75","1164.9","LLANO SHAWNEE HILLS, CA US","959.9","0","0.0",",0","4",",0","1",",0","1",",0","0",",0","0",",0","0",",0","11",",0","0",",0","0",",0","0",",0","","","","","-5.0",",0,13,+","0",",T,0,14,","3",",,0,15,","29.7",",,0,02,","19.4",",0,25,","739.7","0","361.8",",0","33.7",",,,0","3",",,,0","6.66",",0","11.89",",,,0","1.44",",,,0"
"USC00045002","1962-01","34.46667","-117.75","1164.9","LLANO SHAWNEE HILLS, CA US","0.3","0","0.3",",0","4",",0","3",",0","0",",0","4",",0","2",",0","0",",0","12",",0","0",",0","2",",0","0",",0","","","","","-5.6",",0,15,","102",",,0,23,","114",",,0,22,","8.4",",,0,20,","23.3",",0,07,","1067.7","0","328.0",",0","22.6",",,,0","178",",,,0","7.76",",0","13.06",",,,0","2.46",",,,0"
"USC00045002","1962-02","34.46667","-117.75","1164.9","LLANO SHAWNEE HILLS, CA US","0.3","0","0.0",",0","14",",0","7",",0","3",",0","2",",0","3",",0","0",",0","10",",0","0",",0","2",",0","0",",0","","","","","-7.2",",0,27,","51",",,0,19,","160",",,0,19,","64.8",",,0,11,","21.1",",0,06,+","1367.9","0","300.2",",0","153.4",",,,0","218",",,,0","7.61",",0","12.76",",,,0","2.46",",,,0"
"USC00045002","1962-03","34.46667","-117.75","1164.9","LLANO SHAWNEE HILLS, CA US","0.3","0","0.0",",0","5",",0","2",",0","0",",0","0",",0","0",",0","0",",0","14",",0","0",",0","5",",0","0",",0","","","2","","-2.2",",0,10,+","0",",T,0,09,","5",",,0,09,","7.9",",,0,06,","25.6",",0,27,","1693.2","0","325.3",",0","13.3",",,,0","5",",,,0","7.84",",0","14.19",",,,0","1.48",",,,0"
"USC00045002","1962-04","34.46667","-117.75","1164.9","LLANO SHAWNEE HILLS, CA US","27.0","0","26.7",",0","0",",0","0",",0","0",",0","0",",0","0",",0","0",",0","0",",0","0",",0","24",",0","0",",0","","","","","1.1",",0,20,","0",",,0,30,+","0",",,0,30,+","0.0",",,0,30,+","31.1",",0,18,+","1756.6","0","63.4",",0","0.0",",,,0","0",",,,0","17.11",",0","25.18",",,,0","9.04",",,,0"
"USC00045002","1962-05","34.46667","-117.75","1164.9","LLANO SHAWNEE HILLS, CA US","49.2","0","22.2",",0","0",",0","0",",0","0",",0","0",",0","0",",0","0",",0","0",",0","0",",0","22",",0","0",",0","1","","","","0.6",",0,20,","0",",,0,31,+","0",",,0,31,+","0.0",",,0,31,+","31.1",",0,08,","1868.4","0","111.8",",0","0.0",",,,0","0",",,,0","15.44",",0","23.62",",,,0","7.27",",,,0"
"USC00045002","1962-06","34.46667","-117.75","1164.9","LLANO SHAWNEE HILLS, CA US","192.2","0","143.0",",0","0",",0","0",",0","0",",0","0",",0","0",",0","0",",0","0",",0","0",",0","28",",0","15",",0","","","","","3.3",",0,15,","0",",,0,30,+","0",",,0,30,+","0.0",",,0,30,+","36.7",",0,26,","1883.4","0","15.0",",0","0.0",",,,0","0",",,,0","22.60",",0","31.05",",,,0","14.15",",,,0"
"USC00045002","1962-07","34.46667","-117.75","1164.9","LLANO SHAWNEE HILLS, CA US","417.1","0","224.9",",0","0",",0","0",",0","0",",0","0",",0","0",",0","0",",0","0",",0","0",",0","31",",0","28",",0","","","","","13.3",",0,01,","0",",,0,31,+","0",",,0,31,+","0.0",",,0,31,+","36.1",",0,21,","0.0","0","0.0",",0","0.0",",,,0","0",",,,0","25.59",",0","33.36",",,,0","17.81",",,,0"
"USC00045002","1962-08","34.46667","-117.75","1164.9","LLANO SHAWNEE HILLS, CA US","664.3","0","247.2",",0","0",",0","0",",0","0",",0","0",",0","0",",0","0",",0","0",",0","0",",0","31",",0","24",",0","","","","","11.7",",0,04,","0",",,0,31,+","0",",,0,31,+","0.0",",,0,31,+","38.3",",0,14,+","0.0","0","0.0",",0","0.0",",,,0","0",",,,0","26.31",",0","34.14",",,,0","18.47",",,,0"
"USC00045002","1962-09","34.46667","-117.75","1164.9","LLANO SHAWNEE HILLS, CA US","830.2","0","165.9",",0","0",",0","0",",0","0",",0","0",",0","0",",0","0",",0","0",",0","0",",0","30",",0","16",",0","","","","","11.1",",0,13,","0",",,0,30,+","0",",,0,30,+","0.0",",,0,30,+","35.0",",0,19,+","1.1","0","1.1",",0","0.0",",,,0","0",",,,0","23.83",",0","31.48",",,,0","16.17",",,,0"
"USC00045002","1962-10","34.46667","-117.75","1164.9","LLANO SHAWNEE HILLS, CA US","858.4","0","28.2",",0","1",",0","1",",0","0",",0","0",",0","0",",0","0",",0","0",",0","0",",0","23",",0","0",",0","","","","","3.3",",0,15,","0",",,0,31,+","0",",,0,31,+","8.6",",,0,18,","30.6",",0,02,+","56.5","0","55.4",",0","8.6",",,,0","0",",,,0","17.46",",0","23.93",",,,0","10.98",",,,0"
"USC00045002","1962-11","34.46667","-117.75","1164.9","LLANO SHAWNEE HILLS, CA US","859.5","0","1.1",",0","0",",0","0",",0","0",",0","0",",0","0",",0","0",",0","3",",0","0",",0","12",",0","0",",0","","","","","-1.1",",0,29,","0",",,0,30,+","0",",,0,30,+","0.0",",,0,30,+","25.0",",0,03,","226.6","0","170.1",",0","0.0",",,,0","0",",,,0","12.70",",0","18.65",",,,0","6.75",",,,0"
"USC00045002","1962-12","34.46667","-117.75","1164.9","LLANO SHAWNEE HILLS, CA US","859.5","0","0.0","2,0","2",",0","0",",0","0",",0","0",",0","0",",0","0","1,0","5","1,0","0","1,0","0","1,0","0","1,0","","","","","-4.4","1,0,27,","0",",,0,31,+","0",",,0,31,+","0.8",",,0,18,","19.4","1,0,09,","470.1","0","243.5","1,0","1.3",",,,0","0",",,,0","9.60","2,0","15.02","1,,,0","4.18","1,,,0"
"USC00045002","1963-01","34.46667","-117.75","1164.9","LLANO SHAWNEE HILLS, CA US","0.0","0","0.0",",0","1",",0","0",",0","0",",0","0",",0","0",",0","0",",0","11",",0","0",",0","0",",0","0",",0","","","","","-11.1",",0,13,","0",",,0,31,+","0",",,0,31,+","2.3",",,0,03,","18.9",",0,25,+","827.8","0","357.7",",0","2.3",",,,0","0",",,,0","6.79",",0","12.85",",,,0","0.74",",,,0"
"USC00045002","1963-02","34.46667","-117.75","1164.9","LLANO SHAWNEE HILLS, CA US","0.0","0","0.0",",0","5",",0","2",",0","0",",0","0",",0","0",",0","0",",0","0",",0","0",",0","8",",0","0",",0","","","","","2.2",",0,17,+","0",",,0,28,+","0",",,0,28,+","18.3",",,0,09,","24.4",",0,06,","986.1","0","158.3",",0","35.4",",,,0","0",",,,0","12.68",",0","18.38",",,,0","6.98",",,,0"
"USC00045002","1963-03","34.46667","-117.75","1164.9","LLANO SHAWNEE HILLS, CA US","0.0","0","0.0",",0","3",",0","2",",0","0",",0","1",",0","1",",0","0",",0","8",",0","0",",0","5",",0","0",",0","1","","","","-3.9",",0,17,","25",",,0,17,","51",",,0,17,","16.8",",,0,28,","23.9",",0,27,","1264.2","0","278.1",",0","29.8",",,,0","51",",,,0","9.36",",0","16.08",",,,0","2.65",",,,0"
"USC00045002","1963-04","34.46667","-117.75","1164.9","LLANO SHAWNEE HILLS, CA US","0.0","0","0.0","1,0","4",",0","2",",0","0",",0","0",",0","0",",0","0","1,0","10","1,0","0",",0","7",",0","0",",0","1","","","","-2.2","1,0,18,","0",",,0,30,+","13",",,0,17,","7.6",",,0,26,","25.6",",0,29,+","1502.5","0","238.3",",0","11.7",",,,0","13",",,,0","10.14","1,0","17.58",",,,0","2.70","1,,,0"
"USC00045002","1963-05","34.46667","-117.75","1164.9","LLANO SHAWNEE HILLS, CA US","","","","","0",",0","0",",0","0",",0","0",",0","0",",0","","","","","","","","","","","","","","","","","0",",,0,31,+","0",",,0,31,+","0.0",",,0,31,+","","","","","","","0.0",",,,0","0",",,,0","","","","","",""
"USC00045002","1963-06","34.46667","-117.75","1164.9","LLANO SHAWNEE HILLS, CA US","","","","","1",",0","1",",0","0",",0","0",",0","0",",0","0","4,0","0","4,0","","","","","","","","","1","","5.6","4,0,11,","0",",,0,30,+","0",",,0,30,+","5.6",",,0,12,","","","","","","","5.6",",,,0","0",",,,0","","","","","12.28","4,,,0"
"USC00045002","1963-07","34.46667","-117.75","1164.9","LLANO SHAWNEE HILLS, CA US","","","212.8","3,0","0",",0","0",",0","0",",0","0",",0","0",",0","0","2,0","0","2,0","0","3,0","28","3,0","23","3,0","","","","","12.2","2,0,04,+","0",",,0,31,+","0",",,0,31,+","0.0",",,0,31,+","38.3","3,0,14,","0.0","0","0.0","3,0","0.0",",,,0","0",",,,0","25.89","3,0","34.74","3,,,0","17.03","2,,,0"
"USC00045002","1963-08","34.46667","-117.75","1164.9","LLANO SHAWNEE HILLS, CA US","","","210.6","1,0","2",",0","2",",0","0",",0","0",",0","0",",0","0","1,0","0","1,0","0","1,0","30","1,0","22","1,0","","","1","","10.6","1,0,24,+","0",",,0,31,+","0",",,0,31,+","6.9",",,0,07,","36.7","1,0,14,","0.0","0","0.0","1,0","9.7",",,,0","0",",,,0","25.35","1,0","32.92","1,,,0","17.79","1,,,0"
"USC00045002","1963-09","34.46667","-117.75","1164.9","LLANO SHAWNEE HILLS, CA US","","","148.1",",0","7",",0","4",",0","0",",0","0",",0","0",",0","0",",0","0",",0","0",",0","27",",0","11",",0","3","","3","","10.0",",0,20,","0",",,0,30,+","0",",,0,30,+","25.1",",,0,04,","34.4",",0,11,+","11.6","0","11.6",",0","67.9",",,,0","0",",,,0","22.88",",0","29.21",",,,0","16.56",",,,0"
"USC00045002","1963-10","34.46667","-117.75","1164.9","LLANO SHAWNEE HILLS, CA US","","","35.1",",0","4",",0","2",",0","0",",0","0",",0","0",",0","0",",0","0",",0","0",",0","18",",0","1",",0","","","2","","5.6",",0,31,","0",",,0,31,+","0",",,0,31,+","22.1",",,0,18,","32.2",",0,02,","90.5","0","78.9",",0","44.0",",,,0","0",",,,0","16.92",",0","22.53",",,,0","11.31",",,,0"
"USC00045002","1963-11","34.46667","-117.75","1164.9","LLANO SHAWNEE HILLS, CA US","","","0.0",",0","3",",0","1",",0","0",",0","0",",0","0",",0","0",",0","2",",0","0",",0","2",",0","0",",0","","","","","0.0",",0,22,+","0",",,0,30,+","0",",,0,30,+","14.7",",,0,20,","22.8",",0,14,","322.6","0","232.1",",0","16.8",",,,0","0",",,,0","10.60",",0","15.80",",,,0","5.39",",,,0"
"USC00045002","1963-12","34.46667","-117.75","1164.9","LLANO SHAWNEE HILLS, CA US","","","0.0","2,0","2",",0","1",",0","0",",0","1",",0","0",",0","0","1,0","4","1,0","0","1,0","0","1,0","0","1,0","","","","","-2.8","1,0,12,","25",",,0,09,","0",",T,0,10,+","3.0",",,0,09,","19.4","1,0,06,","606.0","0","283.4","1,0","3.5",",,,0","0",",T,,0","8.62","2,0","14.08","1,,,0","3.16","1,,,0"
"USC00045002","1964-01","34.46667","-117.75","1164.9","LLANO SHAWNEE HILLS, CA US","0.0","0","0.0","1,0","2",",0","2",",0","0",",0","0",",0","0",",0","0","1,0","13","1,0","0",",0","1",",0","0",",0","","","","","-4.4","1,0,09,","0",",,0,31,+","0",",T,0,14,","14.0",",,0,21,","21.1",",0,01,","971.1","0","365.1",",0","23.1",",,,0","0",",T,,0","6.14","1,0","11.42",",,,0","0.85","1,,,0"
"USC00045002","1964-02","34.46667","-117.75","1164.9","LLANO SHAWNEE HILLS, CA US","0.0","0","0.0",",0","1",",0","1",",0","0",",0","0",",0","1",",0","0",",0","9",",0","0",",0","0",",0","0",",0","","","","","-3.3",",0,26,+","0",",T,0,16,","76",",,0,16,","6.4",",,0,16,","18.9",",0,19,+","1283.0","0","311.9",",0","6.4",",,,0","76",",,,0","7.58",",0","13.34",",,,0","1.82",",,,0"
"USC00045002","1964-03","34.46667","-117.75","1164.9","LLANO SHAWNEE HILLS, CA US","0.0","0","0.0",",0","6",",0","1",",0","0",",0","0",",0","0",",0","0",",0","14",",0","0",",0","6",",0","0",",0","","","","","-4.4",",0,08,","0",",T,0,07,","13",",,0,08,+","5.1",",,0,23,","23.9",",0,29,+","1577.2","0","294.2",",0","9.6",",,,0","26",",,,0","8.84",",0","15.59",",,,0","2.09",",,,0"
"USC00045002","1964-04","34.46667","-117.75","1164.9","LLANO SHAWNEE HILLS, CA US","6.2","0","6.2",",0","3",",0","1",",0","0",",0","0",",0","0",",0","0",",0","4",",0","0",",0","14",",0","0",",0","","","1","","-2.2",",0,24,+","0",",,0,30,+","0",",,0,30,+","6.4",",,0,01,","30.0",",0,15,","1745.8","0","168.6",",0","8.7",",,,0","0",",,,0","12.92",",0","19.96",",,,0","5.87",",,,0"
"USC00045002","1964-05","34.46667","-117.75","1164.9","LLANO SHAWNEE HILLS, CA US","54.2","0","48.0",",0","1",",0","0",",0","0",",0","0",",0","0",",0","0",",0","3",",0","0",",0","22",",0","2",",0","","","","","-1.1",",0,03,","0",",,0,31,+","0",",,0,31,+","0.5",",,0,25,","32.2",",0,19,+","1846.3","0","100.5",",0","0.5",",,,0","0",",,,0","16.64",",0","24.70",",,,0","8.58",",,,0"
"USC00045002","1964-06","34.46667","-117.75","1164.9","LLANO SHAWNEE HILLS, CA US","163.4","0","109.2","5,0","0",",0","0",",0","0",",0","0",",0","0",",0","0","3,0","0","3,0","0","5,0","23","5,0","9","5,0","","","","","4.4","3,0,10,","0",",,0,30,+","0",",,0,30,+","0.0",",,0,30,+","37.8","5,0,25,+","1863.3","0","17.0","5,0","0.0",",,,0","0",",,,0","21.93","5,0","30.16","5,,,0","13.71","3,,,0"
"USC00045002","1964-07","34.46667","-117.75","1164.9","LLANO SHAWNEE HILLS, CA US","390.5","0","227.1","5,0","1",",0","1",",0","0",",0","0",",0","0",",0","0","4,0","0","4,0","0","5,0","26","5,0","24","5,0","","","1","","11.1","4,0,04,","0",",,0,31,+","0",",,0,31,+","4.8",",,0,26,","38.9","5,0,13,+","0.0","0","0.0","5,0","4.8",",,,0","0",",,,0","27.01","5,0","35.26","5,,,0","18.76","4,,,0"
"USC00045002","1964-08","34.46667","-117.75","1164.9","LLANO SHAWNEE HILLS, CA US","622.3","0","231.8",",0","1",",0","1",",0","0",",0","0",",0","0",",0","0",",0","0",",0","0",",0","31",",0","25",",0","","","1","","7.8",",0,31,","0",",,0,31,+","0",",,0,31,+","15.7",",,0,05,","36.7",",0,23,","2.2","0","2.2",",0","15.7",",,,0","0",",,,0","25.74",",0","33.26",",,,0","18.22",",,,0"
"USC00045002","1964-09","34.46667","-117.75","1164.9","LLANO SHAWNEE HILLS, CA US","","","","","0",",0","0",",0","0",",0","0",",0","0",",0","0","3,0","0","3,0","0","3,0","27","3,0","5","3,0","","","","","6.1","3,0,02,","0",",,0,30,+","0",",,0,30,+","0.0",",,0,30,+","32.8","3,0,11,+","","","","","0.0",",,,0","0",",,,0","21.69","4,0","29.51","3,,,0","13.87","3,,,0"
"USC00045002","1964-10","34.46667","-117.75","1164.9","LLANO SHAWNEE HILLS, CA US","","","83.4","1,0","1",",0","1",",0","0",",0","0",",0","0",",0","0","1,0","0","1,0","0","1,0","27","1,0","3","1,0","","","2","","7.2","1,0,30,+","0",",,0,31,+","0",",,0,31,+","5.8",",,0,29,","33.3","1,0,05,","","","25.4","1,0","5.8",",,,0","0",",,,0","20.27","1,0","26.44","1,,,0","14.09","1,,,0"
"USC00045002","1964-11","34.46667","-117.75","1164.9","LLANO SHAWNEE HILLS, CA US","","","0.0",",0","4",",0","3",",0","1",",0","7",",0","2",",0","0",",0","8",",0","0",",0","0",",0","0",",0","","","","","-4.4",",0,19,","305",",,0,17,","292",",,0,17,","34.5",",,0,17,","20.0",",0,07,+","","","313.2",",0","55.6",",,,0","419",",,,0","7.89",",0","12.70",",,,0","3.09",",,,0"
"USC00045002","1964-12","34.46667","-117.75","1164.9","LLANO SHAWNEE HILLS, CA US","","","","","0",",0","0",",0","0",",0","0",",0","0",",0","","","","","","","","","","","","","","","","","0",",,0,31,+","0",",,0,31,+","0.0",",,0,31,+","","","","","","","0.0",",,,0","0",",,,0","","","","","",""
"USC00045002","1965-01","34.46667","-117.75","1164.9","LLANO SHAWNEE HILLS, CA US","0.0","","0.0",",0","2",",0","0",",0","0",",0","0",",0","0",",0","0",",0","8",",0","0",",0","1",",0","0",",0","","","","","-6.1",",0,01,","0",",,0,31,+","0",",T,0,07,","1.5",",,0,24,","21.1",",0,31,","","","305.6",",0","1.8",",,,0","0",",T,,0","8.47",",0","13.95",",,,0","3.00",",,,0"
"USC00045002","1965-02","34.46667","-117.75","1164.9","LLANO SHAWNEE HILLS, CA US","0.0","","0.0",",0","1",",0","0",",0","0",",0","0",",0","0",",0","0",",0","4",",0","0",",0","3",",0","0",",0","","","","","-5.0",",0,10,","0",",,0,28,+","0",",,0,28,+","1.3",",,0,06,","22.8",",0,21,","","","244.9",",0","1.3",",,,0","0",",,,0","9.59",",0","15.24",",,,0","3.93",",,,0"
"USC00045002","1965-03","34.46667","-117.75","1164.9","LLANO SHAWNEE HILLS, CA US","0.0","","0.0","4,0","3",",0","1",",0","0",",0","0",",0","0",",0","0","1,0","1","1,0","0","4,0","2","4,0","0","4,0","","","","","0.0","1,0,24,","0",",,0,31,+","0",",,0,31,+","8.4",",,0,31,","21.1","4,0,30,+","","","238.6","4,0","9.5",",,,0","0",",,,0","9.47","4,0","15.56","4,,,0","3.39","1,,,0"
"USC00045002","1965-04","34.46667","-117.75","1164.9","LLANO SHAWNEE HILLS, CA US","15.3","","15.3",",0","10",",0","7",",0","0",",0","0",",0","2",",0","0",",0","5",",0","0",",0","15",",0","0",",0","","","1","","-5.6",",0,04,","0",",,0,30,+","109",",,0,12,","14.2",",,0,03,","28.9",",0,29,+","","","211.1",",0","69.4",",,,0","142",",,,0","11.81",",0","18.34",",,,0","5.27",",,,0"
"USC00045002","1965-05","34.46667","-117.75","1164.9","LLANO SHAWNEE HILLS, CA US","44.8","","29.5",",0","0",",0","0",",0","0",",0","0",",0","0",",0","0",",0","0",",0","0",",0","21",",0","0",",0","","","","","1.7",",0,07,","0",",,0,31,+","0",",,0,31,+","0.0",",,0,31,+","30.6",",0,16,","","","85.3",",0","0.0",",,,0","0",",,,0","16.53",",0","23.12",",,,0","9.95",",,,0"
"USC00045002","1965-06","34.46667","-117.75","1164.9","LLANO SHAWNEE HILLS, CA US","122.0","","77.2",",0","1",",0","0",",0","0",",0","0",",0","0",",0","0",",0","0",",0","0",",0","27",",0","1",",0","","","2","","3.3",",0,26,","0",",,0,30,+","0",",,0,30,+","1.0",",,0,03,","32.2",",0,29,","","","31.4",",0","1.0",",,,0","0",",,,0","19.86",",0","27.09",",,,0","12.62",",,,0"
"USC00045002","1965-07","34.46667","-117.75","1164.9","LLANO SHAWNEE HILLS, CA US","320.1","","198.1","3,0","3",",0","2",",0","0",",0","0",",0","0",",0","0","1,0","0","1,0","0","2,0","29","2,0","22","2,0","","","2","","12.8","1,0,27,","0",",,0,31,+","0",",,0,31,+","4.1",",,0,30,","36.1","2,0,05,","0.0","","0.0","2,0","8.9",",,,0","0",",,,0","25.35","3,0","33.06","2,,,0","17.64","1,,,0"
"USC00045002","1965-08","34.46667","-117.75","1164.9","LLANO SHAWNEE HILLS, CA US","","","","","5",",0","3",",0","0",",0","0",",0","0",",0","0","3,0","0","3,0","","","","","","","","","7","","13.3","3,0,22,","0",",,0,31,+","0",",,0,31,+","10.4",",,0,14,","","","","","","","28.7",",,,0","0",",,,0","","","","","18.88","3,,,0"
"USC00045002","1965-09","34.46667","-117.75","1164.9","LLANO SHAWNEE HILLS, CA US","","","","","1",",0","1",",0","0",",0","0",",0","0",",0","0","5,0","0","5,0","","","","","","","","","","","6.1","5,0,07,","0",",,0,30,+","0",",,0,30,+","5.8",",,0,19,","","","","","","","5.8",",,,0","0",",,,0","","","","","12.75","5,,,0"
"USC00045002","1965-10","34.46667","-117.75","1164.9","LLANO SHAWNEE HILLS, CA US","","","","","0",",0","0",",0","0",",0","0",",0","0",",0","0","3,0","0","3,0","","","","","","","","","","","3.3","3,0,16,","0",",,0,31,+","0",",,0,31,+","0.0",",,0,31,+","","","","","","","0.0",",,,0","0",",,,0","","","","","13.75","3,,,0"
