"STATION","DATE","LATITUDE","LONGITUDE","ELEVATION","NAME","CDSD","CDSD_ATTRIBUTES","CLDD","CLDD_ATTRIBUTES","DP01","DP01_ATTRIBUTES","DP10","DP10_ATTRIBUTES","DP1X","DP1X_ATTRIBUTES","DSND","DSND_ATTRIBUTES","DSNW","DSNW_ATTRIBUTES","DT00","DT00_ATTRIBUTES","DT32","DT32_ATTRIBUTES","DX32","DX32_ATTRIBUTES","DX70","DX70_ATTRIBUTES","DX90","DX90_ATTRIBUTES","DYFG","DYFG_ATTRIBUTES","DYHF","DYHF_ATTRIBUTES","DYTS","DYTS_ATTRIBUTES","EMNT","EMNT_ATTRIBUTES","EMSD","EMSD_ATTRIBUTES","EMSN","EMSN_ATTRIBUTES","EMXP","EMXP_ATTRIBUTES","EMXT","EMXT_ATTRIBUTES","HDSD","HDSD_ATTRIBUTES","HTDD","HTDD_ATTRIBUTES","PRCP","PRCP_ATTRIBUTES","SNOW","SNOW_ATTRIBUTES","TAVG","TAVG_ATTRIBUTES","TMAX","TMAX_ATTRIBUTES","TMIN","TMIN_ATTRIBUTES","WDFG","WDFG_ATTRIBUTES","WSFG","WSFG_ATTRIBUTES"
"USW00003815","1950-12","30.48333","-87.35","28.0","PENSACOLA SAUFLEY NAS, FL US","","","0.8","2,X","","","","","","","","","","","0","1,X","5","1,X","0","1,X","3","1,X","0","1,X","","","","","","","-4.4","1,X,19,","","","","","","","23.9","1,X,01,","","","248.0","1,X","","","","","10.09","2,X","15.24","1,,,X","4.93","1,,,X","","","",""
"USW00003815","1951-01","30.48333","-87.35","28.0","PENSACOLA SAUFLEY NAS, FL US","","","","","","","","","","","","","","","0","4,X","3","4,X","0","3,X","10","3,X","0","3,X","","","","","","","-3.9","4,X,08,","","","","","","","23.3","3,X,14,","","","","","","","","","12.81","7,X","18.75","3,,,X","6.87","4,,,X","","","",""
"USW00003815","1951-02","30.48333","-87.35","28.0","PENSACOLA SAUFLEY NAS, FL US","","","8.0","2,X","","","","","","","","","","","0","1,X","6","1,X","0","2,X","13","2,X","0","2,X","","","","","","","-10.6","1,X,03,","","","","","","","25.0","2,X,27,","","","144.1","2,X","","","","","12.91","2,X","18.85","2,,,X","6.97","1,,,X","","","",""
"USW00003815","1951-03","30.48333","-87.35","28.0","PENSACOLA SAUFLEY NAS, FL US","","","40.0",",X","","","","","","","","","","","0",",X","0",",X","0",",X","20",",X","0",",X","","","","","","","0.6",",X,14,+","","","","","","","29.4",",X,08,","","","93.2",",X","","","","","16.62",",X","21.42",",,,X","11.82",",,,X","","","",""
"USW00003815","1951-04","30.48333","-87.35","28.0","PENSACOLA SAUFLEY NAS, FL US","","","52.3",",X","","","","","","","","","","","0",",X","0",",X","0",",X","25",",X","0",",X","","","","","","","5.6",",X,04,","","","","","","","28.9",",X,27,+","","","46.3",",X","","","","","18.53",",X","23.49",",,,X","13.58",",,,X","","","",""
"USW00003815","1951-05","30.48333","-87.35","28.0","PENSACOLA SAUFLEY NAS, FL US","","","162.5",",X","","","","","","","","","","","0",",X","0",",X","0",",X","30",",X","6",",X","","","","","","","13.3",",X,24,+","","","","","","","36.7",",X,31,","","","1.1",",X","","","","","23.54",",X","29.03",",,,X","18.05",",,,X","","","",""
"USW00003815","1951-06","30.48333","-87.35","28.0","PENSACOLA SAUFLEY NAS, FL US","","","260.3",",X","","","","","","","0",",X","0",",X","0",",X","0",",X","0",",X","30",",X","11",",X","","","","","","","19.4",",X,11,","0",",,X,30,+","0",",,X,30,+","","","35.6",",X,25,","","","0.0",",X","","","0",",,,X","27.01",",X","31.56",",,,X","22.46",",,,X","","","",""
"USW00003815","1951-07","30.48333","-87.35","28.0","PENSACOLA SAUFLEY NAS, FL US","","","310.1",",X","","","","","","","","","","","0",",X","0",",X","0",",X","31",",X","17",",X","","","","","1","","21.7",",X,15,+","","","","","","","38.9",",X,17,","0.0","X","0.0",",X","","","","","28.34",",X","32.55",",,,X","24.12",",,,X","","","",""
"USW00003815","1951-08","30.48333","-87.35","28.0","PENSACOLA SAUFLEY NAS, FL US","","","345.3",",X","","","","","","","","","","","0",",X","0",",X","0",",X","31",",X","28",",X","","","","","1","","19.4",",X,14,","","","","","","","38.9",",X,30,","0.0","X","0.0",",X","","","","","29.47",",X","34.45",",,,X","24.49",",,,X","","","",""
"USW00003815","1951-09","30.48333","-87.35","28.0","PENSACOLA SAUFLEY NAS, FL US","","","234.4",",X","","","","","","","","","","","0",",X","0",",X","0",",X","30",",X","12",",X","","","","","","","16.1",",X,29,","","","","","","","36.1",",X,08,","0.0","X","0.0",",X","","","","","26.15",",X","30.80",",,,X","21.49",",,,X","","","",""
"USW00003815","1951-10","30.48333","-87.35","28.0","PENSACOLA SAUFLEY NAS, FL US","","","142.5",",X","","","","","","","","","","","0",",X","0",",X","0",",X","31",",X","3",",X","","","","","","","7.8",",X,09,","","","","","","","32.8",",X,07,","10.6","X","10.6",",X","","","","","22.59",",X","28.12",",,,X","17.05",",,,X","","","",""
"USW00003815","1951-11","30.48333","-87.35","28.0","PENSACOLA SAUFLEY NAS, FL US","","","17.5","4,X","","","","","","","","","","","0","2,X","6","2,X","0","2,X","13","2,X","0","2,X","","","","","","","-2.8","2,X,18,","","","","","","","27.2","2,X,15,+","163.5","X","152.9","2,X","","","","","13.24","4,X","19.81","2,,,X","6.66","2,,,X","","","",""
"USW00003815","1951-12","30.48333","-87.35","28.0","PENSACOLA SAUFLEY NAS, FL US","","","18.1","4,X","","","","","","","","","","","0","2,X","3","2,X","0","2,X","15","2,X","0","2,X","1","","","","","","-3.9","2,X,16,","","","","","","","26.1","2,X,06,","291.4","X","127.9","2,X","","","","","14.33","4,X","19.71","2,,,X","8.94","2,,,X","","","",""
"USW00003815","1952-01","30.48333","-87.35","28.0","PENSACOLA SAUFLEY NAS, FL US","","","","","","","","","","","","","","","0","4,X","3","4,X","0","4,X","17","4,X","0","4,X","1","","","","","","-2.2","4,X,30,+","","","","","","","25.6","4,X,18,","","","","","","","","","15.53","8,X","20.47","4,,,X","10.60","4,,,X","","","",""
"USW00003815","1952-02","30.48333","-87.35","28.0","PENSACOLA SAUFLEY NAS, FL US","","","9.5","2,X","","","","","","","","","","","0","1,X","0","1,X","0","1,X","10","1,X","0","1,X","","","","","","","2.8","1,X,27,+","","","","","","","25.0","1,X,14,","","","110.3","1,X","","","","","14.53","2,X","18.97","1,,,X","10.10","1,,,X","","","",""
"USW00003815","1952-03","30.48333","-87.35","28.0","PENSACOLA SAUFLEY NAS, FL US","","","7.6","4,X","","","","","","","","","","","0","2,X","0","2,X","0","2,X","18","2,X","0","2,X","","","","","","","2.8","2,X,16,","","","","","","","27.8","2,X,13,","","","84.2","2,X","","","","","15.54","4,X","21.15","2,,,X","9.94","2,,,X","","","",""
"USW00003815","1952-04","30.48333","-87.35","28.0","PENSACOLA SAUFLEY NAS, FL US","","","47.1",",X","","","","","","","","","","","0",",X","0",",X","0",",X","25",",X","2",",X","","","","","","","3.9",",X,07,","","","","","","","33.3",",X,29,","","","38.3",",X","","","","","18.63",",X","24.29",",,,X","12.96",",,,X","135",",X","23.1",",X"
"USW00003815","1952-05","30.48333","-87.35","28.0","PENSACOLA SAUFLEY NAS, FL US","","","190.9",",X","","","","","","","","","","","0",",X","0",",X","0",",X","31",",X","3",",X","","","","","","","11.1",",X,12,","","","","","","","35.0",",X,04,","","","0.0",",X","","","","","24.49",",X","28.97",",,,X","20.01",",,,X","360",",X","18.5",",X"
"USW00003815","1952-06","30.48333","-87.35","28.0","PENSACOLA SAUFLEY NAS, FL US","","","320.4",",X","","","","","","","","","","","0",",X","0",",X","0",",X","30",",X","27",",X","","","","","","","21.1",",X,25,+","","","","","","","39.4",",X,13,","","","0.0",",X","","","","","29.01",",X","34.22",",,,X","23.81",",,,X","315",",X","27.8",",X"
"USW00003815","1952-07","30.48333","-87.35","28.0","PENSACOLA SAUFLEY NAS, FL US","","","313.2","1,X","","","","","","","","","","","0","1,X","0","1,X","0","1,X","30","1,X","24","1,X","","","","","","","21.1","1,X,31,+","","","","","","","41.7","1,X,24,","0.0","X","0.0","1,X","","","","","28.77","1,X","33.64","1,,,X","23.90","1,,,X","68","1,X","23.1","1,X"
"USW00003815","1952-08","30.48333","-87.35","28.0","PENSACOLA SAUFLEY NAS, FL US","","","298.2",",X","","","","","","","","","","","0",",X","0",",X","0",",X","31",",X","17",",X","","","","","","","19.4",",X,27,","","","","","","","37.2",",X,18,+","0.0","X","0.0",",X","","","","","27.95",",X","32.59",",,,X","23.31",",,,X","293",",X","16.4",",X"
"USW00003815","1952-09","30.48333","-87.35","28.0","PENSACOLA SAUFLEY NAS, FL US","","","194.7",",X","8",",X","6",",X","2",",X","","","","","0",",X","0",",X","0",",X","30",",X","2",",X","","","","","","","13.3",",X,27,","","","","","88.9",",,X,13,","32.2",",X,08,+","0.0","X","0.0",",X","197.9",",,,X","","","24.82",",X","29.52",",,,X","20.13",",,,X","68","2,X","14.9","2,X"
"USW00003815","1952-10","30.48333","-87.35","28.0","PENSACOLA SAUFLEY NAS, FL US","","","42.2",",X","0","2,X","0","2,X","0","2,X","","","","","0",",X","0",",X","0",",X","25",",X","1",",X","","","","","","","1.1",",X,30,","","","","","0.0","2,,X,31,+","33.9",",X,02,","53.7","X","53.7",",X","0.0","2,,,X","","","17.96",",X","25.41",",,,X","10.52",",,,X","","","",""
"USW00003815","1952-11","30.48333","-87.35","28.0","PENSACOLA SAUFLEY NAS, FL US","","","2.0","2,X","","","","","","","","","","","0","2,X","0","2,X","0",",X","17",",X","0",",X","","","","","","","0.6","2,X,21,","","","","","","","29.4",",X,03,","182.0","X","128.3",",X","","","","","13.79","2,X","20.41",",,,X","7.17","2,,,X","","","",""
"USW00003815","1952-12","30.48333","-87.35","28.0","PENSACOLA SAUFLEY NAS, FL US","","","2.2",",X","","","","","","","","","","","0",",X","3",",X","0",",X","3",",X","0",",X","","","","","","","-3.3",",X,15,","","","","","","","23.3",",X,09,","381.6","X","199.6",",X","","","","","11.96",",X","17.05",",,,X","6.88",",,,X","","","",""
"USW00003815","1953-01","30.48333","-87.35","28.0","PENSACOLA SAUFLEY NAS, FL US","2.5","X","2.5",",X","6","2,X","6","2,X","1","2,X","","","","","0",",X","0",",X","0",",X","7",",X","0",",X","13","","","","3","","0.6",",X,12,","","","","","33.5","2,,X,18,","23.3",",X,17,","539.2","X","157.6",",X","80.7","2,,,X","","","13.33",",X","18.29",",,,X","8.37",",,,X","","","",""
"USW00003815","1953-02","30.48333","-87.35","28.0","PENSACOLA SAUFLEY NAS, FL US","4.5","X","2.0",",X","11","2,X","6","2,X","1","2,X","","","","","0",",X","1",",X","0",",X","6",",X","0",",X","13","","","","2","","0.0",",X,18,","","","","","86.6","2,,X,14,","25.6",",X,28,","681.9","X","142.7",",X","159.5","2,,,X","","","13.31",",X","17.96",",,,X","8.65",",,,X","","","",""
"USW00003815","1953-03","30.48333","-87.35","28.0","PENSACOLA SAUFLEY NAS, FL US","40.5","X","36.0",",X","7","1,X","4","1,X","1","1,X","","","","","0",",X","0",",X","0",",X","28",",X","0",",X","18","","","","3","","5.0",",X,05,","","","","","68.1","1,,X,15,","28.9",",X,19,","714.9","X","33.0",",X","100.5","1,,,X","","","18.43",",X","23.19",",,,X","13.68",",,,X","","","",""
"USW00003815","1953-04","30.48333","-87.35","28.0","PENSACOLA SAUFLEY NAS, FL US","94.1","X","53.6",",X","12","1,X","8","1,X","2","1,X","","","","","0",",X","0",",X","0",",X","25",",X","0",",X","17","","","","8","","5.0",",X,21,","","","","","58.9","1,,X,12,","31.1",",X,10,","749.4","X","34.5",",X","166.7","1,,,X","","","18.97",",X","23.80",",,,X","14.14",",,,X","","","",""
"USW00003815","1953-05","30.48333","-87.35","28.0","PENSACOLA SAUFLEY NAS, FL US","319.4","X","225.3",",X","6","1,X","6","1,X","1","1,X","","","","","0",",X","0",",X","0",",X","31",",X","5",",X","19","","","","2","","17.2",",X,12,+","","","","","25.9","1,,X,19,","39.4",",X,27,","749.4","X","0.0",",X","53.3","1,,,X","","","25.60",",X","29.49",",,,X","21.71",",,,X","","","",""
"USW00003815","1953-06","30.48333","-87.35","28.0","PENSACOLA SAUFLEY NAS, FL US","612.8","X","293.4",",X","14",",X","8",",X","2",",X","0",",X","0",",X","0",",X","0",",X","0",",X","30",",X","18",",X","3","","","","13","","20.6",",X,22,","0",",,X,30,+","0",",,X,30,+","84.6",",,X,27,","37.8",",X,18,","749.4","X","0.0",",X","203.9",",,,X","0",",,,X","28.11",",X","32.50",",,,X","23.72",",,,X","68","4,X","22.1","4,X"
"USW00003815","1953-07","30.48333","-87.35","28.0","PENSACOLA SAUFLEY NAS, FL US","910.1","X","297.3",",X","8",",X","6",",X","2",",X","0",",X","0",",X","0",",X","0",",X","0",",X","31",",X","18",",X","2","","","","8","","20.0",",X,11,","0",",,X,31,+","0",",,X,31,+","45.0",",,X,16,","36.1",",X,09,","0.0","X","0.0",",X","138.8",",,,X","0",",,,X","27.92",",X","31.85",",,,X","23.99",",,,X","248",",X","13.4",",X"
"USW00003815","1953-08","30.48333","-87.35","28.0","PENSACOLA SAUFLEY NAS, FL US","1190.3","X","280.2",",X","15",",X","13",",X","3",",X","0",",X","0",",X","0",",X","0",",X","0",",X","31",",X","14",",X","5","","","","15","","20.0",",X,09,","0",",,X,31,+","0",",T,X,08,","55.1",",,X,26,","35.6",",X,13,","0.0","X","0.0",",X","234.7",",,,X","0",",T,,X","27.37",",X","31.60",",,,X","23.14",",,,X","45","1,X","26.7","1,X"
"USW00003815","1953-09","30.48333","-87.35","28.0","PENSACOLA SAUFLEY NAS, FL US","1404.4","X","214.1",",X","7",",X","6",",X","3",",X","0","2,X","0","2,X","0",",X","0",",X","0",",X","30",",X","10",",X","10","","","","3","","17.2",",X,22,+","0","2,,X,30,+","0","2,,X,30,+","117.3",",,X,25,","35.0",",X,28,+","0.0","X","0.0",",X","208.8",",,,X","0","2,,,X","25.47",",X","30.60",",,,X","20.33",",,,X","23",",X","33.9",",X"
"USW00003815","1953-10","30.48333","-87.35","28.0","PENSACOLA SAUFLEY NAS, FL US","1526.9","X","122.5",",X","2",",X","2",",X","0",",X","0",",X","0",",X","0",",X","0",",X","0",",X","29",",X","0",",X","8","","","","1","","4.4",",X,30,","0",",,X,31,+","0",",,X,31,+","21.3",",,X,26,","31.7",",X,22,+","19.4","X","19.4",",X","31.7",",,,X","0",",,,X","21.66",",X","27.58",",,,X","15.74",",,,X","248",",X","20.6",",X"
"USW00003815","1953-11","30.48333","-87.35","28.0","PENSACOLA SAUFLEY NAS, FL US","1532.4","X","5.5",",X","7",",X","6",",X","3",",X","0",",X","0",",X","0",",X","0",",X","0",",X","17",",X","0",",X","9","","","","3","","3.3",",X,10,","0",",,X,30,+","0",",T,X,24,","78.0",",,X,04,","25.6",",X,17,","120.8","X","101.4",",X","167.7",",,,X","0",",T,,X","15.14",",X","20.49",",,,X","9.78",",,,X","270",",X","20.0",",X"
"USW00003815","1953-12","30.48333","-87.35","28.0","PENSACOLA SAUFLEY NAS, FL US","1535.2","X","2.8",",X","13",",X","11",",X","8",",X","0","1,X","0","1,X","0",",X","4",",X","0",",X","5",",X","0",",X","13","","","","5","","-1.7",",X,18,","0","1,,X,31,+","0","1,,X,31,+","58.9",",,X,20,","22.8",",X,09,+","326.2","X","205.4",",X","400.9",",,,X","0","1,,,X","11.80",",X","16.68",",,,X","6.92",",,,X","135",",X","23.1",",X"
"USW00003815","1954-01","30.48333","-87.35","28.0","PENSACOLA SAUFLEY NAS, FL US","3.7","X","3.7",",X","7",",X","4",",X","0",",X","0",",X","0",",X","0",",X","2",",X","0",",X","7",",X","0",",X","17","","","","1","","-1.1",",X,12,","0",",,X,31,+","0",",T,X,11,","17.0",",,X,10,","25.0",",X,27,","504.2","X","178.0",",X","34.2",",,,X","0",",T,,X","12.71",",X","18.34",",,,X","7.08",",,,X","248",",X","18.5",",X"
"USW00003815","1954-02","30.48333","-87.35","28.0","PENSACOLA SAUFLEY NAS, FL US","9.6","X","5.9",",X","5",",X","4",",X","1",",X","0",",X","0",",X","0",",X","1",",X","0",",X","10",",X","0",",X","7","","","","1","","-1.7",",X,08,","0",",,X,28,+","0",",,X,28,+","27.9",",,X,20,","25.0",",X,27,","616.7","X","112.5",",X","49.7",",,,X","0",",,,X","14.53",",X","19.89",",,,X","9.17",",,,X","315",",X","17.5",",X"
"USW00003815","1954-03","30.48333","-87.35","28.0","PENSACOLA SAUFLEY NAS, FL US","37.9","X","28.3",",X","6",",X","4",",X","0",",X","0",",X","1",",X","0",",X","0",",X","0",",X","14",",X","0",",X","15","","","","1","","0.6",",X,06,+","0",",,X,31,+","51",",,X,06,","24.1",",,X,19,","26.7",",X,13,","745.1","X","128.4",",X","68.6",",,,X","51",",,,X","15.10",",X","19.76",",,,X","10.44",",,,X","23","1,X","19.5","1,X"
"USW00003815","1954-04","30.48333","-87.35","28.0","PENSACOLA SAUFLEY NAS, FL US","146.5","X","108.6",",X","4",",X","2",",X","0",",X","0",",X","0",",X","0",",X","0",",X","0",",X","30",",X","0",",X","17","","","","4","","10.0",",X,18,+","0",",,X,30,+","0",",,X,30,+","19.1",",,X,08,","30.6",",X,12,","750.7","X","5.6",",X","31.3",",,,X","0",",,,X","21.77",",X","26.48",",,,X","17.05",",,,X","270","2,X","20.6","2,X"
"USW00003815","1954-05","30.48333","-87.35","28.0","PENSACOLA SAUFLEY NAS, FL US","246.9","X","100.4",",X","7",",X","5",",X","1",",X","0",",X","0",",X","0",",X","0",",X","0",",X","31",",X","0",",X","9","","","","3","","7.8",",X,05,","0",",,X,31,+","0",",,X,31,+","29.2",",,X,28,","31.7",",X,30,","756.0","X","5.3",",X","45.2",",,,X","0",",,,X","21.40",",X","26.41",",,,X","16.40",",,,X","23",",X","17.5",",X"
"USW00003815","1954-06","30.48333","-87.35","28.0","PENSACOLA SAUFLEY NAS, FL US","511.5","X","264.6",",X","6",",X","3",",X","0",",X","0",",X","0",",X","0",",X","0",",X","0",",X","30",",X","10",",X","16","","","","8","","15.6",",X,05,","0",",,X,30,+","0",",,X,30,+","17.0",",,X,11,","37.8",",X,27,","756.0","X","0.0",",X","50.2",",,,X","0",",,,X","27.15",",X","31.88",",,,X","22.43",",,,X","225",",X","14.9",",X"
"USW00003815","1954-07","30.48333","-87.35","28.0","PENSACOLA SAUFLEY NAS, FL US","817.2","X","305.7",",X","14",",X","8",",X","1",",X","0",",X","0",",X","0",",X","0",",X","0",",X","31",",X","22",",X","11","","","","14","","21.7",",X,09,","0",",,X,31,+","0",",T,X,12,","25.4",",,X,08,","35.6",",X,04,","0.0","X","0.0",",X","102.4",",,,X","0",",T,,X","28.19",",X","32.47",",,,X","23.92",",,,X","293",",X","22.1",",X"
"USW00003815","1954-08","30.48333","-87.35","28.0","PENSACOLA SAUFLEY NAS, FL US","1155.8","X","338.6",",X","5",",X","4",",X","0",",X","0",",X","0",",X","0",",X","0",",X","0",",X","31",",X","28",",X","5","","","","7","","21.1",",X,21,","0",",,X,31,+","0",",,X,31,+","23.9",",,X,08,","38.9",",X,31,","0.0","X","0.0",",X","42.7",",,,X","0",",,,X","29.25",",X","34.20",",,,X","24.31",",,,X","23",",X","24.7",",X"
"USW00003815","1954-09","30.48333","-87.35","28.0","PENSACOLA SAUFLEY NAS, FL US","1424.1","X","268.3",",X","7",",X","5",",X","2",",X","0",",X","0",",X","0",",X","0",",X","0",",X","30",",X","20",",X","5","","","","5","","18.3",",X,23,+","0",",,X,30,+","0",",,X,30,+","56.6",",,X,16,","36.7",",X,10,","0.0","X","0.0",",X","131.0",",,,X","0",",,,X","27.28",",X","32.48",",,,X","22.07",",,,X","90",",X","14.9",",X"
"USW00003815","1954-10","30.48333","-87.35","28.0","PENSACOLA SAUFLEY NAS, FL US","1539.2","X","115.1",",X","5",",X","3",",X","1",",X","0",",X","0",",X","0",",X","0",",X","0",",X","27",",X","2",",X","7","","","","3","","3.3",",X,31,","0",",,X,31,+","0",",,X,31,+","35.6",",,X,14,","33.3",",X,02,","35.2","X","35.2",",X","57.3",",,,X","0",",,,X","20.91",",X","26.42",",,,X","15.40",",,,X","360",",X","22.6",",X"
"USW00003815","1954-11","30.48333","-87.35","28.0","PENSACOLA SAUFLEY NAS, FL US","1545.1","X","5.9",",X","4",",X","3",",X","0",",X","0",",X","0",",X","0",",X","1",",X","0",",X","12",",X","0",",X","15","","","","1","","-1.7",",X,03,","0",",,X,30,+","0",",,X,30,+","24.6",",,X,04,","25.0",",X,13,","159.6","X","124.4",",X","38.8",",,,X","0",",,,X","14.38",",X","19.82",",,,X","8.94",",,,X","315",",X","21.1",",X"
"USW00003815","1954-12","30.48333","-87.35","28.0","PENSACOLA SAUFLEY NAS, FL US","1545.7","X","0.6",",X","8",",X","5",",X","1",",X","0",",X","0",",X","0",",X","1",",X","0",",X","5",",X","0",",X","10","","","","2","","-3.3",",X,20,","0",",,X,31,+","0",",,X,31,+","35.3",",,X,12,","22.8",",X,24,+","366.7","X","207.1",",X","61.8",",,,X","0",",,,X","11.67",",X","17.42",",,,X","5.92",",,,X","360","1,X","24.7","1,X"
"USW00003815","1955-01","30.48333","-87.35","28.0","PENSACOLA SAUFLEY NAS, FL US","1.1","X","1.1",",X","10",",X","6",",X","1",",X","0",",X","0",",X","0",",X","2",",X","0",",X","9",",X","0",",X","17","","","","","","-1.1",",X,20,+","0",",T,X,23,","0",",T,X,23,","39.6",",,X,16,","23.9",",X,06,","591.5","X","224.8",",X","91.8",",,,X","0",",T,,X","11.12",",X","16.42",",,,X","5.81",",,,X","293",",X","24.7",",X"
"USW00003815","1955-02","30.48333","-87.35","28.0","PENSACOLA SAUFLEY NAS, FL US","6.5","X","5.4",",X","6",",X","5",",X","2",",X","0",",X","0",",X","0",",X","3",",X","0",",X","8",",X","0",",X","13","","","","3","","-3.9",",X,12,","0",",,X,28,+","0",",,X,28,+","72.1",",,X,05,","23.9",",X,27,","717.3","X","125.8",",X","130.5",",,,X","0",",,,X","14.03",",X","18.78",",,,X","9.29",",,,X","225",",X","25.2",",X"
"USW00003815","1955-03","30.48333","-87.35","28.0","PENSACOLA SAUFLEY NAS, FL US","73.0","X","66.5",",X","4",",X","2",",X","1",",X","0",",X","0",",X","0",",X","1",",X","0",",X","20",",X","0",",X","13","","","","1","","-2.2",",X,27,","0",",,X,31,+","0",",,X,31,+","32.3",",,X,19,","26.7",",X,19,+","808.5","X","91.2",",X","38.4",",,,X","0",",,,X","17.54",",X","22.44",",,,X","12.63",",,,X","225","1,X","23.1","1,X"
"USW00003815","1955-04","30.48333","-87.35","28.0","PENSACOLA SAUFLEY NAS, FL US","167.0","X","94.0","1,X","5","1,X","5","1,X","0","1,X","0","1,X","0","1,X","0","1,X","0","1,X","0","1,X","28","1,X","1","1,X","18","","","","5","","11.1","1,X,03,","0","1,,X,30,+","0","1,,X,30,+","22.9","1,,X,01,","32.2","1,X,29,","816.3","X","7.8","1,X","58.4","1,,,X","0","1,,,X","21.31","1,X","25.83","1,,,X","16.79","1,,,X","135","3,X","20.0","3,X"
"USW00003815","1955-05","30.48333","-87.35","28.0","PENSACOLA SAUFLEY NAS, FL US","371.2","X","204.2",",X","8",",X","6",",X","1",",X","0",",X","0",",X","0",",X","0",",X","0",",X","31",",X","2",",X","12","","","","10","","14.4",",X,03,","0",",,X,31,+","0",",,X,31,+","27.7",",,X,29,","33.3",",X,05,","816.3","X","0.0",",X","91.9",",,,X","0",",,,X","24.92",",X","29.39",",,,X","20.45",",,,X","45",",X","21.6",",X"
"USW00003815","1955-06","30.48333","-87.35","28.0","PENSACOLA SAUFLEY NAS, FL US","590.1","X","218.9",",X","5",",X","3",",X","0",",X","0",",X","0",",X","0",",X","0",",X","0",",X","30",",X","6",",X","6","","","","7","","16.7",",X,01,","0",",,X,30,+","0",",,X,30,+","21.1",",,X,26,","34.4",",X,21,","816.3","X","0.0",",X","35.6",",,,X","0",",,,X","25.63",",X","30.61",",,,X","20.65",",,,X","90",",X","21.1",",X"
"USW00003815","1955-07","30.48333","-87.35","28.0","PENSACOLA SAUFLEY NAS, FL US","863.1","X","273.0",",X","19",",X","10",",X","1",",X","0",",X","0",",X","0",",X","0",",X","0",",X","31",",X","7",",X","4","","","","16","","21.1",",X,14,","0",",,X,31,+","0",",,X,31,+","33.0",",,X,13,","35.6",",X,19,","0.0","X","0.0",",X","124.3",",,,X","0",",,,X","27.14",",X","30.92",",,,X","23.36",",,,X","45",",X","17.5",",X"
"USW00003815","1955-08","30.48333","-87.35","28.0","PENSACOLA SAUFLEY NAS, FL US","1168.0","X","304.9",",X","14",",X","8",",X","1",",X","0",",X","0",",X","0",",X","0",",X","0",",X","31",",X","24",",X","19","","","","14","","21.7",",X,03,","0",",,X,31,+","0",",,X,31,+","72.4",",,X,01,","36.7",",X,22,","0.0","X","0.0",",X","136.0",",,,X","0",",,,X","28.17",",X","32.77",",,,X","23.56",",,,X","","","",""
"USW00003815","1955-09","30.48333","-87.35","28.0","PENSACOLA SAUFLEY NAS, FL US","1423.0","X","255.0",",X","6",",X","4",",X","0",",X","0",",X","0",",X","0",",X","0",",X","0",",X","30",",X","12",",X","20","","","","2","","20.6",",X,15,","0",",,X,30,+","0",",,X,30,+","22.6",",,X,12,","35.0",",X,08,","0.0","X","0.0",",X","47.4",",,,X","0",",,,X","26.83",",X","31.39",",,,X","22.28",",,,X","338","3,X","14.9","3,X"
"USW00003815","1955-10","30.48333","-87.35","28.0","PENSACOLA SAUFLEY NAS, FL US","1511.9","X","88.9",",X","7",",X","7",",X","2",",X","0",",X","0",",X","0",",X","0",",X","0",",X","27",",X","0",",X","15","","","","5","","6.1",",X,31,","0",",,X,31,+","0",",,X,31,+","41.9",",,X,02,","31.1",",X,06,+","32.7","X","32.7",",X","92.8",",,,X","0",",,,X","20.15",",X","26.11",",,,X","14.18",",,,X","338",",X","15.9",",X"
"USW00003815","1955-11","30.48333","-87.35","28.0","PENSACOLA SAUFLEY NAS, FL US","1538.9","X","27.0",",X","7",",X","3",",X","0",",X","0",",X","0",",X","0",",X","2",",X","0",",X","18",",X","0",",X","12","","","","","","-1.7",",X,29,","0",",,X,30,+","0",",,X,30,+","9.1",",,X,25,","27.8",",X,14,","157.9","X","125.2",",X","20.5",",,,X","0",",,,X","15.06",",X","20.54",",,,X","9.58",",,,X","23",",X","18.0",",X"
"USW00003815","1955-12","30.48333","-87.35","28.0","PENSACOLA SAUFLEY NAS, FL US","1550.9","X","12.0",",X","7",",X","3",",X","0",",X","0",",X","0",",X","0",",X","5",",X","0",",X","9",",X","0",",X","12","","","","1","","-2.8",",X,16,","0",",,X,31,+","0",",,X,31,+","9.1",",,X,18,","24.4",",X,04,","335.7","X","177.8",",X","25.2",",,,X","0",",,,X","12.98",",X","18.16",",,,X","7.81",",,,X","23",",X","17.0",",X"
"USW00003815","1956-01","30.48333","-87.35","28.0","PENSACOLA SAUFLEY NAS, FL US","0.3","X","0.3",",X","4",",X","4",",X","1",",X","0",",X","0",",X","0",",X","6",",X","0",",X","2",",X","0",",X","13","","","","2","","-1.7",",X,14,+","0",",,X,31,+","0",",,X,31,+","50.0",",,X,22,","22.2",",X,03,","595.3","X","259.6",",X","90.6",",,,X","0",",,,X","9.97",",X","15.46",",,,X","4.48",",,,X","90",",X","19.5",",X"
"USW00003815","1956-02","30.48333","-87.35","28.0","PENSACOLA SAUFLEY NAS, FL US","21.9","X","21.6",",X","14",",X","8",",X","1",",X","0",",X","0",",X","0",",X","0",",X","0",",X","13",",X","0",",X","17","","","","3","","1.7",",X,29,","0",",,X,29,+","0",",,X,29,+","46.2",",,X,15,","26.1",",X,19,","687.8","X","92.5",",X","102.3",",,,X","0",",,,X","15.89",",X","20.36",",,,X","11.42",",,,X","338",",X","20.6",",X"
"USW00003815","1956-03","30.48333","-87.35","28.0","PENSACOLA SAUFLEY NAS, FL US","42.4","X","20.5",",X","10",",X","6",",X","1",",X","0",",X","0",",X","0",",X","0",",X","0",",X","15",",X","0",",X","16","","","","3","","1.1",",X,20,","0",",,X,31,+","0",",,X,31,+","55.1",",,X,11,","25.6",",X,24,","793.9","X","106.1",",X","127.8",",,,X","0",",,,X","15.57",",X","20.67",",,,X","10.47",",,,X","23",",X","19.5",",X"
"USW00003815","1956-04","30.48333","-87.35","28.0","PENSACOLA SAUFLEY NAS, FL US","89.4","X","47.0",",X","4",",X","2",",X","0",",X","0",",X","0",",X","0",",X","0",",X","0",",X","26",",X","0",",X","17","","","","1","","8.9",",X,10,+","0",",,X,30,+","0",",,X,30,+","19.6",",,X,10,","28.3",",X,29,+","820.1","X","26.2",",X","36.9",",,,X","0",",,,X","19.03",",X","23.51",",,,X","14.54",",,,X","23","2,X","23.6","2,X"
"USW00003815","1956-05","30.48333","-87.35","28.0","PENSACOLA SAUFLEY NAS, FL US","285.8","X","196.4",",X","7",",X","6",",X","0",",X","0",",X","0",",X","0",",X","0",",X","0",",X","31",",X","2",",X","12","","","","7","","12.8",",X,17,","0",",,X,31,+","0",",,X,31,+","17.8",",,X,06,","33.9",",X,21,","820.1","X","0.0",",X","49.4",",,,X","0",",,,X","24.67",",X","28.84",",,,X","20.49",",,,X","225",",X","19.5",",X"
"USW00003815","1956-06","30.48333","-87.35","28.0","PENSACOLA SAUFLEY NAS, FL US","505.0","X","219.2",",X","15",",X","10",",X","2",",X","0",",X","0",",X","0",",X","0",",X","0",",X","30",",X","7",",X","7","","","","9","","13.3",",X,03,","0",",,X,30,+","0",",,X,30,+","72.6",",,X,13,","34.4",",X,08,","820.1","X","0.0",",X","214.8",",,,X","0",",,,X","25.64",",X","29.74",",,,X","21.54",",,,X","315",",X","21.6",",X"
"USW00003815","1956-07","30.48333","-87.35","28.0","PENSACOLA SAUFLEY NAS, FL US","777.5","X","272.5",",X","","","","","","","","","","","0",",X","0",",X","0",",X","31",",X","11",",X","","","","","2","","20.6",",X,22,+","","","","","","","35.6",",X,28,+","0.0","X","0.0",",X","","","","","27.12",",X","31.37",",,,X","22.88",",,,X","270",",X","21.6",",X"
"USW00003815","1956-08","30.48333","-87.35","28.0","PENSACOLA SAUFLEY NAS, FL US","1068.5","X","291.0",",X","11",",X","7",",X","0",",X","0",",X","0",",X","0",",X","0",",X","0",",X","31",",X","17",",X","","","","","","","16.7",",X,22,","0",",,X,31,+","0",",,X,31,+","11.7",",,X,30,","38.3",",X,07,","0.0","X","0.0",",X","50.0",",,,X","0",",,,X","27.72",",X","32.50",",,,X","22.94",",,,X","23",",X","19.5",",X"
"USW00003815","1956-09","30.48333","-87.35","28.0","PENSACOLA SAUFLEY NAS, FL US","1256.9","X","188.4",",X","9",",X","8",",X","3",",X","0",",X","0",",X","0",",X","0",",X","0",",X","29",",X","5",",X","","","","","","","14.4",",X,10,","0",",,X,30,+","0",",,X,30,+","191.0",",,X,24,","32.8",",X,02,","0.0","X","0.0",",X","349.0",",,,X","0",",,,X","24.61",",X","29.52",",,,X","19.71",",,,X","360",",X","37.5",",X"
"USW00003815","1956-10","30.48333","-87.35","28.0","PENSACOLA SAUFLEY NAS, FL US","1360.1","X","103.2",",X","","","","","","","0",",X","0",",X","0",",X","0",",X","0",",X","31",",X","0",",X","","","","","","","11.7",",X,28,","0",",,X,31,+","0",",,X,31,+","","","31.1",",X,06,","0.0","X","0.0",",X","","","0",",,,X","21.66",",X","26.97",",,,X","16.35",",,,X","","","",""
"USW00003815","1956-11","30.48333","-87.35","28.0","PENSACOLA SAUFLEY NAS, FL US","1384.1","X","24.0",",X","","","","","","","0",",X","0",",X","0",",X","2",",X","0",",X","17",",X","0",",X","","","","","","","-2.2",",X,23,","0",",,X,30,+","0",",,X,30,+","","","28.9",",X,03,","138.2","X","138.2",",X","","","0",",,,X","14.52",",X","20.17",",,,X","8.88",",,,X","","","",""
"USW00003815","1956-12","30.48333","-87.35","28.0","PENSACOLA SAUFLEY NAS, FL US","1415.0","X","30.9","2,X","","","","","","","0",",X","0",",X","0","1,X","0","1,X","0","1,X","18","1,X","0","1,X","","","","","","","2.2","1,X,26,","0",",,X,31,+","0",",,X,31,+","","","26.7","1,X,18,","232.0","X","93.8","1,X","","","0",",,,X","16.17","2,X","20.91","1,,,X","11.43","1,,,X","","","",""
"USW00003815","1957-01","30.48333","-87.35","28.0","PENSACOLA SAUFLEY NAS, FL US","","","","","","","","","","","0",",X","0",",X","0","3,X","3","3,X","0","3,X","14","3,X","0","3,X","","","","","","","-3.3","3,X,18,","0",",,X,31,+","0",",,X,31,+","","","25.0","3,X,31,+","","","","","","","0",",,,X","14.72","6,X","19.52","3,,,X","9.93","3,,,X","","","",""
"USW00003815","1957-02","30.48333","-87.35","28.0","PENSACOLA SAUFLEY NAS, FL US","","","29.5",",X","","","","","","","0",",X","0",",X","0",",X","0",",X","0",",X","14",",X","0",",X","","","","","","","4.4",",X,17,","0",",,X,28,+","0",",,X,28,+","","","25.6",",X,07,+","","","71.0",",X","","","0",",,,X","16.85",",X","20.78",",,,X","12.92",",,,X","113",",X","25.7",",X"
"USW00003815","1957-03","30.48333","-87.35","28.0","PENSACOLA SAUFLEY NAS, FL US","","","12.2",",X","","","","","","","0",",X","0",",X","0",",X","0",",X","0",",X","14",",X","0",",X","","","","","","","1.7",",X,09,","0",",,X,31,+","0",",,X,31,+","","","26.7",",X,19,+","","","98.6",",X","","","0",",,,X","15.55",",X","20.50",",,,X","10.59",",,,X","90",",X","19.0",",X"
"USW00003815","1957-04","30.48333","-87.35","28.0","PENSACOLA SAUFLEY NAS, FL US","","","71.8",",X","","","","","","","0",",X","0",",X","0",",X","0",",X","0",",X","26",",X","0",",X","","","","","","","6.1",",X,09,","0",",,X,30,+","0",",,X,30,+","","","28.3",",X,29,+","","","23.6",",X","","","0",",,,X","19.94",",X","24.28",",,,X","15.60",",,,X","90",",X","23.1",",X"
"USW00003815","1957-05","30.48333","-87.35","28.0","PENSACOLA SAUFLEY NAS, FL US","","","190.2",",X","","","","","","","0",",X","0",",X","0",",X","0",",X","0",",X","31",",X","2",",X","10","","","","6","","11.1",",X,06,+","0",",,X,31,+","0",",,X,31,+","","","32.2",",X,30,+","","","1.4",",X","","","0",",,,X","24.42",",X","28.68",",,,X","20.16",",,,X","113",",X","13.9",",X"
"USW00003815","1957-06","30.48333","-87.35","28.0","PENSACOLA SAUFLEY NAS, FL US","","","264.3",",X","8",",X","5",",X","3",",X","0","1,X","0","1,X","0",",X","0",",X","0",",X","30",",X","7",",X","","","","","","","20.6",",X,01,","0","1,,X,30,+","0","1,,X,30,+","53.3",",,X,08,","33.9",",X,19,+","","","0.0",",X","149.6",",,,X","0","1,,,X","27.14",",X","30.91",",,,X","23.37",",,,X","225",",X","18.0",",X"
"USW00003815","1957-07","30.48333","-87.35","28.0","PENSACOLA SAUFLEY NAS, FL US","","","316.5",",X","10",",X","7",",X","1",",X","0","1,X","0",",X","0",",X","0",",X","0",",X","31",",X","23",",X","","","","","","","21.7",",X,27,","0","1,,X,31,+","0",",,X,31,+","34.3",",,X,18,","38.3",",X,10,","0.0","X","0.0",",X","89.5",",,,X","0",",,,X","28.54",",X","33.13",",,,X","23.95",",,,X","45","1,X","14.9","1,X"
"USW00003815","1957-08","30.48333","-87.35","28.0","PENSACOLA SAUFLEY NAS, FL US","","","294.6",",X","9",",X","6",",X","1",",X","0",",X","0",",X","0",",X","0",",X","0",",X","31",",X","20",",X","","","","","","","18.9",",X,24,","0",",,X,31,+","0",",,X,31,+","29.5",",,X,30,","35.0",",X,27,+","0.0","X","0.0",",X","90.0",",,,X","0",",,,X","27.84",",X","32.38",",,,X","23.29",",,,X","338",",X","17.0",",X"
"USW00003815","1957-09","30.48333","-87.35","28.0","PENSACOLA SAUFLEY NAS, FL US","","","195.0",",X","","","","","","","0",",X","0",",X","0",",X","0",",X","0",",X","29",",X","2",",X","","","","","","","13.9",",X,29,","0",",,X,30,+","0",",,X,30,+","","","33.9",",X,02,+","2.5","X","2.5",",X","","","0",",,,X","24.75",",X","28.23",",,,X","21.27",",,,X","293",",X","19.5",",X"
"USW00003815","1957-10","30.48333","-87.35","28.0","PENSACOLA SAUFLEY NAS, FL US","","","60.5","1,X","","","","","","","0","1,X","0","1,X","0","1,X","0","1,X","0","1,X","23","1,X","0","1,X","","","","","","","1.7","1,X,28,","0","1,,X,31,+","0","1,,X,31,+","","","28.9","1,X,09,","50.3","X","47.8","1,X","","","0","1,,,X","18.76","1,X","23.68","1,,,X","13.83","1,,,X","225","1,X","24.2","1,X"
"USW00003815","1957-11","30.48333","-87.35","28.0","PENSACOLA SAUFLEY NAS, FL US","","","24.6","4,X","","","","","","","0",",X","0",",X","0","2,X","0","2,X","0","2,X","17","2,X","0","2,X","","","","","","","1.1","2,X,30,","0",",,X,30,+","0",",,X,30,+","","","27.8","2,X,03,","118.0","X","67.7","2,X","","","0",",,,X","16.51","4,X","21.24","2,,,X","11.77","2,,,X","248",",X","23.1",",X"
"USW00003815","1957-12","30.48333","-87.35","28.0","PENSACOLA SAUFLEY NAS, FL US","","","0.6","1,X","","","","","","","","","","","0","1,X","5","1,X","0",",X","6",",X","0",",X","","","","","","","-6.1","1,X,12,","","","","","","","24.4",",X,24,","300.8","X","182.8",",X","","","","","12.29","1,X","17.51",",,,X","7.08","1,,,X","315",",X","21.1",",X"
"USW00003815","1958-01","30.48333","-87.35","28.0","PENSACOLA SAUFLEY NAS, FL US","0.0","X","0.0","1,X","","","","","","","0",",X","0",",X","0",",X","6",",X","0","1,X","0","1,X","0","1,X","","","","","","","-5.0",",X,09,+","0",",,X,31,+","0",",,X,31,+","","","20.6","1,X,31,","599.6","X","298.8","1,X","","","0",",,,X","8.39","1,X","13.19","1,,,X","3.58",",,,X","225",",X","18.5",",X"
"USW00003815","1958-02","30.48333","-87.35","28.0","PENSACOLA SAUFLEY NAS, FL US","0.0","X","0.0","2,X","","","","","","","","","","","0","1,X","12","1,X","0","1,X","3","1,X","0","1,X","","","","","","","-6.7","1,X,13,","","","","","","","22.8","1,X,26,","880.5","X","280.9","1,X","","","","","7.71","2,X","12.92","1,,,X","2.51","1,,,X","","","",""
"USW00003815","1958-03","30.48333","-87.35","28.0","PENSACOLA SAUFLEY NAS, FL US","1.4","X","1.4",",X","","","","","","","","","","","0",",X","0",",X","0",",X","9",",X","0",",X","","","","","","","3.3",",X,21,+","","","","","","","25.6",",X,02,","1003.3","X","122.8",",X","","","","","14.42",",X","19.16",",,,X","9.67",",,,X","135","1,X","17.0","1,X"
"USW00003815","1958-04","30.48333","-87.35","28.0","PENSACOLA SAUFLEY NAS, FL US","69.4","X","68.0",",X","","","","","","","","","","","0",",X","0",",X","0",",X","27",",X","0",",X","","","","","","","6.7",",X,08,","","","","","","","30.0",",X,26,+","1024.4","X","21.1",",X","","","","","19.90",",X","24.27",",,,X","15.52",",,,X","","","",""
"USW00003815","1958-05","30.48333","-87.35","28.0","PENSACOLA SAUFLEY NAS, FL US","233.6","X","164.2",",X","","","","","","","","","","","0",",X","0",",X","0",",X","30",",X","5",",X","","","","","","","8.9",",X,08,","","","","","","","33.9",",X,29,+","1029.1","X","4.7",",X","","","","","23.48",",X","28.10",",,,X","18.85",",,,X","","","",""
"USW00003815","1958-06","30.48333","-87.35","28.0","PENSACOLA SAUFLEY NAS, FL US","489.3","X","255.7",",X","","","","","","","","","","","0",",X","0",",X","0",",X","30",",X","7",",X","","","","","","","17.8",",X,28,","","","","","","","35.6",",X,12,","1029.1","X","0.0",",X","","","","","26.86",",X","30.99",",,,X","22.72",",,,X","270","1,X","17.0","1,X"
"USW00003815","1958-07","30.48333","-87.35","28.0","PENSACOLA SAUFLEY NAS, FL US","760.7","X","271.4","1,X","","","","","","","0","1,X","0","1,X","0","1,X","0","1,X","0","1,X","30","1,X","8","1,X","","","","","","","20.6","1,X,01,","0","1,,X,31,+","0","1,,X,31,+","","","35.0","1,X,29,","0.0","X","0.0","1,X","","","0","1,,,X","27.38","1,X","31.37","1,,,X","23.38","1,,,X","315","2,X","17.0","2,X"
"USW00003815","1958-08","30.48333","-87.35","28.0","PENSACOLA SAUFLEY NAS, FL US","1050.0","X","289.3",",X","11",",X","9",",X","1",",X","0",",X","0",",X","0",",X","0",",X","0",",X","31",",X","18",",X","","","","","","","18.3",",X,27,","0",",,X,31,+","0",",,X,31,+","26.4",",,X,02,","35.6",",X,19,","0.0","X","0.0",",X","103.6",",,,X","0",",,,X","27.67",",X","32.18",",,,X","23.15",",,,X","315",",X","19.5",",X"
"USW00003815","1958-09","30.48333","-87.35","28.0","PENSACOLA SAUFLEY NAS, FL US","1290.8","X","240.8",",X","9",",X","7",",X","1",",X","0",",X","0",",X","0",",X","0",",X","0",",X","30",",X","7",",X","","","","","","","15.6",",X,29,","0",",,X,30,+","0",",,X,30,+","32.8",",,X,12,","35.0",",X,01,","0.0","X","0.0",",X","144.9",",,,X","0",",,,X","26.36",",X","30.51",",,,X","22.20",",,,X","90",",X","14.9",",X"
"USW00003815","1958-10","30.48333","-87.35","28.0","PENSACOLA SAUFLEY NAS, FL US","1375.2","X","84.4",",X","8",",X","4",",X","0",",X","0",",X","0",",X","0",",X","0",",X","0",",X","26",",X","1",",X","","","","","","","8.9",",X,28,","0",",,X,31,+","0",",,X,31,+","14.2",",,X,18,","32.2",",X,10,","14.9","X","14.9",",X","31.0",",,,X","0",",,,X","20.57",",X","25.89",",,,X","15.25",",,,X","45",",X","11.8",",X"
"USW00003815","1958-11","30.48333","-87.35","28.0","PENSACOLA SAUFLEY NAS, FL US","1407.9","X","32.7",",X","6",",X","4",",X","3",",X","0",",X","0",",X","0",",X","1",",X","0",",X","20",",X","0",",X","","","","","","","-0.6",",X,29,","0",",,X,30,+","0",",,X,30,+","45.5",",,X,26,","28.3",",X,24,","87.5","X","72.6",",X","120.7",",,,X","0",",,,X","17.00",",X","22.09",",,,X","11.92",",,,X","338",",X","17.5",",X"
"USW00003815","1958-12","30.48333","-87.35","28.0","PENSACOLA SAUFLEY NAS, FL US","1410.7","X","2.8","2,X","11",",X","7",",X","0",",X","0",",X","0",",X","0","1,X","4","1,X","0","1,X","5","1,X","0","1,X","","","","","","","-5.0","1,X,16,","0",",,X,31,+","0",",,X,31,+","12.2",",,X,10,","24.4","1,X,05,","301.0","X","213.5","1,X","53.9",",,,X","0",",,,X","11.07","2,X","16.11","1,,,X","6.03","1,,,X","113",",X","14.9",",X"
"USW00003815","1959-01","30.48333","-87.35","28.0","PENSACOLA SAUFLEY NAS, FL US","0.0","X","0.0",",X","11",",X","5",",X","2",",X","0",",X","0",",X","0",",X","11",",X","0",",X","6",",X","0",",X","","","","","","","-3.3",",X,17,","0",",,X,31,+","0",",,X,31,+","45.7",",,X,30,","22.8",",X,27,+","551.3","X","250.3",",X","115.4",",,,X","0",",,,X","10.26",",X","15.72",",,,X","4.80",",,,X","180","1,X","21.1","1,X"
"USW00003815","1959-02","30.48333","-87.35","28.0","PENSACOLA SAUFLEY NAS, FL US","9.7","X","9.7",",X","19",",X","9",",X","1",",X","0",",X","0",",X","0",",X","1",",X","0",",X","8",",X","0",",X","","","","","","","0.0",",X,21,","0",",,X,28,+","0",",,X,28,+","27.9",",,X,04,","24.4",",X,14,+","683.2","X","131.9",",X","114.8",",,,X","0",",,,X","13.97",",X","18.07",",,,X","9.87",",,,X","293",",X","17.5",",X"
"USW00003815","1959-03","30.48333","-87.35","28.0","PENSACOLA SAUFLEY NAS, FL US","16.1","X","6.4",",X","13",",X","9",",X","2",",X","0",",X","0",",X","0",",X","0",",X","0",",X","12",",X","0",",X","","","","","","","3.3",",X,02,","0",",,X,31,+","0",",,X,31,+","43.2",",,X,05,","26.1",",X,27,","806.3","X","123.1",",X","148.6",",,,X","0",",,,X","14.57",",X","19.18",",,,X","9.96",",,,X","225",",X","21.1",",X"
"USW00003815","1959-04","30.48333","-87.35","28.0","PENSACOLA SAUFLEY NAS, FL US","75.3","X","59.2",",X","9",",X","7",",X","3",",X","0",",X","0",",X","0",",X","0",",X","0",",X","26",",X","0",",X","","","","","","","5.0",",X,14,","0",",,X,30,+","0",",,X,30,+","60.7",",,X,20,","31.7",",X,30,","833.8","X","27.5",",X","171.3",",,,X","0",",,,X","19.39",",X","23.78",",,,X","15.00",",,,X","23",",X","14.9",",X"
"USW00003815","1959-05","30.48333","-87.35","28.0","PENSACOLA SAUFLEY NAS, FL US","280.9","X","205.6",",X","14",",X","9",",X","2",",X","0",",X","0",",X","0",",X","0",",X","0",",X","31",",X","3",",X","","","","","","","15.6",",X,05,","0",",,X,31,+","0",",,X,31,+","55.1",",,X,19,","34.4",",X,08,","833.8","X","0.0",",X","156.5",",,,X","0",",,,X","24.97",",X","29.45",",,,X","20.48",",,,X","158",",X","13.4",",X"
"USW00003815","1959-06","30.48333","-87.35","28.0","PENSACOLA SAUFLEY NAS, FL US","537.2","X","256.3",",X","16",",X","12",",X","4",",X","0",",X","0",",X","0",",X","0",",X","0",",X","30",",X","8",",X","","","","","","","21.7",",X,17,+","0",",,X,30,+","0",",,X,30,+","41.7",",,X,08,","35.6",",X,30,+","833.8","X","0.0",",X","213.3",",,,X","0",",,,X","26.88",",X","30.65",",,,X","23.10",",,,X","158",",X","13.9",",X"
"USW00003815","1959-07","30.48333","-87.35","28.0","PENSACOLA SAUFLEY NAS, FL US","831.5","X","294.3",",X","14",",X","11",",X","3",",X","0",",X","0",",X","0",",X","0",",X","0",",X","31",",X","13",",X","","","","","","","21.7",",X,14,","0",",,X,31,+","0",",,X,31,+","36.6",",,X,23,","36.1",",X,31,","0.0","X","0.0",",X","173.6",",,,X","0",",,,X","27.83",",X","31.92",",,,X","23.74",",,,X","248",",X","21.1",",X"
"USW00003815","1959-08","30.48333","-87.35","28.0","PENSACOLA SAUFLEY NAS, FL US","1132.2","X","300.7",",X","13",",X","8",",X","1",",X","0",",X","0",",X","0",",X","0",",X","0",",X","31",",X","17",",X","","","","","","","21.7",",X,19,+","0",",,X,31,+","0",",,X,31,+","31.5",",,X,12,","35.0",",X,29,+","0.0","X","0.0",",X","115.7",",,,X","0",",,,X","28.03",",X","32.26",",,,X","23.81",",,,X","293",",X","13.4",",X"
"USW00003815","1959-09","30.48333","-87.35","28.0","PENSACOLA SAUFLEY NAS, FL US","1380.2","X","248.0",",X","12",",X","8",",X","4",",X","0",",X","0",",X","0",",X","0",",X","0",",X","30",",X","9",",X","","","","","","","19.4",",X,16,","0",",,X,30,+","0",",,X,30,+","73.9",",,X,13,","33.9",",X,30,+","0.0","X","0.0",",X","262.7",",,,X","0",",,,X","26.60",",X","30.62",",,,X","22.57",",,,X","68",",X","17.5",",X"
"USW00003815","1959-10","30.48333","-87.35","28.0","PENSACOLA SAUFLEY NAS, FL US","1514.8","X","134.6",",X","14",",X","12",",X","7",",X","0",",X","0",",X","0",",X","0",",X","0",",X","28",",X","2",",X","","","","","","","10.6",",X,25,","0",",,X,31,+","0",",,X,31,+","98.0",",,X,10,","32.2",",X,02,+","6.3","X","6.3",",X","360.4",",,,X","0",",,,X","22.47",",X","26.05",",,,X","18.88",",,,X","293",",X","18.5",",X"
"USW00003815","1959-11","30.48333","-87.35","28.0","PENSACOLA SAUFLEY NAS, FL US","1538.1","X","23.3",",X","5",",X","2",",X","0",",X","0",",X","0",",X","0",",X","5",",X","0",",X","18",",X","0",",X","","","","","","","-2.2",",X,30,","0",",,X,30,+","0",",,X,30,+","8.9",",,X,27,","27.8",",X,05,+","132.1","X","125.8",",X","20.3",",,,X","0",",,,X","14.92",",X","21.11",",,,X","8.72",",,,X","360",",X","17.0",",X"
"USW00003815","1959-12","30.48333","-87.35","28.0","PENSACOLA SAUFLEY NAS, FL US","1538.7","X","0.6","2,X","9",",X","4",",X","0",",X","0",",X","0",",X","0","1,X","1","1,X","0","1,X","3","1,X","0","1,X","","","","","","","-0.6","1,X,01,","0",",,X,31,+","0",",,X,31,+","14.0",",,X,27,","21.1","1,X,27,+","323.0","X","190.9","1,X","39.2",",,,X","0",",,,X","11.88","2,X","16.87","1,,,X","6.88","1,,,X","293",",X","16.4",",X"
"USW00003815","1960-01","30.48333","-87.35","28.0","PENSACOLA SAUFLEY NAS, FL US","4.4","X","4.4",",X","13",",X","6",",X","1",",X","0",",X","0",",X","0",",X","6",",X","0",",X","8",",X","0",",X","","","","","","","-3.9",",X,23,","0",",,X,31,+","0",",T,X,24,","35.6",",,X,01,","25.0",",X,14,+","559.7","X","236.7",",X","105.4",",,,X","0",",T,,X","10.84",",X","15.63",",,,X","6.06",",,,X","90",",X","20.6",",X"
"USW00003815","1960-02","30.48333","-87.35","28.0","PENSACOLA SAUFLEY NAS, FL US","5.3","X","0.9",",X","12",",X","8",",X","2",",X","0",",X","0",",X","0",",X","4",",X","0",",X","2",",X","0",",X","","","","","","","-2.2",",X,14,","0",",,X,29,+","0",",,X,29,+","47.2",",,X,04,","22.8",",X,10,","777.7","X","218.0",",X","128.3",",,,X","0",",,,X","10.84",",X","15.88",",,,X","5.81",",,,X","113",",X","20.6",",X"
"USW00003815","1960-03","30.48333","-87.35","28.0","PENSACOLA SAUFLEY NAS, FL US","18.6","X","13.3",",X","10",",X","5",",X","1",",X","0",",X","0",",X","0",",X","3",",X","0",",X","10",",X","0",",X","","","","","","","-2.8",",X,04,","0",",,X,31,+","0",",,X,31,+","54.4",",,X,15,","25.0",",X,30,+","953.9","X","176.2",",X","113.5",",,,X","0",",,,X","13.08",",X","18.11",",,,X","8.05",",,,X","203",",X","19.5",",X"
"USW00003815","1960-04","30.48333","-87.35","28.0","PENSACOLA SAUFLEY NAS, FL US","86.1","X","67.5",",X","5",",X","5",",X","3",",X","0",",X","0",",X","0",",X","0",",X","0",",X","27",",X","0",",X","","","","","","","7.2",",X,11,","0",",,X,30,+","0",",,X,30,+","66.5",",,X,01,","29.4",",X,19,","971.5","X","17.6",",X","193.3",",,,X","0",",,,X","20.00",",X","24.79",",,,X","15.21",",,,X","315",",X","20.6",",X"
"USW00003815","1960-05","30.48333","-87.35","28.0","PENSACOLA SAUFLEY NAS, FL US","215.0","X","128.9",",X","7",",X","6",",X","1",",X","0",",X","0",",X","0",",X","0",",X","0",",X","29",",X","1",",X","","","","","","","8.3",",X,13,","0",",,X,31,+","0",",,X,31,+","43.4",",,X,07,","32.2",",X,30,","982.9","X","11.4",",X","107.7",",,,X","0",",,,X","22.12",",X","26.69",",,,X","17.55",",,,X","293",",X","20.0",",X"
"USW00003815","1960-06","30.48333","-87.35","28.0","PENSACOLA SAUFLEY NAS, FL US","493.6","X","278.6",",X","9",",X","6",",X","1",",X","0",",X","0",",X","0",",X","0",",X","0",",X","30",",X","19",",X","","","","","","","18.3",",X,02,","0",",T,X,08,","0",",T,X,08,","30.7",",,X,08,","36.1",",X,30,+","982.9","X","0.0",",X","56.3",",,,X","0",",T,,X","27.62",",X","32.69",",,,X","22.55",",,,X","315",",X","26.7",",X"
"USW00003815","1960-07","30.48333","-87.35","28.0","PENSACOLA SAUFLEY NAS, FL US","830.9","X","337.3",",X","13",",X","10",",X","2",",X","0",",X","0",",X","0",",X","0",",X","0",",X","31",",X","28",",X","","","","","","","22.2",",X,15,","0",",,X,31,+","0",",,X,31,+","48.0",",,X,11,","37.2",",X,03,","0.0","X","0.0",",X","169.3",",,,X","0",",,,X","29.21",",X","34.30",",,,X","24.12",",,,X","203",",X","17.0",",X"
"USW00003815","1960-08","30.48333","-87.35","28.0","PENSACOLA SAUFLEY NAS, FL US","1118.1","X","287.2",",X","17",",X","11",",X","2",",X","0",",X","0",",X","0",",X","0",",X","0",",X","31",",X","17",",X","","","","","","","22.2",",X,30,+","0",",,X,31,+","0",",,X,31,+","38.9",",,X,02,","35.6",",X,30,","0.0","X","0.0",",X","156.5",",,,X","0",",,,X","27.60",",X","31.83",",,,X","23.37",",,,X","293",",X","16.4",",X"
"USW00003815","1960-09","30.48333","-87.35","28.0","PENSACOLA SAUFLEY NAS, FL US","1342.8","X","224.7",",X","11",",X","6",",X","4",",X","0",",X","0",",X","0",",X","0",",X","0",",X","30",",X","12",",X","","","","","","","16.7",",X,13,","0",",,X,30,+","0",",,X,30,+","109.5",",,X,16,","34.4",",X,07,","0.0","X","0.0",",X","287.7",",,,X","0",",,,X","25.82",",X","30.61",",,,X","21.04",",,,X","68",",X","18.5",",X"
"USW00003815","1960-10","30.48333","-87.35","28.0","PENSACOLA SAUFLEY NAS, FL US","1467.1","X","124.3",",X","9",",X","4",",X","1",",X","0",",X","0",",X","0",",X","0",",X","0",",X","29",",X","1",",X","","","","","","","7.2",",X,22,+","0",",,X,31,+","0",",,X,31,+","75.7",",,X,06,","33.3",",X,01,","13.1","X","13.1",",X","116.9",",,,X","0",",,,X","21.92",",X","27.51",",,,X","16.33",",,,X","315",",X","14.4",",X"
"USW00003815","1960-11","30.48333","-87.35","28.0","PENSACOLA SAUFLEY NAS, FL US","1478.7","X","11.6",",X","10",",X","4",",X","0",",X","0",",X","0",",X","0",",X","0",",X","0",",X","20",",X","0",",X","","","","","","","3.3",",X,30,","0",",,X,30,+","0",",,X,30,+","21.1",",,X,28,","26.1",",X,03,","78.1","X","65.0",",X","52.7",",,,X","0",",,,X","16.55",",X","21.98",",,,X","11.13",",,,X","360",",X","14.4",",X"
"USW00003815","1960-12","30.48333","-87.35","28.0","PENSACOLA SAUFLEY NAS, FL US","1478.7","X","0.0","3,X","12",",X","9",",X","0",",X","0",",X","0",",X","0","3,X","6","3,X","0","1,X","3","1,X","0","1,X","","","","","","","-4.4","3,X,22,","0",",,X,31,+","0",",,X,31,+","15.2",",,X,31,","23.3","1,X,07,","294.9","X","216.8","1,X","71.5",",,,X","0",",,,X","10.57","3,X","15.56","1,,,X","5.58","3,,,X","158",",X","19.5",",X"
"USW00003815","1961-01","30.48333","-87.35","28.0","PENSACOLA SAUFLEY NAS, FL US","0.0","X","0.0",",X","10",",X","7",",X","0",",X","0",",X","0",",X","0",",X","8",",X","0",",X","0",",X","0",",X","","","","","","","-5.0",",X,22,","0",",,X,31,+","0",",,X,31,+","20.6",",,X,25,","20.0",",X,12,","590.3","X","295.4",",X","86.0",",,,X","0",",,,X","8.80",",X","13.79",",,,X","3.82",",,,X","293",",X","18.5",",X"
"USW00003815","1961-02","30.48333","-87.35","28.0","PENSACOLA SAUFLEY NAS, FL US","13.7","X","13.7",",X","13",",X","9",",X","3",",X","0",",X","0",",X","0",",X","0",",X","0",",X","12",",X","0",",X","","","","","","","0.6",",X,04,","0",",,X,28,+","0",",,X,28,+","75.2",",,X,18,","25.0",",X,28,+","702.0","X","111.7",",X","223.3",",,,X","0",",,,X","14.83",",X","19.38",",,,X","10.28",",,,X","248",",X","18.0",",X"
"USW00003815","1961-03","30.48333","-87.35","28.0","PENSACOLA SAUFLEY NAS, FL US","40.9","X","27.2",",X","14",",X","8",",X","2",",X","0",",X","0",",X","0",",X","0",",X","0",",X","21",",X","0",",X","","","","","","","3.9",",X,10,","0",",,X,31,+","0",",,X,31,+","40.1",",,X,17,","25.6",",X,18,","753.3","X","51.3",",X","155.8",",,,X","0",",,,X","17.56",",X","21.68",",,,X","13.43",",,,X","360",",X","21.1",",X"
"USW00003815","1961-04","30.48333","-87.35","28.0","PENSACOLA SAUFLEY NAS, FL US","78.2","X","37.3",",X","8",",X","5",",X","0",",X","0",",X","0",",X","0",",X","0",",X","0",",X","22",",X","0",",X","","","","","","","6.1",",X,02,","0",",,X,30,+","0",",,X,30,+","24.6",",,X,06,","30.6",",X,28,","808.9","X","55.6",",X","79.5",",,,X","0",",,,X","17.73",",X","22.91",",,,X","12.54",",,,X","180",",X","22.6",",X"
"USW00003815","1961-05","30.48333","-87.35","28.0","PENSACOLA SAUFLEY NAS, FL US","216.2","X","138.0",",X","7",",X","6",",X","0",",X","0",",X","0",",X","0",",X","0",",X","0",",X","31",",X","1",",X","","","","","","","10.0",",X,10,","0",",,X,31,+","0",",,X,31,+","24.1",",,X,26,","32.2",",X,31,","813.6","X","4.7",",X","65.5",",,,X","0",",,,X","22.63",",X","27.52",",,,X","17.75",",,,X","293",",X","18.5",",X"
"USW00003815","1961-06","30.48333","-87.35","28.0","PENSACOLA SAUFLEY NAS, FL US","423.5","X","207.3",",X","9",",X","6",",X","2",",X","0",",X","0",",X","0",",X","0",",X","0",",X","30",",X","0",",X","","","","","","","18.3",",X,28,+","0",",,X,30,+","0",",,X,30,+","169.2",",,X,20,","31.7",",X,28,+","813.6","X","0.0",",X","241.8",",,,X","0",",,,X","25.24",",X","29.30",",,,X","21.19",",,,X","225",",X","24.7",",X"
"USW00003815","1961-07","30.48333","-87.35","28.0","PENSACOLA SAUFLEY NAS, FL US","701.8","X","278.3",",X","14",",X","8",",X","1",",X","0",",X","0",",X","0",",X","0",",X","0",",X","31",",X","13",",X","","","","","","","20.0",",X,04,+","0",",,X,31,+","0",",,X,31,+","35.3",",,X,03,","35.6",",X,25,","0.0","X","0.0",",X","113.7",",,,X","0",",,,X","27.31",",X","31.65",",,,X","22.97",",,,X","315",",X","19.5",",X"
"USW00003815","1961-08","30.48333","-87.35","28.0","PENSACOLA SAUFLEY NAS, FL US","962.4","X","260.6",",X","15",",X","11",",X","1",",X","0",",X","0",",X","0",",X","0",",X","0",",X","31",",X","12",",X","","","","","","","20.0",",X,27,","0",",,X,31,+","0",",,X,31,+","47.2",",,X,06,","35.0",",X,29,+","0.0","X","0.0",",X","174.5",",,,X","0",",,,X","26.74",",X","30.95",",,,X","22.53",",,,X","45",",X","17.0",",X"
"USW00003815","1961-09","30.48333","-87.35","28.0","PENSACOLA SAUFLEY NAS, FL US","1188.4","X","226.0",",X","12",",X","7",",X","2",",X","0",",X","0",",X","0",",X","0",",X","0",",X","30",",X","11",",X","","","","","","","13.9",",X,18,+","0",",,X,30,+","0",",,X,30,+","46.2",",,X,10,","35.6",",X,24,","0.0","X","0.0",",X","126.2",",,,X","0",",,,X","25.87",",X","30.52",",,,X","21.21",",,,X","23",",X","20.0",",X"
"USW00003815","1961-10","30.48333","-87.35","28.0","PENSACOLA SAUFLEY NAS, FL US","1263.8","X","75.4",",X","5",",X","1",",X","0",",X","0",",X","0",",X","0",",X","0",",X","0",",X","30",",X","0",",X","","","","","","","7.2",",X,21,","0",",,X,31,+","0",",,X,31,+","6.9",",,X,07,","30.6",",X,12,","20.3","X","20.3",",X","8.5",",,,X","0",",,,X","20.11",",X","26.08",",,,X","14.14",",,,X","338",",X","15.9",",X"
"USW00003815","1961-11","30.48333","-87.35","28.0","PENSACOLA SAUFLEY NAS, FL US","1303.5","X","39.7",",X","10",",X","5",",X","1",",X","0",",X","0",",X","0",",X","0",",X","0",",X","19",",X","0",",X","","","","","","","2.2",",X,30,","0",",,X,30,+","0",",,X,30,+","45.5",",,X,14,","28.3",",X,05,","105.3","X","85.0",",X","81.1",",,,X","0",",,,X","16.82",",X","21.87",",,,X","11.78",",,,X","270",",X","19.5",",X"
"USW00003815","1961-12","30.48333","-87.35","28.0","PENSACOLA SAUFLEY NAS, FL US","1323.7","X","20.2",",X","14",",X","9",",X","4",",X","0",",X","0",",X","0",",X","5",",X","0",",X","12",",X","0",",X","","","","","","","-2.8",",X,29,","0",",,X,31,+","0",",,X,31,+","43.4",",,X,10,","26.1",",X,17,","276.1","X","170.8",",X","205.7",",,,X","0",",,,X","13.48",",X","18.44",",,,X","8.51",",,,X","338",",X","20.0",",X"
"USW00003815","1962-01","30.48333","-87.35","28.0","PENSACOLA SAUFLEY NAS, FL US","7.7","X","7.7",",X","13",",X","8",",X","1",",X","0",",X","0",",X","0",",X","6",",X","1",",X","5",",X","0",",X","","","","","","","-10.6",",X,11,","0",",,X,31,+","0",",T,X,06,","53.6",",,X,05,","23.3",",X,25,+","526.8","X","250.7",",X","101.7",",,,X","0",",T,,X","10.50",",X","15.63",",,,X","5.36",",,,X","225",",X","21.6",",X"
"USW00003815","1962-02","30.48333","-87.35","28.0","PENSACOLA SAUFLEY NAS, FL US","29.1","X","21.4",",X","12",",X","8",",X","0",",X","0",",X","0",",X","0",",X","0",",X","0",",X","16",",X","0",",X","","","","","","","0.6",",X,07,","0",",,X,28,+","0",",,X,28,+","16.3",",,X,18,","26.7",",X,27,","603.3","X","76.5",",X","75.9",",,,X","0",",,,X","16.36",",X","20.96",",,,X","11.77",",,,X","360",",X","15.9",",X"
"USW00003815","1962-03","30.48333","-87.35","28.0","PENSACOLA SAUFLEY NAS, FL US","44.2","X","15.1",",X","12",",X","6",",X","2",",X","0",",X","0",",X","0",",X","1",",X","0",",X","14",",X","0",",X","","","","","","","-0.6",",X,06,","0",",,X,31,+","0",",,X,31,+","32.3",",,X,31,","26.7",",X,21,","739.8","X","136.5",",X","106.3",",,,X","0",",,,X","14.41",",X","19.45",",,,X","9.38",",,,X","293",",X","22.1",",X"
"USW00003815","1962-04","30.48333","-87.35","28.0","PENSACOLA SAUFLEY NAS, FL US","91.2","X","47.0",",X","7",",X","4",",X","2",",X","0",",X","0",",X","0",",X","0",",X","0",",X","23",",X","0",",X","","","","","","","5.0",",X,16,","0",",,X,30,+","0",",,X,30,+","62.7",",,X,25,","29.4",",X,20,","782.5","X","42.7",",X","103.4",",,,X","0",",,,X","18.47",",X","23.19",",,,X","13.76",",,,X","338",",X","16.4",",X"
"USW00003815","1962-05","30.48333","-87.35","28.0","PENSACOLA SAUFLEY NAS, FL US","321.0","X","229.8",",X","2",",X","2",",X","0",",X","0",",X","0",",X","0",",X","0",",X","0",",X","31",",X","11",",X","","","","","","","13.3",",X,03,","0",",,X,31,+","0",",,X,31,+","4.8",",,X,11,","35.0",",X,16,","782.5","X","0.0",",X","7.3",",,,X","0",",,,X","25.75",",X","31.13",",,,X","20.36",",,,X","23",",X","13.4",",X"
"USW00003815","1962-06","30.48333","-87.35","28.0","PENSACOLA SAUFLEY NAS, FL US","563.3","X","242.3",",X","17",",X","9",",X","0",",X","0",",X","0",",X","0",",X","0",",X","0",",X","30",",X","8",",X","","","","","","","18.3",",X,25,","0",",,X,30,+","0",",,X,30,+","17.3",",,X,22,","33.9",",X,07,","782.5","X","0.0",",X","94.5",",,,X","0",",,,X","26.41",",X","30.87",",,,X","21.95",",,,X","68","1,X","15.4","1,X"
"USW00003815","1962-07","30.48333","-87.35","28.0","PENSACOLA SAUFLEY NAS, FL US","878.4","X","315.1",",X","18",",X","12",",X","3",",X","0",",X","0",",X","0",",X","0",",X","0",",X","31",",X","23",",X","","","","","","","21.7",",X,11,","0",",,X,31,+","0",",,X,31,+","66.0",",,X,24,","36.1",",X,21,+","0.0","X","0.0",",X","279.8",",,,X","0",",,,X","28.50",",X","33.13",",,,X","23.86",",,,X","","","",""
"USW00003815","1962-08","30.48333","-87.35","28.0","PENSACOLA SAUFLEY NAS, FL US","1182.0","X","303.6",",X","9",",X","6",",X","2",",X","0",",X","0",",X","0",",X","0",",X","0",",X","31",",X","23",",X","","","","","","","20.6",",X,11,","0",",,X,31,+","0",",,X,31,+","38.9",",,X,23,","36.1",",X,09,","0.0","X","0.0",",X","120.0",",,,X","0",",,,X","28.13",",X","32.57",",,,X","23.68",",,,X","","","",""
"USW00003815","1962-09","30.48333","-87.35","28.0","PENSACOLA SAUFLEY NAS, FL US","1393.1","X","211.1","1,X","13","1,X","6","1,X","1","1,X","0","1,X","0","1,X","0","1,X","0","1,X","0","1,X","29","1,X","9","1,X","","","","","","","13.9","1,X,30,+","0","1,,X,30,+","0","1,,X,30,+","35.1","1,,X,07,","32.8","1,X,14,+","0.0","X","0.0","1,X","73.7","1,,,X","0","1,,,X","25.61","1,X","30.21","1,,,X","21.02","1,,,X","","","",""
"USW00003815","1962-10","30.48333","-87.35","28.0","PENSACOLA SAUFLEY NAS, FL US","1532.2","X","139.1",",X","7",",X","6",",X","1",",X","0",",X","0",",X","0",",X","0",",X","0",",X","29",",X","1",",X","15","","","","3","","5.6",",X,25,","0",",,X,31,+","0",",,X,31,+","80.3",",,X,01,","32.2",",X,08,","21.8","X","21.8",",X","127.9",",,,X","0",",,,X","22.12",",X","27.48",",,,X","16.75",",,,X","","","",""
"USW00003815","1962-11","30.48333","-87.35","28.0","PENSACOLA SAUFLEY NAS, FL US","1535.8","X","3.6",",X","8",",X","6",",X","0",",X","0",",X","0",",X","0",",X","0",",X","0",",X","9",",X","0",",X","15","","","","1","","2.8",",X,27,","0",",,X,30,+","0",",,X,30,+","24.1",",,X,21,","24.4",",X,17,","146.6","X","124.8",",X","84.3",",,,X","0",",,,X","14.29",",X","19.54",",,,X","9.04",",,,X","","","",""
"USW00003815","1963-04","30.48333","-87.35","28.0","PENSACOLA SAUFLEY NAS, FL US","","","109.4",",X","4",",X","3",",X","1",",X","0",",X","0",",X","0",",X","0",",X","0",",X","29",",X","0",",X","22","","","","2","","8.9",",X,08,","0",",,X,30,+","0",",,X,30,+","47.8",",,X,06,","30.0",",X,23,","","","9.5",",X","58.0",",,,X","0",",,,X","21.66",",X","26.46",",,,X","16.87",",,,X","360",",X","15.4",",X"
"USW00003815","1963-05","30.48333","-87.35","28.0","PENSACOLA SAUFLEY NAS, FL US","","","195.5","1,X","5","1,X","2","1,X","0","1,X","0","1,X","0","1,X","0","1,X","0","1,X","0","1,X","30","1,X","4","1,X","21","","","","7","","12.2","1,X,02,","0","1,,X,31,+","0","1,,X,31,+","4.8","1,,X,21,","32.8","1,X,12,","","","0.8","1,X","12.0","1,,,X","0","1,,,X","24.82","1,X","29.71","1,,,X","19.93","1,,,X","90","1,X","13.4","1,X"
"USW00003815","1963-06","30.48333","-87.35","28.0","PENSACOLA SAUFLEY NAS, FL US","","","263.7",",X","16",",X","11",",X","5",",X","0",",X","0",",X","0",",X","0",",X","0",",X","30",",X","11",",X","17","","","","18","","17.8",",X,03,","0",",,X,30,+","0",",,X,30,+","41.7",",,X,17,","36.7",",X,14,+","","","0.0",",X","259.8",",,,X","0",",,,X","27.12",",X","31.73",",,,X","22.51",",,,X","203",",X","14.4",",X"
"USW00003815","1963-07","30.48333","-87.35","28.0","PENSACOLA SAUFLEY NAS, FL US","","","289.5",",X","15",",X","9",",X","2",",X","0",",X","0",",X","0",",X","0",",X","0",",X","31",",X","21",",X","13","","","","18","","20.0",",X,11,","0",",,X,31,+","0",",,X,31,+","108.7",",,X,24,","34.4",",X,21,+","0.0","X","0.0",",X","215.3",",,,X","0",",,,X","27.67",",X","32.28",",,,X","23.06",",,,X","338",",X","15.4",",X"
"USW00003815","1963-08","30.48333","-87.35","28.0","PENSACOLA SAUFLEY NAS, FL US","","","304.3",",X","13",",X","6",",X","2",",X","0",",X","0",",X","0",",X","0",",X","0",",X","31",",X","26",",X","19","","","","17","","18.9",",X,24,+","0",",,X,31,+","0",",,X,31,+","71.9",",,X,30,","36.7",",X,27,+","0.0","X","0.0",",X","152.5",",,,X","0",",,,X","28.15",",X","33.91",",,,X","22.39",",,,X","90",",X","16.4",",X"
"USW00003815","1963-09","30.48333","-87.35","28.0","PENSACOLA SAUFLEY NAS, FL US","","","202.6",",X","10",",X","7",",X","2",",X","0",",X","0",",X","0",",X","0",",X","0",",X","28",",X","11",",X","16","","","","4","","11.7",",X,30,","0",",,X,30,+","0",",,X,30,+","33.8",",,X,03,","35.0",",X,06,","2.5","X","2.5",",X","105.2",",,,X","0",",,,X","25.00",",X","29.80",",,,X","20.20",",,,X","90",",X","17.0",",X"
"USW00003815","1963-10","30.48333","-87.35","28.0","PENSACOLA SAUFLEY NAS, FL US","","","81.7",",X","0",",X","0",",X","0",",X","0",",X","0",",X","0",",X","0",",X","0",",X","29",",X","0",",X","16","","","","","","5.0",",X,31,","0",",,X,31,+","0",",,X,31,+","0.0",",,X,31,+","31.7",",X,22,","17.2","X","14.7",",X","0.0",",,,X","0",",,,X","20.49",",X","27.31",",,,X","13.68",",,,X","23",",X","13.4",",X"
"USW00003815","1963-11","30.48333","-87.35","28.0","PENSACOLA SAUFLEY NAS, FL US","","","4.8","2,X","11","2,X","6","2,X","1","2,X","0","2,X","0","2,X","0","2,X","2","2,X","0","2,X","14","2,X","0","2,X","15","","","","2","","-1.7","2,X,14,","0","2,,X,30,+","0","2,,X,30,+","62.0","2,,X,28,","25.6","2,X,06,","136.2","X","119.0","2,X","124.5","2,,,X","0","2,,,X","14.25","2,X","20.14","2,,,X","8.36","2,,,X","338","3,X","17.0","3,X"
"USW00003815","1963-12","30.48333","-87.35","28.0","PENSACOLA SAUFLEY NAS, FL US","","","","","","","","","","","","","","","","","","","","","","","","","8","","","","1","","","","","","","","","","","","","","","","","","","","","","","","","","","","",""
"USW00003815","1964-01","30.48333","-87.35","28.0","PENSACOLA SAUFLEY NAS, FL US","","","","","","","","","","","","","","","","","","","","","","","","","16","","","","3","","","","","","","","","","","","","","","","","","","","","","","","","","","","",""
"USW00003815","1964-02","30.48333","-87.35","28.0","PENSACOLA SAUFLEY NAS, FL US","","","0.0","1,X","13","1,X","8","1,X","2","1,X","0","1,X","0","1,X","0","1,X","7","1,X","0","1,X","0","1,X","0","1,X","13","","","","2","","-3.9","1,X,23,","0","1,,X,29,+","0","1,,X,29,+","46.0","1,,X,27,","20.6","1,X,13,","","","262.9","1,X","143.8","1,,,X","0","1,,,X","8.94","1,X","14.15","1,,,X","3.74","1,,,X","248","1,X","14.4","1,X"
"USW00003815","1964-03","30.48333","-87.35","28.0","PENSACOLA SAUFLEY NAS, FL US","","","3.6",",X","9",",X","5",",X","2",",X","0",",X","0",",X","0",",X","0",",X","0",",X","14",",X","0",",X","","","","","","","0.6",",X,22,","0",",,X,31,+","0",",,X,31,+","35.8",",,X,19,","25.0",",X,17,","","","118.1",",X","110.2",",,,X","0",",,,X","14.64",",X","20.28",",,,X","9.00",",,,X","203",",X","19.5",",X"
"USW00003815","1964-04","30.48333","-87.35","28.0","PENSACOLA SAUFLEY NAS, FL US","","","50.1",",X","12",",X","7",",X","6",",X","0",",X","0",",X","0",",X","0",",X","0",",X","27",",X","0",",X","25","","","","8","","6.7",",X,11,+","0",",,X,30,+","0",",,X,30,+","85.6",",,X,26,","26.7",",X,29,+","","","16.9",",X","322.3",",,,X","0",",,,X","19.44",",X","23.86",",,,X","15.02",",,,X","135",",X","19.5",",X"
"USW00003815","1964-05","30.48333","-87.35","28.0","PENSACOLA SAUFLEY NAS, FL US","","","169.7","1,X","4","1,X","3","1,X","1","1,X","0","1,X","0","1,X","0","1,X","0","1,X","0","1,X","30","1,X","6","1,X","21","","","","1","","12.2","1,X,30,+","0","1,,X,31,+","0","1,,X,31,+","25.7","1,,X,01,","35.6","1,X,27,+","","","0.0","1,X","45.3","1,,,X","0","1,,,X","23.99","1,X","29.25","1,,,X","18.72","1,,,X","158","1,X","18.0","1,X"
"USW00003815","1964-06","30.48333","-87.35","28.0","PENSACOLA SAUFLEY NAS, FL US","","","240.9",",X","11",",X","6",",X","0",",X","0",",X","0",",X","0",",X","0",",X","0",",X","30",",X","14",",X","19","","","","9","","16.1",",X,02,","0",",,X,30,+","0",",,X,30,+","18.3",",,X,26,","36.1",",X,21,","","","0.0",",X","55.9",",,,X","0",",,,X","26.36",",X","31.22",",,,X","21.51",",,,X","360",",X","16.4",",X"
"USW00003815","1964-07","30.48333","-87.35","28.0","PENSACOLA SAUFLEY NAS, FL US","","","256.2",",X","17",",X","10",",X","2",",X","0",",X","0",",X","0",",X","0",",X","0",",X","31",",X","9",",X","16","","","","14","","19.4",",X,08,","0",",,X,31,+","0",",,X,31,+","69.1",",,X,21,","33.9",",X,05,","0.0","X","0.0",",X","192.9",",,,X","0",",,,X","26.60",",X","31.13",",,,X","22.06",",,,X","135",",X","19.5",",X"
"USW00003815","1964-08","30.48333","-87.35","28.0","PENSACOLA SAUFLEY NAS, FL US","","","","","","","","","","","","","","","","","","","","","","","","","19","","","","14","","","","","","","","","","","","","","","","","","","","","","","","","","293","1,X","16.4","1,X"
"USW00003815","1964-09","30.48333","-87.35","28.0","PENSACOLA SAUFLEY NAS, FL US","","","208.6",",X","","","","","","","","","","","0",",X","0",",X","0",",X","30",",X","7",",X","","","","","","","13.9",",X,14,","","","","","","","36.1",",X,02,+","","","0.0",",X","","","","","25.29",",X","30.01",",,,X","20.56",",,,X","293",",X","12.3",",X"
"USW00003815","1964-10","30.48333","-87.35","28.0","PENSACOLA SAUFLEY NAS, FL US","","","31.6",",X","","","","","","","","","","","0",",X","0",",X","0",",X","26",",X","0",",X","","","","","","","5.0",",X,21,+","","","","","","","29.4",",X,02,+","","","50.4",",X","","","","","17.73",",X","24.11",",,,X","11.35",",,,X","338",",X","22.6",",X"
"USW00003815","1964-11","30.48333","-87.35","28.0","PENSACOLA SAUFLEY NAS, FL US","","","33.3",",X","","","","","","","","","","","0",",X","1",",X","0",",X","22",",X","0",",X","20","","","","1","","-0.6",",X,30,","","","","","","","27.8",",X,16,","","","88.0",",X","","","","","16.51",",X","22.32",",,,X","10.69",",,,X","360",",X","15.4",",X"
"USW00003815","1964-12","30.48333","-87.35","28.0","PENSACOLA SAUFLEY NAS, FL US","","","","","","","","","","","","","","","","","","","","","","","","","12","","","","1","","","","","","","","","","","","","","","","","","","","","","","","","","","","",""
"USW00003815","1965-02","30.48333","-87.35","28.0","PENSACOLA SAUFLEY NAS, FL US","","","","","","","","","","","","","","","","","","","","","","","","","10","","6","","1","","","","","","","","","","","","","","","","","","","","","","","","","","293",",X","18.5",",X"
"USW00003815","1965-03","30.48333","-87.35","28.0","PENSACOLA SAUFLEY NAS, FL US","","","18.9",",X","","","","","","","","","","","0",",X","1",",X","0",",X","15",",X","0",",X","","","","","","","0.0",",X,08,","","","","","","","26.7",",X,30,","","","134.6",",X","","","","","14.60",",X","19.59",",,,X","9.61",",,,X","248",",X","17.5",",X"
"USW00003815","1965-04","30.48333","-87.35","28.0","PENSACOLA SAUFLEY NAS, FL US","","","106.4",",X","","","","","","","","","","","0",",X","0",",X","0",",X","30",",X","0",",X","19","","5","","3","","8.9",",X,30,+","","","","","","","31.1",",X,13,","","","6.7",",X","","","","","21.66",",X","26.72",",,,X","16.59",",,,X","315",",X","23.6",",X"
"USW00003815","1965-05","30.48333","-87.35","28.0","PENSACOLA SAUFLEY NAS, FL US","","","","","","","","","","","","","","","","","","","","","","","","","","","","","","","","","","","","","","","","","","","","","","","","","","","","","","","180",",X","11.3",",X"
"USW00003815","1965-06","30.48333","-87.35","28.0","PENSACOLA SAUFLEY NAS, FL US","","","","","","","","","","","","","","","","","","","0","3,X","27","3,X","17","3,X","","","","","","","","","","","","","","","36.7","3,X,25,","","","","","","","","","","","32.01","3,,,X","","","23",",X","16.4",",X"
"USW00003815","1965-07","30.48333","-87.35","28.0","PENSACOLA SAUFLEY NAS, FL US","","","263.1","3,X","","","","","","","","","","","0","3,X","0","3,X","0","3,X","28","3,X","13","3,X","","","","","","","21.7","3,X,01,","","","","","","","36.7","3,X,20,","0.0","X","0.0","3,X","","","","","27.73","3,X","32.26","3,,,X","23.20","3,,,X","338",",X","11.8",",X"
"USW00003815","1965-08","30.48333","-87.35","28.0","PENSACOLA SAUFLEY NAS, FL US","","","274.3","1,X","17","1,X","14","1,X","4","1,X","0","1,X","0","1,X","0","1,X","0","1,X","0","1,X","30","1,X","18","1,X","","","","","","","21.1","1,X,29,+","0","1,,X,31,+","0","1,,X,31,+","37.6","1,,X,11,","35.6","1,X,15,","0.0","X","0.0","1,X","235.6","1,,,X","0","1,,,X","27.48","1,X","32.02","1,,,X","22.93","1,,,X","","","",""
"USW00003815","1965-09","30.48333","-87.35","28.0","PENSACOLA SAUFLEY NAS, FL US","","","239.9",",X","","","","","","","0",",X","0",",X","0",",X","0",",X","0",",X","30",",X","8",",X","","","","","","","15.6",",X,26,+","0",",,X,30,+","0",",,X,30,+","","","33.3",",X,15,+","0.0","X","0.0",",X","","","0",",,,X","26.33",",X","30.22",",,,X","22.43",",,,X","90","2,X","21.6","2,X"
"USW00003815","1965-10","30.48333","-87.35","28.0","PENSACOLA SAUFLEY NAS, FL US","","","","","","","","","","","","","","","","","","","","","","","","","","","","","","","","","","","","","","","","","","","","","","","","","","","","","","","68",",X","14.4",",X"
"USW00003815","1965-11","30.48333","-87.35","28.0","PENSACOLA SAUFLEY NAS, FL US","","","","","","","","","","","","","","","","","","","","","","","","","","","","","","","","","","","","","","","","","","","","","","","","","","","","","","","360",",X","13.4",",X"
"USW00003815","1965-12","30.48333","-87.35","28.0","PENSACOLA SAUFLEY NAS, FL US","","","","","","","","","","","0",",X","0",",X","","","","","0","1,X","9","1,X","0","1,X","","","","","","","","","0",",,X,31,+","0",",,X,31,+","","","24.4","1,X,31,","","","","","","","0",",,,X","","","17.95","1,,,X","","","180",",X","12.9",",X"
"USW00003815","1966-01","30.48333","-87.35","28.0","PENSACOLA SAUFLEY NAS, FL US","","","","","13",",X","8",",X","2",",X","0",",X","0",",X","","","","","0","5,X","4","5,X","0","5,X","","","","","","","","","0",",,X,31,+","0",",,X,31,+","35.1",",,X,14,","26.7","5,X,02,","","","","","134.7",",,,X","0",",,,X","","","15.16","5,,,X","","","338",",X","15.4",",X"
"USW00003815","1966-02","30.48333","-87.35","28.0","PENSACOLA SAUFLEY NAS, FL US","","","","","11",",X","8",",X","4",",X","0",",X","0",",X","","","","","0",",X","5",",X","0",",X","","","","","","","","","0",",,X,28,+","0",",,X,28,+","52.1",",,X,12,","21.7",",X,21,","","","","","245.0",",,,X","0",",,,X","","","17.05",",,,X","","","135",",X","17.5",",X"
"USW00003815","1966-03","30.48333","-87.35","28.0","PENSACOLA SAUFLEY NAS, FL US","","","14.7",",X","7",",X","4",",X","0",",X","0",",X","0",",X","0",",X","1",",X","0",",X","20",",X","0",",X","","","","","","","-0.6",",X,07,","0",",,X,31,+","0",",,X,31,+","21.1",",,X,04,","27.2",",X,31,","","","97.5",",X","40.4",",,,X","0",",,,X","15.66",",X","21.42",",,,X","9.91",",,,X","158","1,X","13.9","1,X"
"USW00003815","1966-04","30.48333","-87.35","28.0","PENSACOLA SAUFLEY NAS, FL US","","","77.6",",X","7",",X","3",",X","1",",X","0",",X","0",",X","0",",X","0",",X","0",",X","30",",X","0",",X","","","","","","","5.6",",X,05,","0",",,X,30,+","0",",,X,30,+","31.2",",,X,18,","28.9",",X,30,","","","16.9",",X","41.6",",,,X","0",",,,X","20.36",",X","25.35",",,,X","15.36",",,,X","113",",X","23.6",",X"
"USW00003815","1966-05","30.48333","-87.35","28.0","PENSACOLA SAUFLEY NAS, FL US","","","160.4","2,X","12",",X","8",",X","1",",X","0",",X","0",",X","0","2,X","0","2,X","0","2,X","29","2,X","2","2,X","","","","","","","11.7","2,X,10,","0",",,X,31,+","0",",,X,31,+","33.8",",,X,13,","33.3","2,X,23,","","","0.0","2,X","88.7",",,,X","0",",,,X","23.87","2,X","28.28","2,,,X","19.46","2,,,X","68",",X","17.5",",X"
"USW00003815","1966-06","30.48333","-87.35","28.0","PENSACOLA SAUFLEY NAS, FL US","","","169.5","1,X","7",",X","4",",X","0",",X","0",",X","0",",X","0","1,X","0","1,X","0",",X","30",",X","7",",X","","","","","","","12.2","1,X,01,","0",",,X,30,+","0",",,X,30,+","21.1",",,X,15,","33.3",",X,10,","","","0.0",",X","40.9",",,,X","0",",,,X","24.13","1,X","29.42",",,,X","18.84","1,,,X","315",",X","13.4",",X"
"USW00003815","1966-07","30.48333","-87.35","28.0","PENSACOLA SAUFLEY NAS, FL US","","","273.4",",X","15",",X","8",",X","0",",X","0",",X","0",",X","0",",X","0",",X","0",",X","31",",X","15",",X","","","","","","","19.4",",X,02,","0",",,X,31,+","0",",,X,31,+","22.4",",,X,18,","36.1",",X,08,","0.0","X","0.0",",X","92.4",",,,X","0",",,,X","27.15",",X","31.88",",,,X","22.43",",,,X","113","3,X","15.4","3,X"
"USW00003815","1966-08","30.48333","-87.35","28.0","PENSACOLA SAUFLEY NAS, FL US","","","","","12",",X","7",",X","2",",X","0",",X","0",",X","","","","","","","","","","","","","","","","","","","0",",,X,31,+","0",",,X,31,+","76.7",",,X,04,","","","","","","","170.6",",,,X","0",",,,X","","","","","","","203",",X","13.4",",X"
"USW00003815","1966-09","30.48333","-87.35","28.0","PENSACOLA SAUFLEY NAS, FL US","","","179.8",",X","8",",X","4",",X","1",",X","0",",X","0",",X","0",",X","0",",X","0",",X","30",",X","0",",X","","","","","","","14.4",",X,22,","0",",,X,30,+","0",",,X,30,+","66.5",",,X,27,","31.7",",X,15,","","","0.0",",X","107.0",",,,X","0",",,,X","24.33",",X","29.18",",,,X","19.47",",,,X","315",",X","13.9",",X"
"USW00003815","1966-10","30.48333","-87.35","28.0","PENSACOLA SAUFLEY NAS, FL US","","","64.6","4,X","12",",X","6",",X","1",",X","0",",X","0",",X","0","4,X","0","4,X","0",",X","29",",X","0",",X","","","","","","","6.7","4,X,20,","0",",,X,31,+","0",",,X,31,+","53.8",",,X,09,","31.7",",X,05,","","","12.7",",X","131.1",",,,X","0",",,,X","20.35","4,X","26.29",",,,X","14.41","4,,,X","315",",X","11.8",",X"
"USW00003815","1966-11","30.48333","-87.35","28.0","PENSACOLA SAUFLEY NAS, FL US","","","","","5","2,X","3","2,X","0","2,X","0",",X","0",",X","","","","","","","","","","","14","","3","","","","","","0",",,X,30,+","0",",,X,30,+","10.7","2,,X,11,","","","","","","","18.0","2,,,X","0",",,,X","","","","","","","315",",X","15.9",",X"
"USW00003815","1966-12","30.48333","-87.35","28.0","PENSACOLA SAUFLEY NAS, FL US","","","4.2","2,X","","","","","","","0",",X","0",",X","0","2,X","4","2,X","0","1,X","7","1,X","0","1,X","11","","2","","1","","-3.9","2,X,25,","0",",,X,31,+","0",",,X,31,+","","","23.3","1,X,22,+","","","216.5","1,X","","","0",",,,X","11.13","2,X","16.33","1,,,X","5.93","2,,,X","135",",X","17.5",",X"
"USW00003815","1967-01","30.48333","-87.35","28.0","PENSACOLA SAUFLEY NAS, FL US","0.8","X","0.8",",X","9",",X","6",",X","1",",X","0",",X","0",",X","0",",X","4",",X","0",",X","7",",X","0",",X","","","","","","","-1.1",",X,12,","0",",,X,31,+","0",",,X,31,+","34.3",",,X,01,","23.3",",X,26,+","","","213.1",",X","89.9",",,,X","0",",,,X","11.48",",X","17.05",",,,X","5.91",",,,X","135",",X","14.4",",X"
"USW00003815","1967-02","30.48333","-87.35","28.0","PENSACOLA SAUFLEY NAS, FL US","5.7","X","4.9",",X","10",",X","7",",X","1",",X","0",",X","0",",X","0",",X","4",",X","0",",X","8",",X","0",",X","","","","","","","-3.3",",X,26,+","0",",,X,28,+","0",",T,X,09,","81.8",",,X,06,","24.4",",X,20,+","","","198.6",",X","133.4",",,,X","0",",T,,X","11.42",",X","17.47",",,,X","5.36",",,,X","23",",X","15.4",",X"
"USW00003815","1967-03","30.48333","-87.35","28.0","PENSACOLA SAUFLEY NAS, FL US","49.2","X","43.5",",X","5",",X","3",",X","0",",X","0",",X","0",",X","0",",X","0",",X","0",",X","26",",X","0",",X","","","","","","","3.9",",X,07,","0",",,X,31,+","0",",,X,31,+","11.9",",,X,26,","29.4",",X,29,","","","60.0",",X","20.9",",,,X","0",",,,X","17.80",",X","24.12",",,,X","11.47",",,,X","203","1,X","17.5","1,X"
"USW00003815","1967-04","30.48333","-87.35","28.0","PENSACOLA SAUFLEY NAS, FL US","","","","","1",",X","1",",X","1",",X","0",",X","0",",X","","","","","","","","","","","","","","","","","","","0",",,X,30,+","0",",,X,30,+","49.8",",,X,14,","","","","","","","49.8",",,,X","0",",,,X","","","","","","","360","1,X","14.9","1,X"
"USW00003815","1967-05","30.48333","-87.35","28.0","PENSACOLA SAUFLEY NAS, FL US","","","140.5","2,X","7",",X","5",",X","3",",X","0",",X","0",",X","0","2,X","0","2,X","0","2,X","28","2,X","4","2,X","","","","","","","11.7","2,X,17,+","0",",,X,31,+","0",",,X,31,+","50.3",",,X,22,","33.9","2,X,27,","","","2.5","2,X","128.0",",,,X","0",",,,X","23.09","2,X","28.64","2,,,X","17.54","2,,,X","180","3,X","14.4","3,X"
"USW00003815","1967-06","30.48333","-87.35","28.0","PENSACOLA SAUFLEY NAS, FL US","","","262.4",",X","13",",X","9",",X","2",",X","0",",X","0",",X","0",",X","0",",X","0",",X","30",",X","14",",X","","","","","","","18.9",",X,03,","0",",,X,30,+","0",",,X,30,+","38.4",",,X,05,","35.0",",X,19,","","","0.0",",X","143.5",",,,X","0",",,,X","27.08",",X","31.66",",,,X","22.50",",,,X","315",",X","16.4",",X"
"USW00003815","1967-07","30.48333","-87.35","28.0","PENSACOLA SAUFLEY NAS, FL US","","","268.1",",X","14",",X","9",",X","1",",X","0",",X","0",",X","0",",X","0",",X","0",",X","31",",X","15",",X","","","","","","","16.1",",X,15,","0",",,X,31,+","0",",,X,31,+","34.8",",,X,29,","33.9",",X,27,+","0.0","X","0.0",",X","93.1",",,,X","0",",,,X","26.98",",X","31.69",",,,X","22.27",",,,X","270",",X","17.5",",X"
"USW00003815","1967-08","30.48333","-87.35","28.0","PENSACOLA SAUFLEY NAS, FL US","","","","","16",",X","12",",X","4",",X","0",",X","0",",X","","","","","","","","","","","","","","","","","","","0",",,X,31,+","0",",,X,31,+","55.4",",,X,16,","","","","","","","233.4",",,,X","0",",,,X","","","","","","","180",",X","15.9",",X"
"USW00003815","1967-09","30.48333","-87.35","28.0","PENSACOLA SAUFLEY NAS, FL US","","","161.8",",X","7",",X","5",",X","1",",X","0",",X","0",",X","0",",X","0",",X","0",",X","28",",X","1",",X","","","","","","","5.6",",X,29,","0",",,X,30,+","0",",,X,30,+","212.3",",,X,06,","32.2",",X,22,","","","11.9",",X","253.9",",,,X","0",",,,X","23.33",",X","28.61",",,,X","18.04",",,,X","113",",X","15.9",",X"
"USW00003815","1967-10","30.48333","-87.35","28.0","PENSACOLA SAUFLEY NAS, FL US","","","50.5","2,X","5",",X","3",",X","1",",X","0",",X","0",",X","0","2,X","0","2,X","0","2,X","28","2,X","0","2,X","","","","","","","4.4","2,X,26,+","0",",,X,31,+","0",",,X,31,+","138.4",",,X,30,","31.1","2,X,06,+","","","26.4","2,X","166.6",",,,X","0",",,,X","19.16","2,X","26.46","2,,,X","11.87","2,,,X","135",",X","20.6",",X"
"USW00003815","1967-11","30.48333","-87.35","28.0","PENSACOLA SAUFLEY NAS, FL US","","","","","2",",X","1",",X","1",",X","0",",X","0",",X","","","","","","","","","","","","","","","","","","","0",",,X,30,+","0",",,X,30,+","25.4",",,X,01,","","","","","","","25.7",",,,X","0",",,,X","","","","","","","338",",X","20.0",",X"
"USW00003815","1967-12","30.48333","-87.35","28.0","PENSACOLA SAUFLEY NAS, FL US","","","","","9","3,X","4","3,X","1","3,X","0",",X","0",",X","","","","","","","","","","","","","","","","","","","0",",,X,31,+","0",",,X,31,+","40.6","3,,X,27,","","","","","","","84.7","3,,,X","0",",,,X","","","","","","","158",",X","18.5",",X"
"USW00003815","1968-01","30.48333","-87.35","28.0","PENSACOLA SAUFLEY NAS, FL US","0.3","X","0.3",",X","10",",X","5",",X","0",",X","0",",X","0",",X","0",",X","10",",X","0",",X","9",",X","0",",X","","","","","","","-4.4",",X,14,","0",",,X,31,+","0",",T,X,14,","13.5",",,X,06,","22.8",",X,29,+","","","270.2",",X","36.7",",,,X","0",",T,,X","9.63",",X","15.71",",,,X","3.55",",,,X","315","1,X","15.9","1,X"
"USW00003815","1968-02","30.48333","-87.35","28.0","PENSACOLA SAUFLEY NAS, FL US","0.3","X","0.0","1,X","7",",X","7",",X","0",",X","0",",X","0",",X","0","1,X","10","1,X","0","1,X","2","1,X","0","1,X","","","","","","","-3.9","1,X,09,","0",",,X,29,+","0",",T,X,23,","20.8",",,X,18,","21.1","1,X,21,+","","","294.4","1,X","73.0",",,,X","0",",T,,X","7.82","1,X","14.25","1,,,X","1.39","1,,,X","315","1,X","16.4","1,X"
"USW00003815","1968-03","30.48333","-87.35","28.0","PENSACOLA SAUFLEY NAS, FL US","18.3","X","18.0",",X","7",",X","5",",X","0",",X","0",",X","0",",X","0",",X","5",",X","0",",X","19",",X","0",",X","17","","6","","1","","-3.3",",X,24,","0",",,X,31,+","0",",T,X,23,","19.6",",,X,10,","27.2",",X,10,","","","148.4",",X","47.4",",,,X","0",",T,,X","14.13",",X","20.67",",,,X","7.58",",,,X","180","1,X","15.9","1,X"
"USW00003815","1968-04","30.48333","-87.35","28.0","PENSACOLA SAUFLEY NAS, FL US","106.0","X","87.7","4,X","8",",X","5",",X","0",",X","0",",X","0",",X","0","4,X","0","4,X","0","4,X","26","4,X","0","4,X","","","","","","","7.8","4,X,25,","0",",,X,30,+","0",",,X,30,+","10.9",",,X,29,","29.4","4,X,28,+","","","1.7","4,X","38.3",",,,X","0",",,,X","21.64","4,X","27.07","4,,,X","16.21","4,,,X","158","2,X","15.4","2,X"
"USW00003815","1968-05","30.48333","-87.35","28.0","PENSACOLA SAUFLEY NAS, FL US","222.7","X","116.7","3,X","7",",X","3",",X","0",",X","0",",X","0",",X","0","3,X","0","3,X","0","3,X","28","3,X","0","3,X","","","","","","","11.1","3,X,07,+","0",",,X,31,+","0",",,X,31,+","24.9",",,X,18,","30.6","3,X,30,","","","0.6","3,X","48.3",",,,X","0",",,,X","22.48","3,X","27.46","3,,,X","17.50","3,,,X","135",",X","14.9",",X"
"USW00003815","1968-06","30.48333","-87.35","28.0","PENSACOLA SAUFLEY NAS, FL US","489.0","X","266.3","4,X","10",",X","6",",X","1",",X","0",",X","0",",X","0","4,X","0","4,X","0","4,X","26","4,X","23","4,X","","","","","","","18.3","4,X,01,","0",",,X,30,+","0",",,X,30,+","32.8",",,X,10,","37.8","4,X,12,","","","0.0","4,X","114.3",",,,X","0",",,,X","28.58","4,X","33.98","4,,,X","23.17","4,,,X","90",",X","20.6",",X"
"USW00003815","1968-07","30.48333","-87.35","28.0","PENSACOLA SAUFLEY NAS, FL US","789.9","X","300.9","1,X","10","2,X","7","2,X","0","2,X","0",",X","0",",X","0","1,X","0","1,X","0","1,X","30","1,X","24","1,X","","","","","","","21.7","1,X,10,","0",",,X,31,+","0",",,X,31,+","24.4","2,,X,08,","37.8","1,X,28,+","0.0","X","0.0","1,X","78.3","2,,,X","0",",,,X","28.36","1,X","33.02","1,,,X","23.71","1,,,X","68",",X","15.9",",X"
"USW00003815","1968-08","30.48333","-87.35","28.0","PENSACOLA SAUFLEY NAS, FL US","1086.0","X","296.1","2,X","12","2,X","9","2,X","1","2,X","0",",X","0",",X","0","2,X","0","2,X","0","2,X","29","2,X","23","2,X","","","","","","","18.9","2,X,30,","0",",,X,31,+","0",",,X,31,+","33.0","2,,X,06,","36.7","2,X,24,+","0.0","X","0.0","2,X","107.6","2,,,X","0",",,,X","28.54","2,X","33.60","2,,,X","23.49","2,,,X","90",",X","11.3",",X"
"USW00003815","1968-09","30.48333","-87.35","28.0","PENSACOLA SAUFLEY NAS, FL US","1336.7","X","250.7",",X","5",",X","3",",X","2",",X","0",",X","0",",X","0",",X","0",",X","0",",X","30",",X","17",",X","","","","","","","17.8",",X,28,","0",",,X,30,+","0",",,X,30,+","66.5",",,X,16,","33.9",",X,26,+","0.0","X","0.0",",X","110.3",",,,X","0",",,,X","26.69",",X","32.07",",,,X","21.31",",,,X","135",",X","8.7",",X"
"USW00003815","1968-10","30.48333","-87.35","28.0","PENSACOLA SAUFLEY NAS, FL US","","","","","5",",X","2",",X","0",",X","0",",X","0",",X","","","","","","","","","","","","","","","","","","","0",",,X,31,+","0",",,X,31,+","16.0",",,X,06,","","","","","","","22.2",",,,X","0",",,,X","","","","","","","360",",X","8.7",",X"
"USW00003815","1968-11","30.48333","-87.35","28.0","PENSACOLA SAUFLEY NAS, FL US","","","","","13",",X","6",",X","0",",X","0",",X","0",",X","","","","","","","","","","","","","","","","","","","0",",,X,30,+","0",",,X,30,+","16.8",",,X,11,","","","","","","","69.1",",,,X","0",",,,X","","","","","","","45","1,X","11.8","1,X"
"USW00003815","1968-12","30.48333","-87.35","28.0","PENSACOLA SAUFLEY NAS, FL US","","","0.0",",X","12",",X","10",",X","1",",X","0",",X","0",",X","0",",X","9",",X","0",",X","4",",X","0",",X","","","","","","","-3.9",",X,16,","0",",,X,31,+","0",",,X,31,+","37.8",",,X,03,","23.3",",X,22,","","","255.6",",X","138.6",",,,X","0",",,,X","10.09",",X","16.31",",,,X","3.87",",,,X","","","",""
"USW00003815","1969-01","30.48333","-87.35","28.0","PENSACOLA SAUFLEY NAS, FL US","4.0","X","4.0",",X","7",",X","5",",X","1",",X","0",",X","0",",X","0",",X","10",",X","0",",X","5",",X","0",",X","","","","","","","-4.4",",X,05,","0",",,X,31,+","0",",,X,31,+","30.0",",,X,18,","23.3",",X,31,","","","242.3",",X","55.9",",,,X","0",",,,X","10.65",",X","15.49",",,,X","5.80",",,,X","135","3,X","13.4","3,X"
"USW00003815","1969-02","30.48333","-87.35","28.0","PENSACOLA SAUFLEY NAS, FL US","8.4","X","4.4",",X","7",",X","6",",X","2",",X","0",",X","0",",X","0",",X","0",",X","0",",X","8",",X","0",",X","","","","","","","0.6",",X,05,","0",",,X,28,+","0",",,X,28,+","41.1",",,X,14,","25.0",",X,08,","","","161.6",",X","108.2",",,,X","0",",,,X","12.72",",X","18.18",",,,X","7.26",",,,X","90",",X","21.6",",X"
"USW00003815","1969-03","30.48333","-87.35","28.0","PENSACOLA SAUFLEY NAS, FL US","11.0","X","2.6",",X","8","1,X","6","1,X","3","1,X","0",",X","0",",X","0",",X","0",",X","0",",X","8",",X","0",",X","","","","","","","1.1",",X,13,+","0",",,X,31,+","0",",,X,31,+","94.0","1,,X,17,","26.1",",X,30,","","","164.6",",X","226.3","1,,,X","0",",,,X","13.10",",X","18.43",",,,X","7.78",",,,X","338",",X","21.6",",X"
"USW00003815","1969-04","30.48333","-87.35","28.0","PENSACOLA SAUFLEY NAS, FL US","66.6","X","55.6","4,X","6","1,X","4","1,X","2","1,X","0",",X","0",",X","0","4,X","0","4,X","0","4,X","26","4,X","0","4,X","","","","","","","9.4","4,X,20,","0",",,X,30,+","0",",,X,30,+","32.5","1,,X,13,","28.9","4,X,28,+","","","4.5","4,X","87.7","1,,,X","0",",,,X","20.30","4,X","25.30","4,,,X","15.29","4,,,X","135",",X","22.1",",X"
"USW00003815","1969-05","30.48333","-87.35","28.0","PENSACOLA SAUFLEY NAS, FL US","224.1","X","157.5",",X","9",",X","8",",X","2",",X","0",",X","0",",X","0",",X","0",",X","0",",X","31",",X","5",",X","","","","","","","11.1",",X,10,","0",",,X,31,+","0",",,X,31,+","69.9",",,X,08,","33.3",",X,31,+","","","0.0",",X","183.2",",,,X","0",",,,X","23.41",",X","28.51",",,,X","18.32",",,,X","315",",X","13.4",",X"
"USW00003815","1969-06","30.48333","-87.35","28.0","PENSACOLA SAUFLEY NAS, FL US","491.9","X","267.8",",X","4",",X","2",",X","1",",X","0",",X","0",",X","0",",X","0",",X","0",",X","30",",X","16",",X","","","","","","","17.2",",X,17,+","0",",,X,30,+","0",",,X,30,+","88.9",",,X,21,","35.6",",X,29,+","","","0.0",",X","94.5",",,,X","0",",,,X","27.26",",X","32.33",",,,X","22.18",",,,X","45",",X","22.6",",X"
"USW00003815","1969-07","30.48333","-87.35","28.0","PENSACOLA SAUFLEY NAS, FL US","","","","","16","2,X","11","2,X","6","2,X","0",",X","0",",X","","","","","","","","","","","","","","","","","","","0",",,X,31,+","0",",,X,31,+","124.2","2,,X,17,","","","","","","","361.0","2,,,X","0",",,,X","","","","","","","45",",X","19.0",",X"
"USW00003815","1969-08","30.48333","-87.35","28.0","PENSACOLA SAUFLEY NAS, FL US","","","293.9",",X","13",",X","7",",X","1",",X","0",",X","0",",X","0",",X","0",",X","0",",X","31",",X","22",",X","","","","","","","20.0",",X,26,+","0",",,X,31,+","0",",,X,31,+","104.4",",,X,17,","35.6",",X,21,","","","0.0",",X","146.0",",,,X","0",",,,X","27.81",",X","32.52",",,,X","23.11",",,,X","","","",""
"USW00003815","1969-09","30.48333","-87.35","28.0","PENSACOLA SAUFLEY NAS, FL US","","","196.0",",X","9",",X","4",",X","2",",X","0",",X","0",",X","0",",X","0",",X","0",",X","30",",X","9",",X","","","","","","","14.4",",X,27,","0",",,X,30,+","0",",,X,30,+","41.7",",,X,06,","35.0",",X,08,","","","0.0",",X","85.6",",,,X","0",",,,X","24.87",",X","30.05",",,,X","19.68",",,,X","23",",X","15.4",",X"
"USW00003815","1969-10","30.48333","-87.35","28.0","PENSACOLA SAUFLEY NAS, FL US","","","99.5",",X","4",",X","2",",X","1",",X","0",",X","0",",X","0",",X","0",",X","0",",X","27",",X","0",",X","10","","","","","","8.3",",X,16,","0",",,X,31,+","0",",,X,31,+","30.7",",,X,01,","31.1",",X,04,","","","11.9",",X","47.0",",,,X","0",",,,X","21.16",",X","26.17",",,,X","16.15",",,,X","45",",X","13.9",",X"
"USW00003815","1969-11","30.48333","-87.35","28.0","PENSACOLA SAUFLEY NAS, FL US","","","3.6",",X","5",",X","3",",X","0",",X","0",",X","0",",X","0",",X","2",",X","0",",X","17",",X","0",",X","11","","1","","1","","-3.9",",X,15,","0",",,X,30,+","0",",,X,30,+","22.4",",,X,19,","25.6",",X,09,","","","152.4",",X","36.2",",,,X","0",",,,X","13.38",",X","20.19",",,,X","6.56",",,,X","","","",""
"USW00003815","1969-12","30.48333","-87.35","28.0","PENSACOLA SAUFLEY NAS, FL US","","","0.6","4,X","8",",X","5",",X","3",",X","0",",X","0",",X","0","4,X","2","4,X","0","4,X","4","4,X","0","4,X","","","","","","","-1.1","4,X,27,+","0",",,X,31,+","0",",,X,31,+","72.6",",,X,06,","23.3","4,X,30,","","","211.4","4,X","155.7",",,,X","0",",,,X","10.52","4,X","16.66","4,,,X","4.39","4,,,X","45",",X","23.6",",X"
"USW00003815","1970-01","30.48333","-87.35","28.0","PENSACOLA SAUFLEY NAS, FL US","0.0","","0.0",",X","10",",X","6",",X","0",",X","0",",X","0",",X","0",",X","12",",X","0",",X","3",",X","0",",X","","","","","","","-7.2",",X,08,","0",",,X,31,+","0",",,X,31,+","24.4",",,X,11,","25.0",",X,29,","","","328.3",",X","99.7",",,,X","0",",,,X","7.74",",X","12.13",",,,X","3.35",",,,X","338",",X","15.4",",X"
"USW00003815","1970-02","30.48333","-87.35","28.0","PENSACOLA SAUFLEY NAS, FL US","0.0","","0.0","2,X","6",",X","6",",X","2",",X","0",",X","0",",X","0","2,X","6","2,X","0",",X","2",",X","0",",X","","","","","","","-7.8","2,X,04,","0",",,X,28,+","0",",,X,28,+","61.2",",,X,01,","22.2",",X,02,","","","236.6",",X","156.0",",,,X","0",",,,X","9.24","2,X","15.86",",,,X","2.63","2,,,X","135",",X","25.7",",X"
"USW00003815","1970-03","30.48333","-87.35","28.0","PENSACOLA SAUFLEY NAS, FL US","11.3","","11.3","4,X","12",",X","8",",X","3",",X","0",",X","0",",X","0","4,X","0","4,X","0",",X","14",",X","0",",X","","","","","","","1.1","4,X,14,","0",",,X,31,+","0",",,X,31,+","34.0",",,X,08,","25.6",",X,31,+","","","92.8",",X","164.3",",,,X","0",",,,X","15.08","4,X","20.11",",,,X","10.04","4,,,X","90",",X","20.0",",X"
"USW00003815","1970-04","30.48333","-87.35","28.0","PENSACOLA SAUFLEY NAS, FL US","121.5","","110.2",",X","6",",X","5",",X","0",",X","0",",X","0",",X","0",",X","0",",X","0",",X","30",",X","0",",X","","","","","","","8.3",",X,04,+","0",",,X,30,+","0",",,X,30,+","16.0",",,X,19,","31.1",",X,29,","","","8.1",",X","48.6",",,,X","0",",,,X","21.74",",X","26.43",",,,X","17.05",",,,X","158","1,X","18.0","1,X"
"USW00003815","1970-05","30.48333","-87.35","28.0","PENSACOLA SAUFLEY NAS, FL US","301.6","","180.1",",X","6",",X","5",",X","3",",X","0",",X","0",",X","0",",X","0",",X","0",",X","30",",X","5",",X","","","","","","","10.6",",X,04,","0",",,X,31,+","0",",,X,31,+","70.6",",,X,31,","35.0",",X,26,","","","2.8",",X","190.0",",,,X","0",",,,X","24.05",",X","29.36",",,,X","18.75",",,,X","158",",X","14.4",",X"
"USW00003815","1970-06","30.48333","-87.35","28.0","PENSACOLA SAUFLEY NAS, FL US","536.4","","234.8",",X","11",",X","8",",X","3",",X","0",",X","0",",X","0",",X","0",",X","0",",X","30",",X","12",",X","","","","","","","15.6",",X,07,","0",",,X,30,+","0",",,X,30,+","157.5",",,X,03,","36.1",",X,20,","","","0.0",",X","290.0",",,,X","0",",,,X","26.16",",X","30.76",",,,X","21.56",",,,X","45",",X","13.9",",X"
"USW00003815","1970-07","30.48333","-87.35","28.0","PENSACOLA SAUFLEY NAS, FL US","829.0","","292.6",",X","4",",X","3",",X","0",",X","0",",X","0",",X","0",",X","0",",X","0",",X","31",",X","20",",X","","","","","","","21.1",",X,18,+","0",",,X,31,+","0",",,X,31,+","16.0",",,X,16,","36.1",",X,03,","0.0","","0.0",",X","30.3",",,,X","0",",,,X","27.77",",X","32.38",",,,X","23.17",",,,X","68",",X","19.0",",X"
"USW00003815","1970-08","30.48333","-87.35","28.0","PENSACOLA SAUFLEY NAS, FL US","1110.4","","281.4",",X","19",",X","16",",X","5",",X","0",",X","0",",X","0",",X","0",",X","0",",X","31",",X","15",",X","","","","","","","20.6",",X,14,","0",",,X,31,+","0",",,X,31,+","55.1",",,X,15,","35.0",",X,07,","0.0","","0.0",",X","302.0",",,,X","0",",,,X","27.41",",X","31.44",",,,X","23.38",",,,X","360",",X","13.4",",X"
"USW00003815","1970-09","30.48333","-87.35","28.0","PENSACOLA SAUFLEY NAS, FL US","","","","","13",",X","8",",X","2",",X","0",",X","0",",X","","","","","0","1,X","29","1,X","17","1,X","","","","","","","","","0",",,X,30,+","0",",,X,30,+","30.0",",,X,07,","36.1","1,X,06,","","","","","117.3",",,,X","0",",,,X","","","32.14","1,,,X","","","135",",X","12.3",",X"
"USW00003815","1970-10","30.48333","-87.35","28.0","PENSACOLA SAUFLEY NAS, FL US","","","116.4",",X","13",",X","10",",X","5",",X","0",",X","0",",X","0",",X","0",",X","0",",X","30",",X","1",",X","","","","","","","12.2",",X,31,","0",",,X,31,+","0",",,X,31,+","121.2",",,X,07,","33.3",",X,03,","","","1.4",",X","327.2",",,,X","0",",,,X","22.04",",X","26.92",",,,X","17.17",",,,X","135",",X","19.5",",X"
